19.08.2016;00:05;0.063
19.08.2016;00:10;0.063
19.08.2016;00:15;0.063
19.08.2016;00:20;0.063
19.08.2016;00:25;0.063
19.08.2016;00:30;0.063
19.08.2016;00:35;0.063
19.08.2016;00:40;0.063
19.08.2016;00:45;0.063
19.08.2016;00:50;0.063
19.08.2016;00:55;0.063
19.08.2016;01:00;0.063
19.08.2016;01:05;0.063
19.08.2016;01:10;0.063
19.08.2016;01:15;0.063
19.08.2016;01:20;0.063
19.08.2016;01:25;0.063
19.08.2016;01:30;0.063
19.08.2016;01:35;0.063
19.08.2016;01:40;0.063
19.08.2016;01:45;0.063
19.08.2016;01:50;0.063
19.08.2016;01:55;0.063
19.08.2016;02:00;0.063
19.08.2016;02:05;0.063
19.08.2016;02:10;0.063
19.08.2016;02:15;0.063
19.08.2016;02:20;0.063
19.08.2016;02:25;0.063
19.08.2016;02:30;0.063
19.08.2016;02:35;0.063
19.08.2016;02:40;0.062
19.08.2016;02:45;0.062
19.08.2016;02:50;0.062
19.08.2016;02:55;0.062
19.08.2016;03:00;0.062
19.08.2016;03:05;0.062
19.08.2016;03:10;0.062
19.08.2016;03:15;0.062
19.08.2016;03:20;0.062
19.08.2016;03:25;0.062
19.08.2016;03:30;0.062
19.08.2016;03:35;0.062
19.08.2016;03:40;0.062
19.08.2016;03:45;0.062
19.08.2016;03:50;0.062
19.08.2016;03:55;0.062
19.08.2016;04:00;0.062
19.08.2016;04:05;0.062
19.08.2016;04:10;0.062
19.08.2016;04:15;0.062
19.08.2016;04:20;0.062
19.08.2016;04:25;0.062
19.08.2016;04:30;0.062
19.08.2016;04:35;0.062
19.08.2016;04:40;0.062
19.08.2016;04:45;0.062
19.08.2016;04:50;0.062
19.08.2016;04:55;0.062
19.08.2016;05:00;0.062
19.08.2016;05:05;0.062
19.08.2016;05:10;0.062
19.08.2016;05:15;0.062
19.08.2016;05:20;0.062
19.08.2016;05:25;0.062
19.08.2016;05:30;0.062
19.08.2016;05:35;0.062
19.08.2016;05:40;0.062
19.08.2016;05:45;0.062
19.08.2016;05:50;0.062
19.08.2016;05:55;0.062
19.08.2016;06:00;0.062
19.08.2016;06:05;0.062
19.08.2016;06:10;0.062
19.08.2016;06:15;0.062
19.08.2016;06:20;0.062
19.08.2016;06:25;0.062
19.08.2016;06:30;0.062
19.08.2016;06:35;0.062
19.08.2016;06:40;0.062
19.08.2016;06:45;0.062
19.08.2016;06:50;0.062
19.08.2016;06:55;0.062
19.08.2016;07:00;0.062
19.08.2016;07:05;0.062
19.08.2016;07:10;0.062
19.08.2016;07:15;0.062
19.08.2016;07:20;0.062
19.08.2016;07:25;0.062
19.08.2016;07:30;0.062
19.08.2016;07:35;0.062
19.08.2016;07:40;0.062
19.08.2016;07:45;0.062
19.08.2016;07:50;0.062
19.08.2016;07:55;0.062
19.08.2016;08:00;0.062
19.08.2016;08:05;0.062
19.08.2016;08:10;0.062
19.08.2016;08:15;0.062
19.08.2016;08:20;0.062
19.08.2016;08:25;0.062
19.08.2016;08:30;0.062
19.08.2016;08:35;0.062
19.08.2016;08:40;0.062
19.08.2016;08:45;0.062
19.08.2016;08:50;0.062
19.08.2016;08:55;0.062
19.08.2016;09:00;0.062
19.08.2016;09:05;0.062
19.08.2016;09:10;0.062
19.08.2016;09:15;0.062
19.08.2016;09:20;0.062
19.08.2016;09:25;0.062
19.08.2016;09:30;0.062
19.08.2016;09:35;0.062
19.08.2016;09:40;0.062
19.08.2016;09:45;0.062
19.08.2016;09:50;0.062
19.08.2016;09:55;0.062
19.08.2016;10:00;0.062
19.08.2016;10:05;0.062
19.08.2016;10:10;0.062
19.08.2016;10:15;0.062
19.08.2016;10:20;0.062
19.08.2016;10:25;0.062
19.08.2016;10:30;0.062
19.08.2016;10:35;0.062
19.08.2016;10:40;0.062
19.08.2016;10:45;0.062
19.08.2016;10:50;0.062
19.08.2016;10:55;0.062
19.08.2016;11:00;0.061
19.08.2016;11:05;0.061
19.08.2016;11:10;0.061
19.08.2016;11:15;0.061
19.08.2016;11:20;0.061
19.08.2016;11:25;0.061
19.08.2016;11:30;0.061
19.08.2016;11:35;0.061
19.08.2016;11:40;0.061
19.08.2016;11:45;0.061
19.08.2016;11:50;0.061
19.08.2016;11:55;0.061
19.08.2016;12:00;0.061
19.08.2016;12:05;0.061
19.08.2016;12:10;0.061
19.08.2016;12:15;0.06
19.08.2016;12:20;0.061
19.08.2016;12:25;0.061
19.08.2016;12:30;0.06
19.08.2016;12:35;0.06
19.08.2016;12:40;0.06
19.08.2016;12:45;0.06
19.08.2016;12:50;0.06
19.08.2016;12:55;0.06
19.08.2016;13:00;0.06
19.08.2016;13:05;0.06
19.08.2016;13:10;0.06
19.08.2016;13:15;0.06
19.08.2016;13:20;0.06
19.08.2016;13:25;0.06
19.08.2016;13:30;0.06
19.08.2016;13:35;0.06
19.08.2016;13:40;0.06
19.08.2016;13:45;0.06
19.08.2016;13:50;0.06
19.08.2016;13:55;0.06
19.08.2016;14:00;0.06
19.08.2016;14:05;0.06
19.08.2016;14:10;0.06
19.08.2016;14:15;0.06
19.08.2016;14:20;0.06
19.08.2016;14:25;0.06
19.08.2016;14:30;0.06
19.08.2016;14:35;0.06
19.08.2016;14:40;0.06
19.08.2016;14:45;0.06
19.08.2016;14:50;0.06
19.08.2016;14:55;0.06
19.08.2016;15:00;0.06
19.08.2016;15:05;0.06
19.08.2016;15:10;0.06
19.08.2016;15:15;0.06
19.08.2016;15:20;0.06
19.08.2016;15:25;0.06
19.08.2016;15:30;0.06
19.08.2016;15:35;0.06
19.08.2016;15:40;0.06
19.08.2016;15:45;0.06
19.08.2016;15:50;0.06
19.08.2016;15:55;0.06
19.08.2016;16:00;0.06
19.08.2016;16:05;0.06
19.08.2016;16:10;0.06
19.08.2016;16:15;0.06
19.08.2016;16:20;0.06
19.08.2016;16:25;0.06
19.08.2016;16:30;0.06
19.08.2016;16:35;0.06
19.08.2016;16:40;0.06
19.08.2016;16:45;0.06
19.08.2016;16:50;0.06
19.08.2016;16:55;0.06
19.08.2016;17:00;0.06
19.08.2016;17:05;0.06
19.08.2016;17:10;0.06
19.08.2016;17:15;0.06
19.08.2016;17:20;0.06
19.08.2016;17:25;0.06
19.08.2016;17:30;0.06
19.08.2016;17:35;0.06
19.08.2016;17:40;0.06
19.08.2016;17:45;0.06
19.08.2016;17:50;0.06
19.08.2016;17:55;0.06
19.08.2016;18:00;0.06
19.08.2016;18:05;0.06
19.08.2016;18:10;0.06
19.08.2016;18:15;0.06
19.08.2016;18:20;0.06
19.08.2016;18:25;0.06
19.08.2016;18:30;0.06
19.08.2016;18:35;0.06
19.08.2016;18:40;0.06
19.08.2016;18:45;0.06
19.08.2016;18:50;0.06
19.08.2016;18:55;0.06
19.08.2016;19:00;0.06
19.08.2016;19:05;0.06
19.08.2016;19:10;0.06
19.08.2016;19:15;0.06
19.08.2016;19:20;0.06
19.08.2016;19:25;0.06
19.08.2016;19:30;0.06
19.08.2016;19:35;0.06
19.08.2016;19:40;0.06
19.08.2016;19:45;0.06
19.08.2016;19:50;0.06
19.08.2016;19:55;0.06
19.08.2016;20:00;0.06
19.08.2016;20:05;0.06
19.08.2016;20:10;0.06
19.08.2016;20:15;0.06
19.08.2016;20:20;0.06
19.08.2016;20:25;0.06
19.08.2016;20:30;0.06
19.08.2016;20:35;0.06
19.08.2016;20:40;0.06
19.08.2016;20:45;0.06
19.08.2016;20:50;0.06
19.08.2016;20:55;0.06
19.08.2016;21:00;0.06
19.08.2016;21:05;0.06
19.08.2016;21:10;0.06
19.08.2016;21:15;0.06
19.08.2016;21:20;0.06
19.08.2016;21:25;0.06
19.08.2016;21:30;0.06
19.08.2016;21:35;0.06
19.08.2016;21:40;0.06
19.08.2016;21:45;0.06
19.08.2016;21:50;0.06
19.08.2016;21:55;0.06
19.08.2016;22:00;0.06
19.08.2016;22:05;0.06
19.08.2016;22:10;0.06
19.08.2016;22:15;0.06
19.08.2016;22:20;0.06
19.08.2016;22:25;0.06
19.08.2016;22:30;0.06
19.08.2016;22:35;0.06
19.08.2016;22:40;0.06
19.08.2016;22:45;0.06
19.08.2016;22:50;0.06
19.08.2016;22:55;0.06
19.08.2016;23:00;0.06
19.08.2016;23:05;0.06
19.08.2016;23:10;0.06
19.08.2016;23:15;0.06
19.08.2016;23:20;0.06
19.08.2016;23:25;0.06
19.08.2016;23:30;0.06
19.08.2016;23:35;0.06
19.08.2016;23:40;0.06
19.08.2016;23:45;0.06
19.08.2016;23:50;0.06
19.08.2016;23:55;0.06
20.08.2016;00:00;0.06
20.08.2016;00:05;0.06
20.08.2016;00:10;0.06
20.08.2016;00:15;0.06
20.08.2016;00:20;0.06
20.08.2016;00:25;0.059
20.08.2016;00:30;0.06
20.08.2016;00:35;0.06
20.08.2016;00:40;0.06
20.08.2016;00:45;0.059
20.08.2016;00:50;0.059
20.08.2016;00:55;0.059
20.08.2016;01:00;0.059
20.08.2016;01:05;0.059
20.08.2016;01:10;0.059
20.08.2016;01:15;0.059
20.08.2016;01:20;0.059
20.08.2016;01:25;0.059
20.08.2016;01:30;0.059
20.08.2016;01:35;0.059
20.08.2016;01:40;0.06
20.08.2016;01:45;0.06
20.08.2016;01:50;0.059
20.08.2016;01:55;0.059
20.08.2016;02:00;0.059
20.08.2016;02:05;0.06
20.08.2016;02:10;0.059
20.08.2016;02:15;0.059
20.08.2016;02:20;0.059
20.08.2016;02:25;0.059
20.08.2016;02:30;0.059
20.08.2016;02:35;0.059
20.08.2016;02:40;0.059
20.08.2016;02:45;0.059
20.08.2016;02:50;0.059
20.08.2016;02:55;0.059
20.08.2016;03:00;0.059
20.08.2016;03:05;0.059
20.08.2016;03:10;0.059
20.08.2016;03:15;0.059
20.08.2016;03:20;0.059
20.08.2016;03:25;0.059
20.08.2016;03:30;0.059
20.08.2016;03:35;0.059
20.08.2016;03:40;0.059
20.08.2016;03:45;0.059
20.08.2016;03:50;0.059
20.08.2016;03:55;0.059
20.08.2016;04:00;0.059
20.08.2016;04:05;0.059
20.08.2016;04:10;0.059
20.08.2016;04:15;0.059
20.08.2016;04:20;0.059
20.08.2016;04:25;0.059
20.08.2016;04:30;0.059
20.08.2016;04:35;0.059
20.08.2016;04:40;0.059
20.08.2016;04:45;0.059
20.08.2016;04:50;0.059
20.08.2016;04:55;0.059
20.08.2016;05:00;0.059
20.08.2016;05:05;0.059
20.08.2016;05:10;0.059
20.08.2016;05:15;0.059
20.08.2016;05:20;0.059
20.08.2016;05:25;0.059
20.08.2016;05:30;0.059
20.08.2016;05:35;0.059
20.08.2016;05:40;0.059
20.08.2016;05:45;0.059
20.08.2016;05:50;0.059
20.08.2016;05:55;0.059
20.08.2016;06:00;0.059
20.08.2016;06:05;0.059
20.08.2016;06:10;0.059
20.08.2016;06:15;0.059
20.08.2016;06:20;0.059
20.08.2016;06:25;0.059
20.08.2016;06:30;0.059
20.08.2016;06:35;0.059
20.08.2016;06:40;0.059
20.08.2016;06:45;0.06
20.08.2016;06:50;0.06
20.08.2016;06:55;0.06
20.08.2016;07:00;0.06
20.08.2016;07:05;0.06
20.08.2016;07:10;0.06
20.08.2016;07:15;0.06
20.08.2016;07:20;0.06
20.08.2016;07:25;0.06
20.08.2016;07:30;0.06
20.08.2016;07:35;0.06
20.08.2016;07:40;0.06
20.08.2016;07:45;0.06
20.08.2016;07:50;0.06
20.08.2016;07:55;0.06
20.08.2016;08:00;0.06
20.08.2016;08:05;0.06
20.08.2016;08:10;0.06
20.08.2016;08:15;0.06
20.08.2016;08:20;0.06
20.08.2016;08:25;0.06
20.08.2016;08:30;0.06
20.08.2016;08:35;0.06
20.08.2016;08:40;0.06
20.08.2016;08:45;0.06
20.08.2016;08:50;0.06
20.08.2016;08:55;0.06
20.08.2016;09:00;0.06
20.08.2016;09:05;0.06
20.08.2016;09:10;0.06
20.08.2016;09:15;0.06
20.08.2016;09:20;0.06
20.08.2016;09:25;0.06
20.08.2016;09:30;0.06
20.08.2016;09:35;0.06
20.08.2016;09:40;0.06
20.08.2016;09:45;0.06
20.08.2016;09:50;0.06
20.08.2016;09:55;0.06
20.08.2016;10:00;0.06
20.08.2016;10:05;0.06
20.08.2016;10:10;0.06
20.08.2016;10:15;0.06
20.08.2016;10:20;0.06
20.08.2016;10:25;0.06
20.08.2016;10:30;0.06
20.08.2016;10:35;0.06
20.08.2016;10:40;0.06
20.08.2016;10:45;0.06
20.08.2016;10:50;0.06
20.08.2016;10:55;0.06
20.08.2016;11:00;0.06
20.08.2016;11:05;0.06
20.08.2016;11:10;0.06
20.08.2016;11:15;0.06
20.08.2016;11:20;0.06
20.08.2016;11:25;0.06
20.08.2016;11:30;0.06
20.08.2016;11:35;0.06
20.08.2016;11:40;0.06
20.08.2016;11:45;0.06
20.08.2016;11:50;0.06
20.08.2016;11:55;0.06
20.08.2016;12:00;0.06
20.08.2016;12:05;0.06
20.08.2016;12:10;0.06
20.08.2016;12:15;0.06
20.08.2016;12:20;0.06
20.08.2016;12:25;0.06
20.08.2016;12:30;0.06
20.08.2016;12:35;0.06
20.08.2016;12:40;0.06
20.08.2016;12:45;0.06
20.08.2016;12:50;0.06
20.08.2016;12:55;0.06
20.08.2016;13:00;0.06
20.08.2016;13:05;0.06
20.08.2016;13:10;0.06
20.08.2016;13:15;0.06
20.08.2016;13:20;0.06
20.08.2016;13:25;0.06
20.08.2016;13:30;0.06
20.08.2016;13:35;0.061
20.08.2016;13:40;0.062
20.08.2016;13:45;0.062
20.08.2016;13:50;0.064
20.08.2016;13:55;0.063
20.08.2016;14:00;0.063
20.08.2016;14:05;0.063
20.08.2016;14:10;0.063
20.08.2016;14:15;0.063
20.08.2016;14:20;0.063
20.08.2016;14:25;0.063
20.08.2016;14:30;0.063
20.08.2016;14:35;0.063
20.08.2016;14:40;0.063
20.08.2016;14:45;0.063
20.08.2016;14:50;0.063
20.08.2016;14:55;0.063
20.08.2016;15:00;0.063
20.08.2016;15:05;0.063
20.08.2016;15:10;0.063
20.08.2016;15:15;0.063
20.08.2016;15:20;0.063
20.08.2016;15:25;0.063
20.08.2016;15:30;0.063
20.08.2016;15:35;0.063
20.08.2016;15:40;0.063
20.08.2016;15:45;0.063
20.08.2016;15:50;0.063
20.08.2016;15:55;0.063
20.08.2016;16:00;0.063
20.08.2016;16:05;0.063
20.08.2016;16:10;0.064
20.08.2016;16:15;0.063
20.08.2016;16:20;0.064
20.08.2016;16:25;0.063
20.08.2016;16:30;0.063
20.08.2016;16:35;0.064
20.08.2016;16:40;0.064
20.08.2016;16:45;0.063
20.08.2016;16:50;0.063
20.08.2016;16:55;0.063
20.08.2016;17:00;0.063
20.08.2016;17:05;0.063
20.08.2016;17:10;0.063
20.08.2016;17:15;0.063
20.08.2016;17:20;0.063
20.08.2016;17:25;0.063
20.08.2016;17:30;0.063
20.08.2016;17:35;0.063
20.08.2016;17:40;0.063
20.08.2016;17:45;0.063
20.08.2016;17:50;0.063
20.08.2016;17:55;0.063
20.08.2016;18:00;0.063
20.08.2016;18:05;0.063
20.08.2016;18:10;0.063
20.08.2016;18:15;0.063
20.08.2016;18:20;0.063
20.08.2016;18:25;0.063
20.08.2016;18:30;0.063
20.08.2016;18:35;0.063
20.08.2016;18:40;0.063
20.08.2016;18:45;0.063
20.08.2016;18:50;0.062
20.08.2016;18:55;0.062
20.08.2016;19:00;0.062
20.08.2016;19:05;0.061
20.08.2016;19:10;0.061
20.08.2016;19:15;0.061
20.08.2016;19:20;0.06
20.08.2016;19:25;0.06
20.08.2016;19:30;0.06
20.08.2016;19:35;0.06
20.08.2016;19:40;0.06
20.08.2016;19:45;0.06
20.08.2016;19:50;0.06
20.08.2016;19:55;0.06
20.08.2016;20:00;0.06
20.08.2016;20:05;0.06
20.08.2016;20:10;0.06
20.08.2016;20:15;0.06
20.08.2016;20:20;0.06
20.08.2016;20:25;0.06
20.08.2016;20:30;0.06
20.08.2016;20:35;0.06
20.08.2016;20:40;0.06
20.08.2016;20:45;0.06
20.08.2016;20:50;0.06
20.08.2016;20:55;0.06
20.08.2016;21:00;0.06
20.08.2016;21:05;0.06
20.08.2016;21:10;0.06
20.08.2016;21:15;0.06
20.08.2016;21:20;0.06
20.08.2016;21:25;0.06
20.08.2016;21:30;0.06
20.08.2016;21:35;0.06
20.08.2016;21:40;0.06
20.08.2016;21:45;0.06
20.08.2016;21:50;0.06
20.08.2016;21:55;0.06
20.08.2016;22:00;0.06
20.08.2016;22:05;0.059
20.08.2016;22:10;0.059
20.08.2016;22:15;0.059
20.08.2016;22:20;0.059
20.08.2016;22:25;0.059
20.08.2016;22:30;0.059
20.08.2016;22:35;0.059
20.08.2016;22:40;0.059
20.08.2016;22:45;0.059
20.08.2016;22:50;0.059
20.08.2016;22:55;0.059
20.08.2016;23:00;0.058
20.08.2016;23:05;0.058
20.08.2016;23:10;0.058
20.08.2016;23:15;0.058
20.08.2016;23:20;0.058
20.08.2016;23:25;0.058
20.08.2016;23:30;0.058
20.08.2016;23:35;0.058
20.08.2016;23:40;0.058
20.08.2016;23:45;0.058
20.08.2016;23:50;0.058
20.08.2016;23:55;0.057
21.08.2016;00:00;0.057
21.08.2016;00:05;0.057
21.08.2016;00:10;0.057
21.08.2016;00:15;0.057
21.08.2016;00:20;0.057
21.08.2016;00:25;0.057
21.08.2016;00:30;0.057
21.08.2016;00:35;0.057
21.08.2016;00:40;0.056
21.08.2016;00:45;0.056
21.08.2016;00:50;0.056
21.08.2016;00:55;0.056
21.08.2016;01:00;0.056
21.08.2016;01:05;0.056
21.08.2016;01:10;0.056
21.08.2016;01:15;0.056
21.08.2016;01:20;0.056
21.08.2016;01:25;0.056
21.08.2016;01:30;0.056
21.08.2016;01:35;0.056
21.08.2016;01:40;0.056
21.08.2016;01:45;0.055
21.08.2016;01:50;0.055
21.08.2016;01:55;0.055
21.08.2016;02:00;0.055
21.08.2016;02:05;0.055
21.08.2016;02:10;0.055
21.08.2016;02:15;0.055
21.08.2016;02:20;0.055
21.08.2016;02:25;0.055
21.08.2016;02:30;0.055
21.08.2016;02:35;0.055
21.08.2016;02:40;0.055
21.08.2016;02:45;0.055
21.08.2016;02:50;0.055
21.08.2016;02:55;0.055
21.08.2016;03:00;0.055
21.08.2016;03:05;0.055
21.08.2016;03:10;0.055
21.08.2016;03:15;0.055
21.08.2016;03:20;0.055
21.08.2016;03:25;0.055
21.08.2016;03:30;0.055
21.08.2016;03:35;0.055
21.08.2016;03:40;0.055
21.08.2016;03:45;0.055
21.08.2016;03:50;0.055
21.08.2016;03:55;0.055
21.08.2016;04:00;0.054
21.08.2016;04:05;0.055
21.08.2016;04:10;0.055
21.08.2016;04:15;0.055
21.08.2016;04:20;0.055
21.08.2016;04:25;0.055
21.08.2016;04:30;0.055
21.08.2016;04:35;0.055
21.08.2016;04:40;0.055
21.08.2016;04:45;0.055
21.08.2016;04:50;0.055
21.08.2016;04:55;0.055
21.08.2016;05:00;0.055
21.08.2016;05:05;0.055
21.08.2016;05:10;0.055
21.08.2016;05:15;0.055
21.08.2016;05:20;0.055
21.08.2016;05:25;0.055
21.08.2016;05:30;0.055
21.08.2016;05:35;0.055
21.08.2016;05:40;0.055
21.08.2016;05:45;0.055
21.08.2016;05:50;0.055
21.08.2016;05:55;0.055
21.08.2016;06:00;0.055
21.08.2016;06:05;0.055
21.08.2016;06:10;0.055
21.08.2016;06:15;0.055
21.08.2016;06:20;0.055
21.08.2016;06:25;0.055
21.08.2016;06:30;0.055
21.08.2016;06:35;0.055
21.08.2016;06:40;0.055
21.08.2016;06:45;0.055
21.08.2016;06:50;0.055
21.08.2016;06:55;0.055
21.08.2016;07:00;0.055
21.08.2016;07:05;0.055
21.08.2016;07:10;0.055
21.08.2016;07:15;0.055
21.08.2016;07:20;0.054
21.08.2016;07:25;0.054
21.08.2016;07:30;0.054
21.08.2016;07:35;0.054
21.08.2016;07:40;0.054
21.08.2016;07:45;0.054
21.08.2016;07:50;0.054
21.08.2016;07:55;0.054
21.08.2016;08:00;0.054
21.08.2016;08:05;0.054
21.08.2016;08:10;0.054
21.08.2016;08:15;0.054
21.08.2016;08:20;0.054
21.08.2016;08:25;0.054
21.08.2016;08:30;0.054
21.08.2016;08:35;0.054
21.08.2016;08:40;0.054
21.08.2016;08:45;0.054
21.08.2016;08:50;0.054
21.08.2016;08:55;0.054
21.08.2016;09:00;0.054
21.08.2016;09:05;0.054
21.08.2016;09:10;0.054
21.08.2016;09:15;0.054
21.08.2016;09:20;0.054
21.08.2016;09:25;0.054
21.08.2016;09:30;0.054
21.08.2016;09:35;0.054
21.08.2016;09:40;0.054
21.08.2016;09:45;0.054
21.08.2016;09:50;0.054
21.08.2016;09:55;0.054
21.08.2016;10:00;0.054
21.08.2016;10:05;0.054
21.08.2016;10:10;0.054
21.08.2016;10:15;0.054
21.08.2016;10:20;0.054
21.08.2016;10:25;0.054
21.08.2016;10:30;0.054
21.08.2016;10:35;0.054
21.08.2016;10:40;0.054
21.08.2016;10:45;0.054
21.08.2016;10:50;0.054
21.08.2016;10:55;0.054
21.08.2016;11:00;0.054
21.08.2016;11:05;0.054
21.08.2016;11:10;0.054
21.08.2016;11:15;0.054
21.08.2016;11:20;0.054
21.08.2016;11:25;0.054
21.08.2016;11:30;0.054
21.08.2016;11:35;0.054
21.08.2016;11:40;0.054
21.08.2016;11:45;0.054
21.08.2016;11:50;0.054
21.08.2016;11:55;0.054
21.08.2016;12:00;0.054
21.08.2016;12:05;0.054
21.08.2016;12:10;0.054
21.08.2016;12:15;0.054
21.08.2016;12:20;0.054
21.08.2016;12:25;0.054
21.08.2016;12:30;0.054
21.08.2016;12:35;0.054
21.08.2016;12:40;0.054
21.08.2016;12:45;0.054
21.08.2016;12:50;0.054
21.08.2016;12:55;0.054
21.08.2016;13:00;0.054
21.08.2016;13:05;0.054
21.08.2016;13:10;0.054
21.08.2016;13:15;0.054
21.08.2016;13:20;0.054
21.08.2016;13:25;0.054
21.08.2016;13:30;0.054
21.08.2016;13:35;0.054
21.08.2016;13:40;0.054
21.08.2016;13:45;0.054
21.08.2016;13:50;0.054
21.08.2016;13:55;0.054
21.08.2016;14:00;0.054
21.08.2016;14:05;0.054
21.08.2016;14:10;0.054
21.08.2016;14:15;0.054
21.08.2016;14:20;0.054
21.08.2016;14:25;0.054
21.08.2016;14:30;0.054
21.08.2016;14:35;0.054
21.08.2016;14:40;0.054
21.08.2016;14:45;0.054
21.08.2016;14:50;0.054
21.08.2016;14:55;0.054
21.08.2016;15:00;0.054
21.08.2016;15:05;0.054
21.08.2016;15:10;0.054
21.08.2016;15:15;0.054
21.08.2016;15:20;0.054
21.08.2016;15:25;0.054
21.08.2016;15:30;0.054
21.08.2016;15:35;0.054
21.08.2016;15:40;0.054
21.08.2016;15:45;0.054
21.08.2016;15:50;0.054
21.08.2016;15:55;0.055
21.08.2016;16:00;0.055
21.08.2016;16:05;0.055
21.08.2016;16:10;0.055
21.08.2016;16:15;0.055
21.08.2016;16:20;0.055
21.08.2016;16:25;0.055
21.08.2016;16:30;0.055
21.08.2016;16:35;0.055
21.08.2016;16:40;0.055
21.08.2016;16:45;0.055
21.08.2016;16:50;0.055
21.08.2016;16:55;0.055
21.08.2016;17:00;0.055
21.08.2016;17:05;0.055
21.08.2016;17:10;0.055
21.08.2016;17:15;0.055
21.08.2016;17:20;0.055
21.08.2016;17:25;0.055
21.08.2016;17:30;0.055
21.08.2016;17:35;0.055
21.08.2016;17:40;0.055
21.08.2016;17:45;0.055
21.08.2016;17:50;0.055
21.08.2016;17:55;0.055
21.08.2016;18:00;0.055
21.08.2016;18:05;0.055
21.08.2016;18:10;0.055
21.08.2016;18:15;0.055
21.08.2016;18:20;0.055
21.08.2016;18:25;0.055
21.08.2016;18:30;0.055
21.08.2016;18:35;0.055
21.08.2016;18:40;0.055
21.08.2016;18:45;0.055
21.08.2016;18:50;0.055
21.08.2016;18:55;0.055
21.08.2016;19:00;0.055
21.08.2016;19:05;0.055
21.08.2016;19:10;0.055
21.08.2016;19:15;0.055
21.08.2016;19:20;0.055
21.08.2016;19:25;0.055
21.08.2016;19:30;0.055
21.08.2016;19:35;0.055
21.08.2016;19:40;0.055
21.08.2016;19:45;0.055
21.08.2016;19:50;0.055
21.08.2016;19:55;0.055
21.08.2016;20:00;0.055
21.08.2016;20:05;0.055
21.08.2016;20:10;0.055
21.08.2016;20:15;0.055
21.08.2016;20:20;0.055
21.08.2016;20:25;0.055
21.08.2016;20:30;0.055
21.08.2016;20:35;0.055
21.08.2016;20:40;0.055
21.08.2016;20:45;0.055
21.08.2016;20:50;0.055
21.08.2016;20:55;0.055
21.08.2016;21:00;0.055
21.08.2016;21:05;0.055
21.08.2016;21:10;0.055
21.08.2016;21:15;0.055
21.08.2016;21:20;0.055
21.08.2016;21:25;0.055
21.08.2016;21:30;0.055
21.08.2016;21:35;0.055
21.08.2016;21:40;0.056
21.08.2016;21:45;0.056
21.08.2016;21:50;0.055
21.08.2016;21:55;0.055
21.08.2016;22:00;0.055
21.08.2016;22:05;0.056
21.08.2016;22:10;0.056
21.08.2016;22:15;0.056
21.08.2016;22:20;0.056
21.08.2016;22:25;0.056
21.08.2016;22:30;0.056
21.08.2016;22:35;0.056
21.08.2016;22:40;0.056
21.08.2016;22:45;0.056
21.08.2016;22:50;0.056
21.08.2016;22:55;0.056
21.08.2016;23:00;0.056
21.08.2016;23:05;0.056
21.08.2016;23:10;0.056
21.08.2016;23:15;0.056
21.08.2016;23:20;0.056
21.08.2016;23:25;0.056
21.08.2016;23:30;0.056
21.08.2016;23:35;0.056
21.08.2016;23:40;0.056
21.08.2016;23:45;0.056
21.08.2016;23:50;0.056
21.08.2016;23:55;0.056
22.08.2016;00:00;0.056
22.08.2016;00:05;0.056
22.08.2016;00:10;0.056
22.08.2016;00:15;0.056
22.08.2016;00:20;0.056
22.08.2016;00:25;0.056
22.08.2016;00:30;0.056
22.08.2016;00:35;0.056
22.08.2016;00:40;0.056
22.08.2016;00:45;0.056
22.08.2016;00:50;0.056
22.08.2016;00:55;0.056
22.08.2016;01:00;0.056
22.08.2016;01:05;0.056
22.08.2016;01:10;0.056
22.08.2016;01:15;0.056
22.08.2016;01:20;0.056
22.08.2016;01:25;0.056
22.08.2016;01:30;0.056
22.08.2016;01:35;0.056
22.08.2016;01:40;0.056
22.08.2016;01:45;0.056
22.08.2016;01:50;0.056
22.08.2016;01:55;0.056
22.08.2016;02:00;0.056
22.08.2016;02:05;0.056
22.08.2016;02:10;0.056
22.08.2016;02:15;0.056
22.08.2016;02:20;0.056
22.08.2016;02:25;0.056
22.08.2016;02:30;0.056
22.08.2016;02:35;0.056
22.08.2016;02:40;0.056
22.08.2016;02:45;0.056
22.08.2016;02:50;0.056
22.08.2016;02:55;0.056
22.08.2016;03:00;0.056
22.08.2016;03:05;0.056
22.08.2016;03:10;0.056
22.08.2016;03:15;0.056
22.08.2016;03:20;0.056
22.08.2016;03:25;0.056
22.08.2016;03:30;0.056
22.08.2016;03:35;0.056
22.08.2016;03:40;0.056
22.08.2016;03:45;0.056
22.08.2016;03:50;0.056
22.08.2016;03:55;0.056
22.08.2016;04:00;0.056
22.08.2016;04:05;0.056
22.08.2016;04:10;0.056
22.08.2016;04:15;0.056
22.08.2016;04:20;0.056
22.08.2016;04:25;0.056
22.08.2016;04:30;0.056
22.08.2016;04:35;0.056
22.08.2016;04:40;0.056
22.08.2016;04:45;0.056
22.08.2016;04:50;0.056
22.08.2016;04:55;0.056
22.08.2016;05:00;0.056
22.08.2016;05:05;0.056
22.08.2016;05:10;0.056
22.08.2016;05:15;0.056
22.08.2016;05:20;0.056
22.08.2016;05:25;0.056
22.08.2016;05:30;0.056
22.08.2016;05:35;0.056
22.08.2016;05:40;0.056
22.08.2016;05:45;0.056
22.08.2016;05:50;0.056
22.08.2016;05:55;0.056
22.08.2016;06:00;0.056
22.08.2016;06:05;0.056
22.08.2016;06:10;0.056
22.08.2016;06:15;0.056
22.08.2016;06:20;0.056
22.08.2016;06:25;0.056
22.08.2016;06:30;0.056
22.08.2016;06:35;0.056
22.08.2016;06:40;0.056
22.08.2016;06:45;0.056
22.08.2016;06:50;0.056
22.08.2016;06:55;0.056
22.08.2016;07:00;0.056
22.08.2016;07:05;0.056
22.08.2016;07:10;0.056
22.08.2016;07:15;0.056
22.08.2016;07:20;0.056
22.08.2016;07:25;0.056
22.08.2016;07:30;0.056
22.08.2016;07:35;0.056
22.08.2016;07:40;0.056
22.08.2016;07:45;0.056
22.08.2016;07:50;0.056
22.08.2016;07:55;0.056
22.08.2016;08:00;0.056
22.08.2016;08:05;0.056
22.08.2016;08:10;0.056
22.08.2016;08:15;0.056
22.08.2016;08:20;0.056
22.08.2016;08:25;0.056
22.08.2016;08:30;0.056
22.08.2016;08:35;0.056
22.08.2016;08:40;0.056
22.08.2016;08:45;0.056
22.08.2016;08:50;0.056
22.08.2016;08:55;0.056
22.08.2016;09:00;0.056
22.08.2016;09:05;0.056
22.08.2016;09:10;0.056
22.08.2016;09:15;0.056
22.08.2016;09:20;0.056
22.08.2016;09:25;0.056
22.08.2016;09:30;0.056
22.08.2016;09:35;0.056
22.08.2016;09:40;0.056
22.08.2016;09:45;0.056
22.08.2016;09:50;0.056
22.08.2016;09:55;0.056
22.08.2016;10:00;0.056
22.08.2016;10:05;0.056
22.08.2016;10:10;0.056
22.08.2016;10:15;0.056
22.08.2016;10:20;0.056
22.08.2016;10:25;0.056
22.08.2016;10:30;0.056
22.08.2016;10:35;0.056
22.08.2016;10:40;0.056
22.08.2016;10:45;0.056
22.08.2016;10:50;0.056
22.08.2016;10:55;0.056
22.08.2016;11:00;0.056
22.08.2016;11:05;0.056
22.08.2016;11:10;0.056
22.08.2016;11:15;0.056
22.08.2016;11:20;0.056
22.08.2016;11:25;0.056
22.08.2016;11:30;0.056
22.08.2016;11:35;0.056
22.08.2016;11:40;0.056
22.08.2016;11:45;0.056
22.08.2016;11:50;0.056
22.08.2016;11:55;0.056
22.08.2016;12:00;0.056
22.08.2016;12:05;0.056
22.08.2016;12:10;0.056
22.08.2016;12:15;0.056
22.08.2016;12:20;0.056
22.08.2016;12:25;0.056
22.08.2016;12:30;0.056
22.08.2016;12:35;0.056
22.08.2016;12:40;0.056
22.08.2016;12:45;0.056
22.08.2016;12:50;0.056
22.08.2016;12:55;0.056
22.08.2016;13:00;0.056
22.08.2016;13:05;0.056
22.08.2016;13:10;0.056
22.08.2016;13:15;0.056
22.08.2016;13:20;0.056
22.08.2016;13:25;0.056
22.08.2016;13:30;0.056
22.08.2016;13:35;0.056
22.08.2016;13:40;0.056
22.08.2016;13:45;0.056
22.08.2016;13:50;0.056
22.08.2016;13:55;0.056
22.08.2016;14:00;0.056
22.08.2016;14:05;0.056
22.08.2016;14:10;0.056
22.08.2016;14:15;0.056
22.08.2016;14:20;0.056
22.08.2016;14:25;0.056
22.08.2016;14:30;0.056
22.08.2016;14:35;0.056
22.08.2016;14:40;0.056
22.08.2016;14:45;0.056
22.08.2016;14:50;0.056
22.08.2016;14:55;0.056
22.08.2016;15:00;0.056
22.08.2016;15:05;0.056
22.08.2016;15:10;0.056
22.08.2016;15:15;0.056
22.08.2016;15:20;0.056
22.08.2016;15:25;0.056
22.08.2016;15:30;0.056
22.08.2016;15:35;0.056
22.08.2016;15:40;0.056
22.08.2016;15:45;0.056
22.08.2016;15:50;0.056
22.08.2016;15:55;0.056
22.08.2016;16:00;0.056
22.08.2016;16:05;0.056
22.08.2016;16:10;0.056
22.08.2016;16:15;0.056
22.08.2016;16:20;0.056
22.08.2016;16:25;0.056
22.08.2016;16:30;0.056
22.08.2016;16:35;0.056
22.08.2016;16:40;0.056
22.08.2016;16:45;0.056
22.08.2016;16:50;0.056
22.08.2016;16:55;0.056
22.08.2016;17:00;0.056
22.08.2016;17:05;0.056
22.08.2016;17:10;0.056
22.08.2016;17:15;0.056
22.08.2016;17:20;0.056
22.08.2016;17:25;0.056
22.08.2016;17:30;0.056
22.08.2016;17:35;0.056
22.08.2016;17:40;0.056
22.08.2016;17:45;0.056
22.08.2016;17:50;0.056
22.08.2016;17:55;0.057
22.08.2016;18:00;0.056
22.08.2016;18:05;0.057
22.08.2016;18:10;0.057
22.08.2016;18:15;0.057
22.08.2016;18:20;0.057
22.08.2016;18:25;0.057
22.08.2016;18:30;0.057
22.08.2016;18:35;0.057
22.08.2016;18:40;0.057
22.08.2016;18:45;0.057
22.08.2016;18:50;0.057
22.08.2016;18:55;0.057
22.08.2016;19:00;0.057
22.08.2016;19:05;0.057
22.08.2016;19:10;0.057
22.08.2016;19:15;0.057
22.08.2016;19:20;0.057
22.08.2016;19:25;0.057
22.08.2016;19:30;0.057
22.08.2016;19:35;0.057
22.08.2016;19:40;0.057
22.08.2016;19:45;0.057
22.08.2016;19:50;0.057
22.08.2016;19:55;0.057
22.08.2016;20:00;0.057
22.08.2016;20:05;0.057
22.08.2016;20:10;0.057
22.08.2016;20:15;0.057
22.08.2016;20:20;0.057
22.08.2016;20:25;0.057
22.08.2016;20:30;0.057
22.08.2016;20:35;0.057
22.08.2016;20:40;0.057
22.08.2016;20:45;0.057
22.08.2016;20:50;0.057
22.08.2016;20:55;0.057
22.08.2016;21:00;0.057
22.08.2016;21:05;0.057
22.08.2016;21:10;0.057
22.08.2016;21:15;0.057
22.08.2016;21:20;0.057
22.08.2016;21:25;0.057
22.08.2016;21:30;0.057
22.08.2016;21:35;0.057
22.08.2016;21:40;0.057
22.08.2016;21:45;0.057
22.08.2016;21:50;0.057
22.08.2016;21:55;0.057
22.08.2016;22:00;0.057
22.08.2016;22:05;0.057
22.08.2016;22:10;0.057
22.08.2016;22:15;0.057
22.08.2016;22:20;0.057
22.08.2016;22:25;0.057
22.08.2016;22:30;0.057
22.08.2016;22:35;0.057
22.08.2016;22:40;0.057
22.08.2016;22:45;0.057
22.08.2016;22:50;0.057
22.08.2016;22:55;0.057
22.08.2016;23:00;0.057
22.08.2016;23:05;0.057
22.08.2016;23:10;0.057
22.08.2016;23:15;0.057
22.08.2016;23:20;0.057
22.08.2016;23:25;0.057
22.08.2016;23:30;0.057
22.08.2016;23:35;0.057
22.08.2016;23:40;0.057
22.08.2016;23:45;0.057
22.08.2016;23:50;0.057
22.08.2016;23:55;0.057
23.08.2016;00:00;0.057
23.08.2016;00:05;0.057
23.08.2016;00:10;0.057
23.08.2016;00:15;0.057
23.08.2016;00:20;0.057
23.08.2016;00:25;0.057
23.08.2016;00:30;0.057
23.08.2016;00:35;0.057
23.08.2016;00:40;0.057
23.08.2016;00:45;0.057
23.08.2016;00:50;0.057
23.08.2016;00:55;0.057
23.08.2016;01:00;0.057
23.08.2016;01:05;0.057
23.08.2016;01:10;0.057
23.08.2016;01:15;0.057
23.08.2016;01:20;0.057
23.08.2016;01:25;0.057
23.08.2016;01:30;0.057
23.08.2016;01:35;0.057
23.08.2016;01:40;0.057
23.08.2016;01:45;0.057
23.08.2016;01:50;0.057
23.08.2016;01:55;0.057
23.08.2016;02:00;0.057
23.08.2016;02:05;0.057
23.08.2016;02:10;0.057
23.08.2016;02:15;0.057
23.08.2016;02:20;0.057
23.08.2016;02:25;0.057
23.08.2016;02:30;0.057
23.08.2016;02:35;0.057
23.08.2016;02:40;0.057
23.08.2016;02:45;0.057
23.08.2016;02:50;0.057
23.08.2016;02:55;0.057
23.08.2016;03:00;0.057
23.08.2016;03:05;0.057
23.08.2016;03:10;0.057
23.08.2016;03:15;0.057
23.08.2016;03:20;0.057
23.08.2016;03:25;0.057
23.08.2016;03:30;0.057
23.08.2016;03:35;0.057
23.08.2016;03:40;0.057
23.08.2016;03:45;0.057
23.08.2016;03:50;0.057
23.08.2016;03:55;0.057
23.08.2016;04:00;0.057
23.08.2016;04:05;0.057
23.08.2016;04:10;0.057
23.08.2016;04:15;0.057
23.08.2016;04:20;0.057
23.08.2016;04:25;0.057
23.08.2016;04:30;0.057
23.08.2016;04:35;0.057
23.08.2016;04:40;0.057
23.08.2016;04:45;0.057
23.08.2016;04:50;0.057
23.08.2016;04:55;0.057
23.08.2016;05:00;0.057
23.08.2016;05:05;0.057
23.08.2016;05:10;0.058
23.08.2016;05:15;0.057
23.08.2016;05:20;0.058
23.08.2016;05:25;0.058
23.08.2016;05:30;0.058
23.08.2016;05:35;0.058
23.08.2016;05:40;0.057
23.08.2016;05:45;0.058
23.08.2016;05:50;0.058
23.08.2016;05:55;0.058
23.08.2016;06:00;0.058
23.08.2016;06:05;0.058
23.08.2016;06:10;0.058
23.08.2016;06:15;0.058
23.08.2016;06:20;0.058
23.08.2016;06:25;0.058
23.08.2016;06:30;0.058
23.08.2016;06:35;0.058
23.08.2016;06:40;0.058
23.08.2016;06:45;0.058
23.08.2016;06:50;0.058
23.08.2016;06:55;0.058
23.08.2016;07:00;0.058
23.08.2016;07:05;0.058
23.08.2016;07:10;0.058
23.08.2016;07:15;0.058
23.08.2016;07:20;0.058
23.08.2016;07:25;0.058
23.08.2016;07:30;0.058
23.08.2016;07:35;0.058
23.08.2016;07:40;0.058
23.08.2016;07:45;0.058
23.08.2016;07:50;0.058
23.08.2016;07:55;0.058
23.08.2016;08:00;0.058
23.08.2016;08:05;0.058
23.08.2016;08:10;0.058
23.08.2016;08:15;0.058
23.08.2016;08:20;0.058
23.08.2016;08:25;0.058
23.08.2016;08:30;0.058
23.08.2016;08:35;0.058
23.08.2016;08:40;0.058
23.08.2016;08:45;0.058
23.08.2016;08:50;0.058
23.08.2016;08:55;0.058
23.08.2016;09:00;0.058
23.08.2016;09:05;0.058
23.08.2016;09:10;0.058
23.08.2016;09:15;0.058
23.08.2016;09:20;0.058
23.08.2016;09:25;0.058
23.08.2016;09:30;0.058
23.08.2016;09:35;0.058
23.08.2016;09:40;0.058
23.08.2016;09:45;0.058
23.08.2016;09:50;0.058
23.08.2016;09:55;0.058
23.08.2016;10:00;0.058
23.08.2016;10:05;0.058
23.08.2016;10:10;0.058
23.08.2016;10:15;0.058
23.08.2016;10:20;0.058
23.08.2016;10:25;0.058
23.08.2016;10:30;0.058
23.08.2016;10:35;0.058
23.08.2016;10:40;0.058
23.08.2016;10:45;0.058
23.08.2016;10:50;0.058
23.08.2016;10:55;0.058
23.08.2016;11:00;0.058
23.08.2016;11:05;0.058
23.08.2016;11:10;0.058
23.08.2016;11:15;0.058
23.08.2016;11:20;0.058
23.08.2016;11:25;0.058
23.08.2016;11:30;0.058
23.08.2016;11:35;0.058
23.08.2016;11:40;0.058
23.08.2016;11:45;0.058
23.08.2016;11:50;0.058
23.08.2016;11:55;0.058
23.08.2016;12:00;0.058
23.08.2016;12:05;0.058
23.08.2016;12:10;0.058
23.08.2016;12:15;0.058
23.08.2016;12:20;0.058
23.08.2016;12:25;0.058
23.08.2016;12:30;0.058
23.08.2016;12:35;0.058
23.08.2016;12:40;0.058
23.08.2016;12:45;0.058
23.08.2016;12:50;0.058
23.08.2016;12:55;0.058
23.08.2016;13:00;0.058
23.08.2016;13:05;0.058
23.08.2016;13:10;0.058
23.08.2016;13:15;0.058
23.08.2016;13:20;0.058
23.08.2016;13:25;0.058
23.08.2016;13:30;0.058
23.08.2016;13:35;0.058
23.08.2016;13:40;0.058
23.08.2016;13:45;0.058
23.08.2016;13:50;0.058
23.08.2016;13:55;0.058
23.08.2016;14:00;0.058
23.08.2016;14:05;0.058
23.08.2016;14:10;0.058
23.08.2016;14:15;0.058
23.08.2016;14:20;0.058
23.08.2016;14:25;0.058
23.08.2016;14:30;0.058
23.08.2016;14:35;0.058
23.08.2016;14:40;0.058
23.08.2016;14:45;0.058
23.08.2016;14:50;0.058
23.08.2016;14:55;0.058
23.08.2016;15:00;0.058
23.08.2016;15:05;0.058
23.08.2016;15:10;0.058
23.08.2016;15:15;0.058
23.08.2016;15:20;0.058
23.08.2016;15:25;0.058
23.08.2016;15:30;0.058
23.08.2016;15:35;0.058
23.08.2016;15:40;0.058
23.08.2016;15:45;0.058
23.08.2016;15:50;0.058
23.08.2016;15:55;0.058
23.08.2016;16:00;0.058
23.08.2016;16:05;0.058
23.08.2016;16:10;0.058
23.08.2016;16:15;0.058
23.08.2016;16:20;0.058
23.08.2016;16:25;0.058
23.08.2016;16:30;0.058
23.08.2016;16:35;0.058
23.08.2016;16:40;0.058
23.08.2016;16:45;0.058
23.08.2016;16:50;0.058
23.08.2016;16:55;0.058
23.08.2016;17:00;0.058
23.08.2016;17:05;0.058
23.08.2016;17:10;0.058
23.08.2016;17:15;0.058
23.08.2016;17:20;0.058
23.08.2016;17:25;0.058
23.08.2016;17:30;0.058
23.08.2016;17:35;0.058
23.08.2016;17:40;0.058
23.08.2016;17:45;0.058
23.08.2016;17:50;0.058
23.08.2016;17:55;0.058
23.08.2016;18:00;0.058
23.08.2016;18:05;0.058
23.08.2016;18:10;0.058
23.08.2016;18:15;0.058
23.08.2016;18:20;0.058
23.08.2016;18:25;0.058
23.08.2016;18:30;0.058
23.08.2016;18:35;0.058
23.08.2016;18:40;0.058
23.08.2016;18:45;0.058
23.08.2016;18:50;0.058
23.08.2016;18:55;0.058
23.08.2016;19:00;0.058
23.08.2016;19:05;0.058
23.08.2016;19:10;0.058
23.08.2016;19:15;0.058
23.08.2016;19:20;0.058
23.08.2016;19:25;0.058
23.08.2016;19:30;0.058
23.08.2016;19:35;0.058
23.08.2016;19:40;0.058
23.08.2016;19:45;0.058
23.08.2016;19:50;0.058
23.08.2016;19:55;0.058
23.08.2016;20:00;0.058
23.08.2016;20:05;0.058
23.08.2016;20:10;0.058
23.08.2016;20:15;0.058
23.08.2016;20:20;0.058
23.08.2016;20:25;0.058
23.08.2016;20:30;0.058
23.08.2016;20:35;0.058
23.08.2016;20:40;0.058
23.08.2016;20:45;0.058
23.08.2016;20:50;0.058
23.08.2016;20:55;0.058
23.08.2016;21:00;0.058
23.08.2016;21:05;0.058
23.08.2016;21:10;0.058
23.08.2016;21:15;0.058
23.08.2016;21:20;0.058
23.08.2016;21:25;0.058
23.08.2016;21:30;0.058
23.08.2016;21:35;0.058
23.08.2016;21:40;0.058
23.08.2016;21:45;0.058
23.08.2016;21:50;0.058
23.08.2016;21:55;0.058
23.08.2016;22:00;0.058
23.08.2016;22:05;0.058
23.08.2016;22:10;0.058
23.08.2016;22:15;0.058
23.08.2016;22:20;0.058
23.08.2016;22:25;0.058
23.08.2016;22:30;0.058
23.08.2016;22:35;0.058
23.08.2016;22:40;0.058
23.08.2016;22:45;0.058
23.08.2016;22:50;0.058
23.08.2016;22:55;0.058
23.08.2016;23:00;0.058
23.08.2016;23:05;0.058
23.08.2016;23:10;0.058
23.08.2016;23:15;0.058
23.08.2016;23:20;0.058
23.08.2016;23:25;0.058
23.08.2016;23:30;0.058
23.08.2016;23:35;0.058
23.08.2016;23:40;0.058
23.08.2016;23:45;0.058
23.08.2016;23:50;0.058
23.08.2016;23:55;0.058
24.08.2016;00:00;0.058
24.08.2016;00:05;0.058
24.08.2016;00:10;0.058
24.08.2016;00:15;0.058
24.08.2016;00:20;0.058
24.08.2016;00:25;0.058
24.08.2016;00:30;0.058
24.08.2016;00:35;0.058
24.08.2016;00:40;0.058
24.08.2016;00:45;0.058
24.08.2016;00:50;0.058
24.08.2016;00:55;0.058
24.08.2016;01:00;0.058
24.08.2016;01:05;0.058
24.08.2016;01:10;0.058
24.08.2016;01:15;0.058
24.08.2016;01:20;0.058
24.08.2016;01:25;0.058
24.08.2016;01:30;0.058
24.08.2016;01:35;0.058
24.08.2016;01:40;0.058
24.08.2016;01:45;0.058
24.08.2016;01:50;0.058
24.08.2016;01:55;0.058
24.08.2016;02:00;0.058
24.08.2016;02:05;0.058
24.08.2016;02:10;0.058
24.08.2016;02:15;0.058
24.08.2016;02:20;0.058
24.08.2016;02:25;0.058
24.08.2016;02:30;0.058
24.08.2016;02:35;0.058
24.08.2016;02:40;0.058
24.08.2016;02:45;0.058
24.08.2016;02:50;0.058
24.08.2016;02:55;0.058
24.08.2016;03:00;0.058
24.08.2016;03:05;0.058
24.08.2016;03:10;0.058
24.08.2016;03:15;0.058
24.08.2016;03:20;0.058
24.08.2016;03:25;0.058
24.08.2016;03:30;0.058
24.08.2016;03:35;0.058
24.08.2016;03:40;0.058
24.08.2016;03:45;0.058
24.08.2016;03:50;0.058
24.08.2016;03:55;0.058
24.08.2016;04:00;0.058
24.08.2016;04:05;0.058
24.08.2016;04:10;0.058
24.08.2016;04:15;0.058
24.08.2016;04:20;0.058
24.08.2016;04:25;0.058
24.08.2016;04:30;0.058
24.08.2016;04:35;0.058
24.08.2016;04:40;0.058
24.08.2016;04:45;0.058
24.08.2016;04:50;0.058
24.08.2016;04:55;0.058
24.08.2016;05:00;0.058
24.08.2016;05:05;0.058
24.08.2016;05:10;0.058
24.08.2016;05:15;0.058
24.08.2016;05:20;0.058
24.08.2016;05:25;0.058
24.08.2016;05:30;0.058
24.08.2016;05:35;0.058
24.08.2016;05:40;0.058
24.08.2016;05:45;0.058
24.08.2016;05:50;0.058
24.08.2016;05:55;0.058
24.08.2016;06:00;0.058
24.08.2016;06:05;0.058
24.08.2016;06:10;0.059
24.08.2016;06:15;0.059
24.08.2016;06:20;0.059
24.08.2016;06:25;0.059
24.08.2016;06:30;0.059
24.08.2016;06:35;0.059
24.08.2016;06:40;0.059
24.08.2016;06:45;0.059
24.08.2016;06:50;0.059
24.08.2016;06:55;0.059
24.08.2016;07:00;0.059
24.08.2016;07:05;0.059
24.08.2016;07:10;0.059
24.08.2016;07:15;0.059
24.08.2016;07:20;0.059
24.08.2016;07:25;0.059
24.08.2016;07:30;0.059
24.08.2016;07:35;0.059
24.08.2016;07:40;0.059
24.08.2016;07:45;0.059
24.08.2016;07:50;0.059
24.08.2016;07:55;0.059
24.08.2016;08:00;0.059
24.08.2016;08:05;0.059
24.08.2016;08:10;0.059
24.08.2016;08:15;0.059
24.08.2016;08:20;0.059
24.08.2016;08:25;0.059
24.08.2016;08:30;0.059
24.08.2016;08:35;0.059
24.08.2016;08:40;0.059
24.08.2016;08:45;0.059
24.08.2016;08:50;0.059
24.08.2016;08:55;0.059
24.08.2016;09:00;0.059
24.08.2016;09:05;0.059
24.08.2016;09:10;0.059
24.08.2016;09:15;0.059
24.08.2016;09:20;0.059
24.08.2016;09:25;0.059
24.08.2016;09:30;0.059
24.08.2016;09:35;0.059
24.08.2016;09:40;0.059
24.08.2016;09:45;0.059
24.08.2016;09:50;0.059
24.08.2016;09:55;0.059
24.08.2016;10:00;0.059
24.08.2016;10:05;0.059
24.08.2016;10:10;0.059
24.08.2016;10:15;0.059
24.08.2016;10:20;0.059
24.08.2016;10:25;0.059
24.08.2016;10:30;0.059
24.08.2016;10:35;0.059
24.08.2016;10:40;0.059
24.08.2016;10:45;0.059
24.08.2016;10:50;0.059
24.08.2016;10:55;0.059
24.08.2016;11:00;0.059
24.08.2016;11:05;0.059
24.08.2016;11:10;0.059
24.08.2016;11:15;0.059
24.08.2016;11:20;0.059
24.08.2016;11:25;0.059
24.08.2016;11:30;0.059
24.08.2016;11:35;0.059
24.08.2016;11:40;0.059
24.08.2016;11:45;0.059
24.08.2016;11:50;0.059
24.08.2016;11:55;0.059
24.08.2016;12:00;0.059
24.08.2016;12:05;0.059
24.08.2016;12:10;0.059
24.08.2016;12:15;0.059
24.08.2016;12:20;0.059
24.08.2016;12:25;0.059
24.08.2016;12:30;0.059
24.08.2016;12:35;0.059
24.08.2016;12:40;0.059
24.08.2016;12:45;0.059
24.08.2016;12:50;0.059
24.08.2016;12:55;0.059
24.08.2016;13:00;0.059
24.08.2016;13:05;0.059
24.08.2016;13:10;0.059
24.08.2016;13:15;0.059
24.08.2016;13:20;0.059
24.08.2016;13:25;0.059
24.08.2016;13:30;0.059
24.08.2016;13:35;0.059
24.08.2016;13:40;0.059
24.08.2016;13:45;0.059
24.08.2016;13:50;0.059
24.08.2016;13:55;0.059
24.08.2016;14:00;0.059
24.08.2016;14:05;0.059
24.08.2016;14:10;0.059
24.08.2016;14:15;0.059
24.08.2016;14:20;0.059
24.08.2016;14:25;0.059
24.08.2016;14:30;0.059
24.08.2016;14:35;0.059
24.08.2016;14:40;0.059
24.08.2016;14:45;0.059
24.08.2016;14:50;0.059
24.08.2016;14:55;0.059
24.08.2016;15:00;0.059
24.08.2016;15:05;0.059
24.08.2016;15:10;0.059
24.08.2016;15:15;0.059
24.08.2016;15:20;0.059
24.08.2016;15:25;0.059
24.08.2016;15:30;0.059
24.08.2016;15:35;0.059
24.08.2016;15:40;0.059
24.08.2016;15:45;0.059
24.08.2016;15:50;0.059
24.08.2016;15:55;0.059
24.08.2016;16:00;0.059
24.08.2016;16:05;0.059
24.08.2016;16:10;0.059
24.08.2016;16:15;0.059
24.08.2016;16:20;0.059
24.08.2016;16:25;0.059
24.08.2016;16:30;0.059
24.08.2016;16:35;0.059
24.08.2016;16:40;0.059
24.08.2016;16:45;0.059
24.08.2016;16:50;0.059
24.08.2016;16:55;0.059
24.08.2016;17:00;0.059
24.08.2016;17:05;0.059
24.08.2016;17:10;0.059
24.08.2016;17:15;0.059
24.08.2016;17:20;0.059
24.08.2016;17:25;0.059
24.08.2016;17:30;0.059
24.08.2016;17:35;0.059
24.08.2016;17:40;0.059
24.08.2016;17:45;0.059
24.08.2016;17:50;0.059
24.08.2016;17:55;0.059
24.08.2016;18:00;0.059
24.08.2016;18:05;0.059
24.08.2016;18:10;0.059
24.08.2016;18:15;0.059
24.08.2016;18:20;0.059
24.08.2016;18:25;0.059
24.08.2016;18:30;0.059
24.08.2016;18:35;0.059
24.08.2016;18:40;0.059
24.08.2016;18:45;0.059
24.08.2016;18:50;0.059
24.08.2016;18:55;0.059
24.08.2016;19:00;0.059
24.08.2016;19:05;0.059
24.08.2016;19:10;0.058
24.08.2016;19:15;0.059
24.08.2016;19:20;0.059
24.08.2016;19:25;0.059
24.08.2016;19:30;0.059
24.08.2016;19:35;0.058
24.08.2016;19:40;0.059
24.08.2016;19:45;0.059
24.08.2016;19:50;0.058
24.08.2016;19:55;0.058
24.08.2016;20:00;0.058
24.08.2016;20:05;0.058
24.08.2016;20:10;0.059
24.08.2016;20:15;0.058
24.08.2016;20:20;0.058
24.08.2016;20:25;0.058
24.08.2016;20:30;0.058
24.08.2016;20:35;0.058
24.08.2016;20:40;0.058
24.08.2016;20:45;0.058
24.08.2016;20:50;0.058
24.08.2016;20:55;0.058
24.08.2016;21:00;0.058
24.08.2016;21:05;0.058
24.08.2016;21:10;0.058
24.08.2016;21:15;0.058
24.08.2016;21:20;0.058
24.08.2016;21:25;0.058
24.08.2016;21:30;0.058
24.08.2016;21:35;0.058
24.08.2016;21:40;0.058
24.08.2016;21:45;0.058
24.08.2016;21:50;0.058
24.08.2016;21:55;0.058
24.08.2016;22:00;0.058
24.08.2016;22:05;0.058
24.08.2016;22:10;0.058
24.08.2016;22:15;0.058
24.08.2016;22:20;0.058
24.08.2016;22:25;0.058
24.08.2016;22:30;0.058
24.08.2016;22:35;0.058
24.08.2016;22:40;0.058
24.08.2016;22:45;0.058
24.08.2016;22:50;0.058
24.08.2016;22:55;0.058
24.08.2016;23:00;0.058
24.08.2016;23:05;0.058
24.08.2016;23:10;0.058
24.08.2016;23:15;0.058
24.08.2016;23:20;0.058
24.08.2016;23:25;0.058
24.08.2016;23:30;0.058
24.08.2016;23:35;0.058
24.08.2016;23:40;0.058
24.08.2016;23:45;0.058
24.08.2016;23:50;0.058
24.08.2016;23:55;0.058
25.08.2016;00:00;0.058
25.08.2016;00:05;0.058
25.08.2016;00:10;0.058
25.08.2016;00:15;0.058
25.08.2016;00:20;0.058
25.08.2016;00:25;0.058
25.08.2016;00:30;0.059
25.08.2016;00:35;0.058
25.08.2016;00:40;0.058
25.08.2016;00:45;0.058
25.08.2016;00:50;0.058
25.08.2016;00:55;0.058
25.08.2016;01:00;0.058
25.08.2016;01:05;0.058
25.08.2016;01:10;0.059
25.08.2016;01:15;0.058
25.08.2016;01:20;0.059
25.08.2016;01:25;0.059
25.08.2016;01:30;0.058
25.08.2016;01:35;0.058
25.08.2016;01:40;0.059
25.08.2016;01:45;0.058
25.08.2016;01:50;0.058
25.08.2016;01:55;0.058
25.08.2016;02:00;0.058
25.08.2016;02:05;0.058
25.08.2016;02:10;0.058
25.08.2016;02:15;0.058
25.08.2016;02:20;0.059
25.08.2016;02:25;0.058
25.08.2016;02:30;0.059
25.08.2016;02:35;0.058
25.08.2016;02:40;0.059
25.08.2016;02:45;0.058
25.08.2016;02:50;0.058
25.08.2016;02:55;0.059
25.08.2016;03:00;0.059
25.08.2016;03:05;0.058
25.08.2016;03:10;0.059
25.08.2016;03:15;0.058
25.08.2016;03:20;0.058
25.08.2016;03:25;0.058
25.08.2016;03:30;0.058
25.08.2016;03:35;0.058
25.08.2016;03:40;0.058
25.08.2016;03:45;0.058
25.08.2016;03:50;0.058
25.08.2016;03:55;0.058
25.08.2016;04:00;0.058
25.08.2016;04:05;0.058
25.08.2016;04:10;0.058
25.08.2016;04:15;0.058
25.08.2016;04:20;0.058
25.08.2016;04:25;0.058
25.08.2016;04:30;0.058
25.08.2016;04:35;0.058
25.08.2016;04:40;0.058
25.08.2016;04:45;0.058
25.08.2016;04:50;0.058
25.08.2016;04:55;0.058
25.08.2016;05:00;0.058
25.08.2016;05:05;0.058
25.08.2016;05:10;0.058
25.08.2016;05:15;0.058
25.08.2016;05:20;0.058
25.08.2016;05:25;0.058
25.08.2016;05:30;0.058
25.08.2016;05:35;0.058
25.08.2016;05:40;0.058
25.08.2016;05:45;0.058
25.08.2016;05:50;0.058
25.08.2016;05:55;0.058
25.08.2016;06:00;0.058
25.08.2016;06:05;0.058
25.08.2016;06:10;0.058
25.08.2016;06:15;0.058
25.08.2016;06:20;0.058
25.08.2016;06:25;0.058
25.08.2016;06:30;0.058
25.08.2016;06:35;0.058
25.08.2016;06:40;0.058
25.08.2016;06:45;0.058
25.08.2016;06:50;0.058
25.08.2016;06:55;0.058
25.08.2016;07:00;0.058
25.08.2016;07:05;0.058
25.08.2016;07:10;0.058
25.08.2016;07:15;0.058
25.08.2016;07:20;0.058
25.08.2016;07:25;0.058
25.08.2016;07:30;0.058
25.08.2016;07:35;0.058
25.08.2016;07:40;0.058
25.08.2016;07:45;0.058
25.08.2016;07:50;0.058
25.08.2016;07:55;0.058
25.08.2016;08:00;0.058
25.08.2016;08:05;0.058
25.08.2016;08:10;0.058
25.08.2016;08:15;0.059
25.08.2016;08:20;0.059
25.08.2016;08:25;0.059
25.08.2016;08:30;0.059
25.08.2016;08:35;0.059
25.08.2016;08:40;0.059
25.08.2016;08:45;0.059
25.08.2016;08:50;0.059
25.08.2016;08:55;0.059
25.08.2016;09:00;0.059
25.08.2016;09:05;0.059
25.08.2016;09:10;0.059
25.08.2016;09:15;0.059
25.08.2016;09:20;0.059
25.08.2016;09:25;0.059
25.08.2016;09:30;0.059
25.08.2016;09:35;0.059
25.08.2016;09:40;0.059
25.08.2016;09:45;0.059
25.08.2016;09:50;0.059
25.08.2016;09:55;0.059
25.08.2016;10:00;0.059
25.08.2016;10:05;0.059
25.08.2016;10:10;0.059
25.08.2016;10:15;0.059
25.08.2016;10:20;0.059
25.08.2016;10:25;0.059
25.08.2016;10:30;0.059
25.08.2016;10:35;0.059
25.08.2016;10:40;0.059
25.08.2016;10:45;0.059
25.08.2016;10:50;0.059
25.08.2016;10:55;0.059
25.08.2016;11:00;0.059
25.08.2016;11:05;0.059
25.08.2016;11:10;0.059
25.08.2016;11:15;0.059
25.08.2016;11:20;0.059
25.08.2016;11:25;0.059
25.08.2016;11:30;0.059
25.08.2016;11:35;0.059
25.08.2016;11:40;0.059
25.08.2016;11:45;0.059
25.08.2016;11:50;0.059
25.08.2016;11:55;0.059
25.08.2016;12:00;0.059
25.08.2016;12:05;0.059
25.08.2016;12:10;0.059
25.08.2016;12:15;0.059
25.08.2016;12:20;0.059
25.08.2016;12:25;0.059
25.08.2016;12:30;0.059
25.08.2016;12:35;0.059
25.08.2016;12:40;0.059
25.08.2016;12:45;0.059
25.08.2016;12:50;0.059
25.08.2016;12:55;0.059
25.08.2016;13:00;0.059
25.08.2016;13:05;0.059
25.08.2016;13:10;0.059
25.08.2016;13:15;0.059
25.08.2016;13:20;0.059
25.08.2016;13:25;0.059
25.08.2016;13:30;0.059
25.08.2016;13:35;0.059
25.08.2016;13:40;0.059
25.08.2016;13:45;0.059
25.08.2016;13:50;0.059
25.08.2016;13:55;0.059
25.08.2016;14:00;0.059
25.08.2016;14:05;0.059
25.08.2016;14:10;0.059
25.08.2016;14:15;0.059
25.08.2016;14:20;0.059
25.08.2016;14:25;0.059
25.08.2016;14:30;0.059
25.08.2016;14:35;0.059
25.08.2016;14:40;0.059
25.08.2016;14:45;0.059
25.08.2016;14:50;0.059
25.08.2016;14:55;0.059
25.08.2016;15:00;0.059
25.08.2016;15:05;0.059
25.08.2016;15:10;0.059
25.08.2016;15:15;0.059
25.08.2016;15:20;0.059
25.08.2016;15:25;0.059
25.08.2016;15:30;0.059
25.08.2016;15:35;0.059
25.08.2016;15:40;0.059
25.08.2016;15:45;0.059
25.08.2016;15:50;0.059
25.08.2016;15:55;0.059
25.08.2016;16:00;0.059
25.08.2016;16:05;0.059
25.08.2016;16:10;0.059
25.08.2016;16:15;0.059
25.08.2016;16:20;0.059
25.08.2016;16:25;0.059
25.08.2016;16:30;0.059
25.08.2016;16:35;0.059
25.08.2016;16:40;0.059
25.08.2016;16:45;0.059
25.08.2016;16:50;0.059
25.08.2016;16:55;0.059
25.08.2016;17:00;0.059
25.08.2016;17:05;0.059
25.08.2016;17:10;0.059
25.08.2016;17:15;0.059
25.08.2016;17:20;0.059
25.08.2016;17:25;0.059
25.08.2016;17:30;0.059
25.08.2016;17:35;0.059
25.08.2016;17:40;0.059
25.08.2016;17:45;0.059
25.08.2016;17:50;0.059
25.08.2016;17:55;0.059
25.08.2016;18:00;0.059
25.08.2016;18:05;0.059
25.08.2016;18:10;0.059
25.08.2016;18:15;0.059
25.08.2016;18:20;0.059
25.08.2016;18:25;0.059
25.08.2016;18:30;0.059
25.08.2016;18:35;0.059
25.08.2016;18:40;0.059
25.08.2016;18:45;0.059
25.08.2016;18:50;0.059
25.08.2016;18:55;0.059
25.08.2016;19:00;0.059
25.08.2016;19:05;0.059
25.08.2016;19:10;0.059
25.08.2016;19:15;0.059
25.08.2016;19:20;0.059
25.08.2016;19:25;0.059
25.08.2016;19:30;0.059
25.08.2016;19:35;0.059
25.08.2016;19:40;0.059
25.08.2016;19:45;0.059
25.08.2016;19:50;0.059
25.08.2016;19:55;0.059
25.08.2016;20:00;0.059
25.08.2016;20:05;0.059
25.08.2016;20:10;0.059
25.08.2016;20:15;0.059
25.08.2016;20:20;0.059
25.08.2016;20:25;0.059
25.08.2016;20:30;0.059
25.08.2016;20:35;0.059
25.08.2016;20:40;0.059
25.08.2016;20:45;0.059
25.08.2016;20:50;0.059
25.08.2016;20:55;0.059
25.08.2016;21:00;0.059
25.08.2016;21:05;0.059
25.08.2016;21:10;0.059
25.08.2016;21:15;0.059
25.08.2016;21:20;0.059
25.08.2016;21:25;0.059
25.08.2016;21:30;0.059
25.08.2016;21:35;0.059
25.08.2016;21:40;0.059
25.08.2016;21:45;0.059
25.08.2016;21:50;0.059
25.08.2016;21:55;0.059
25.08.2016;22:00;0.059
25.08.2016;22:05;0.059
25.08.2016;22:10;0.059
25.08.2016;22:15;0.059
25.08.2016;22:20;0.059
25.08.2016;22:25;0.059
25.08.2016;22:30;0.059
25.08.2016;22:35;0.059
25.08.2016;22:40;0.059
25.08.2016;22:45;0.059
25.08.2016;22:50;0.059
25.08.2016;22:55;0.059
25.08.2016;23:00;0.059
25.08.2016;23:05;0.059
25.08.2016;23:10;0.059
25.08.2016;23:15;0.059
25.08.2016;23:20;0.059
25.08.2016;23:25;0.059
25.08.2016;23:30;0.059
25.08.2016;23:35;0.059
25.08.2016;23:40;0.059
25.08.2016;23:45;0.059
25.08.2016;23:50;0.059
25.08.2016;23:55;0.059
26.08.2016;00:00;0.059
26.08.2016;00:05;0.059
26.08.2016;00:10;0.059
26.08.2016;00:15;0.059
26.08.2016;00:20;0.059
26.08.2016;00:25;0.059
26.08.2016;00:30;0.059
26.08.2016;00:35;0.059
26.08.2016;00:40;0.059
26.08.2016;00:45;0.059
26.08.2016;00:50;0.059
26.08.2016;00:55;0.059
26.08.2016;01:00;0.059
26.08.2016;01:05;0.059
26.08.2016;01:10;0.059
26.08.2016;01:15;0.059
26.08.2016;01:20;0.059
26.08.2016;01:25;0.059
26.08.2016;01:30;0.059
26.08.2016;01:35;0.059
26.08.2016;01:40;0.059
26.08.2016;01:45;0.059
26.08.2016;01:50;0.059
26.08.2016;01:55;0.059
26.08.2016;02:00;0.059
26.08.2016;02:05;0.059
26.08.2016;02:10;0.059
26.08.2016;02:15;0.059
26.08.2016;02:20;0.059
26.08.2016;02:25;0.059
26.08.2016;02:30;0.058
26.08.2016;02:35;0.059
26.08.2016;02:40;0.058
26.08.2016;02:45;0.059
26.08.2016;02:50;0.058
26.08.2016;02:55;0.058
26.08.2016;03:00;0.059
26.08.2016;03:05;0.058
26.08.2016;03:10;0.058
26.08.2016;03:15;0.058
26.08.2016;03:20;0.058
26.08.2016;03:25;0.058
26.08.2016;03:30;0.058
26.08.2016;03:35;0.058
26.08.2016;03:40;0.058
26.08.2016;03:45;0.058
26.08.2016;03:50;0.058
26.08.2016;03:55;0.058
26.08.2016;04:00;0.058
26.08.2016;04:05;0.058
26.08.2016;04:10;0.058
26.08.2016;04:15;0.058
26.08.2016;04:20;0.058
26.08.2016;04:25;0.058
26.08.2016;04:30;0.058
26.08.2016;04:35;0.058
26.08.2016;04:40;0.058
26.08.2016;04:45;0.058
26.08.2016;04:50;0.058
26.08.2016;04:55;0.058
26.08.2016;05:00;0.058
26.08.2016;05:05;0.058
26.08.2016;05:10;0.058
26.08.2016;05:15;0.058
26.08.2016;05:20;0.058
26.08.2016;05:25;0.058
26.08.2016;05:30;0.058
26.08.2016;05:35;0.059
26.08.2016;05:40;0.058
26.08.2016;05:45;0.059
26.08.2016;05:50;0.059
26.08.2016;05:55;0.059
26.08.2016;06:00;0.059
26.08.2016;06:05;0.059
26.08.2016;06:10;0.059
26.08.2016;06:15;0.059
26.08.2016;06:20;0.059
26.08.2016;06:25;0.059
26.08.2016;06:30;0.059
26.08.2016;06:35;0.059
26.08.2016;06:40;0.059
26.08.2016;06:45;0.059
26.08.2016;06:50;0.059
26.08.2016;06:55;0.059
26.08.2016;07:00;0.059
26.08.2016;07:05;0.059
26.08.2016;07:10;0.059
26.08.2016;07:15;0.059
26.08.2016;07:20;0.059
26.08.2016;07:25;0.059
26.08.2016;07:30;0.059
26.08.2016;07:35;0.059
26.08.2016;07:40;0.059
26.08.2016;07:45;0.059
26.08.2016;07:50;0.059
26.08.2016;07:55;0.059
26.08.2016;08:00;0.059
26.08.2016;08:05;0.059
26.08.2016;08:10;0.059
26.08.2016;08:15;0.059
26.08.2016;08:20;0.059
26.08.2016;08:25;0.059
26.08.2016;08:30;0.059
26.08.2016;08:35;0.059
26.08.2016;08:40;0.059
26.08.2016;08:45;0.059
26.08.2016;08:50;0.059
26.08.2016;08:55;0.059
26.08.2016;09:00;0.059
26.08.2016;09:05;0.059
26.08.2016;09:10;0.059
26.08.2016;09:15;0.059
26.08.2016;09:20;0.059
26.08.2016;09:25;0.059
26.08.2016;09:30;0.059
26.08.2016;09:35;0.059
26.08.2016;09:40;0.059
26.08.2016;09:45;0.059
26.08.2016;09:50;0.059
26.08.2016;09:55;0.059
26.08.2016;10:00;0.059
26.08.2016;10:05;0.059
26.08.2016;10:10;0.059
26.08.2016;10:15;0.059
26.08.2016;10:20;0.059
26.08.2016;10:25;0.059
26.08.2016;10:30;0.059
26.08.2016;10:35;0.059
26.08.2016;10:40;0.059
26.08.2016;10:45;0.059
26.08.2016;10:50;0.059
26.08.2016;10:55;0.059
26.08.2016;11:00;0.059
26.08.2016;11:05;0.059
26.08.2016;11:10;0.059
26.08.2016;11:15;0.059
26.08.2016;11:20;0.059
26.08.2016;11:25;0.059
26.08.2016;11:30;0.059
26.08.2016;11:35;0.059
26.08.2016;11:40;0.059
26.08.2016;11:45;0.059
26.08.2016;11:50;0.059
26.08.2016;11:55;0.059
26.08.2016;12:00;0.059
26.08.2016;12:05;0.059
26.08.2016;12:10;0.059
26.08.2016;12:15;0.059
26.08.2016;12:20;0.059
26.08.2016;12:25;0.059
26.08.2016;12:30;0.059
26.08.2016;12:35;0.059
26.08.2016;12:40;0.059
26.08.2016;12:45;0.059
26.08.2016;12:50;0.059
26.08.2016;12:55;0.059
26.08.2016;13:00;0.059
26.08.2016;13:05;0.059
26.08.2016;13:10;0.059
26.08.2016;13:15;0.059
26.08.2016;13:20;0.059
26.08.2016;13:25;0.059
26.08.2016;13:30;0.059
26.08.2016;13:35;0.059
26.08.2016;13:40;0.059
26.08.2016;13:45;0.059
26.08.2016;13:50;0.059
26.08.2016;13:55;0.059
26.08.2016;14:00;0.059
26.08.2016;14:05;0.059
26.08.2016;14:10;0.059
26.08.2016;14:15;0.059
26.08.2016;14:20;0.059
26.08.2016;14:25;0.059
26.08.2016;14:30;0.059
26.08.2016;14:35;0.059
26.08.2016;14:40;0.059
26.08.2016;14:45;0.059
26.08.2016;14:50;0.059
26.08.2016;14:55;0.059
26.08.2016;15:00;0.059
26.08.2016;15:05;0.059
26.08.2016;15:10;0.059
26.08.2016;15:15;0.059
26.08.2016;15:20;0.059
26.08.2016;15:25;0.059
26.08.2016;15:30;0.059
26.08.2016;15:35;0.059
26.08.2016;15:40;0.059
26.08.2016;15:45;0.059
26.08.2016;15:50;0.059
26.08.2016;15:55;0.059
26.08.2016;16:00;0.059
26.08.2016;16:05;0.059
26.08.2016;16:10;0.059
26.08.2016;16:15;0.059
26.08.2016;16:20;0.059
26.08.2016;16:25;0.059
26.08.2016;16:30;0.059
26.08.2016;16:35;0.059
26.08.2016;16:40;0.059
26.08.2016;16:45;0.059
26.08.2016;16:50;0.059
26.08.2016;16:55;0.059
26.08.2016;17:00;0.059
26.08.2016;17:05;0.059
26.08.2016;17:10;0.059
26.08.2016;17:15;0.059
26.08.2016;17:20;0.059
26.08.2016;17:25;0.059
26.08.2016;17:30;0.059
26.08.2016;17:35;0.059
26.08.2016;17:40;0.059
26.08.2016;17:45;0.059
26.08.2016;17:50;0.059
26.08.2016;17:55;0.059
26.08.2016;18:00;0.059
26.08.2016;18:05;0.059
26.08.2016;18:10;0.059
26.08.2016;18:15;0.059
26.08.2016;18:20;0.059
26.08.2016;18:25;0.059
26.08.2016;18:30;0.059
26.08.2016;18:35;0.059
26.08.2016;18:40;0.059
26.08.2016;18:45;0.059
26.08.2016;18:50;0.059
26.08.2016;18:55;0.059
26.08.2016;19:00;0.059
26.08.2016;19:05;0.059
26.08.2016;19:10;0.059
26.08.2016;19:15;0.059
26.08.2016;19:20;0.059
26.08.2016;19:25;0.059
26.08.2016;19:30;0.059
26.08.2016;19:35;0.059
26.08.2016;19:40;0.059
26.08.2016;19:45;0.058
26.08.2016;19:50;0.058
26.08.2016;19:55;0.058
26.08.2016;20:00;0.058
26.08.2016;20:05;0.058
26.08.2016;20:10;0.058
26.08.2016;20:15;0.058
26.08.2016;20:20;0.058
26.08.2016;20:25;0.058
26.08.2016;20:30;0.058
26.08.2016;20:35;0.058
26.08.2016;20:40;0.058
26.08.2016;20:45;0.058
26.08.2016;20:50;0.058
26.08.2016;20:55;0.058
26.08.2016;21:00;0.058
26.08.2016;21:05;0.058
26.08.2016;21:10;0.058
26.08.2016;21:15;0.058
26.08.2016;21:20;0.058
26.08.2016;21:25;0.058
26.08.2016;21:30;0.058
26.08.2016;21:35;0.058
26.08.2016;21:40;0.058
26.08.2016;21:45;0.058
26.08.2016;21:50;0.058
26.08.2016;21:55;0.058
26.08.2016;22:00;0.058
26.08.2016;22:05;0.058
26.08.2016;22:10;0.058
26.08.2016;22:15;0.058
26.08.2016;22:20;0.058
26.08.2016;22:25;0.058
26.08.2016;22:30;0.058
26.08.2016;22:35;0.058
26.08.2016;22:40;0.058
26.08.2016;22:45;0.058
26.08.2016;22:50;0.058
26.08.2016;22:55;0.058
26.08.2016;23:00;0.058
26.08.2016;23:05;0.058
26.08.2016;23:10;0.058
26.08.2016;23:15;0.058
26.08.2016;23:20;0.058
26.08.2016;23:25;0.058
26.08.2016;23:30;0.058
26.08.2016;23:35;0.058
26.08.2016;23:40;0.058
26.08.2016;23:45;0.058
26.08.2016;23:50;0.058
26.08.2016;23:55;0.058
27.08.2016;00:00;0.058
27.08.2016;00:05;0.058
27.08.2016;00:10;0.058
27.08.2016;00:15;0.058
27.08.2016;00:20;0.058
27.08.2016;00:25;0.058
27.08.2016;00:30;0.058
27.08.2016;00:35;0.058
27.08.2016;00:40;0.058
27.08.2016;00:45;0.058
27.08.2016;00:50;0.058
27.08.2016;00:55;0.058
27.08.2016;01:00;0.058
27.08.2016;01:05;0.058
27.08.2016;01:10;0.058
27.08.2016;01:15;0.058
27.08.2016;01:20;0.058
27.08.2016;01:25;0.058
27.08.2016;01:30;0.058
27.08.2016;01:35;0.058
27.08.2016;01:40;0.058
27.08.2016;01:45;0.058
27.08.2016;01:50;0.058
27.08.2016;01:55;0.058
27.08.2016;02:00;0.058
27.08.2016;02:05;0.058
27.08.2016;02:10;0.058
27.08.2016;02:15;0.058
27.08.2016;02:20;0.058
27.08.2016;02:25;0.058
27.08.2016;02:30;0.058
27.08.2016;02:35;0.058
27.08.2016;02:40;0.058
27.08.2016;02:45;0.058
27.08.2016;02:50;0.058
27.08.2016;02:55;0.058
27.08.2016;03:00;0.058
27.08.2016;03:05;0.058
27.08.2016;03:10;0.058
27.08.2016;03:15;0.058
27.08.2016;03:20;0.058
27.08.2016;03:25;0.058
27.08.2016;03:30;0.058
27.08.2016;03:35;0.058
27.08.2016;03:40;0.058
27.08.2016;03:45;0.058
27.08.2016;03:50;0.058
27.08.2016;03:55;0.058
27.08.2016;04:00;0.058
27.08.2016;04:05;0.058
27.08.2016;04:10;0.058
27.08.2016;04:15;0.058
27.08.2016;04:20;0.058
27.08.2016;04:25;0.058
27.08.2016;04:30;0.058
27.08.2016;04:35;0.058
27.08.2016;04:40;0.058
27.08.2016;04:45;0.058
27.08.2016;04:50;0.058
27.08.2016;04:55;0.058
27.08.2016;05:00;0.058
27.08.2016;05:05;0.058
27.08.2016;05:10;0.058
27.08.2016;05:15;0.058
27.08.2016;05:20;0.058
27.08.2016;05:25;0.058
27.08.2016;05:30;0.058
27.08.2016;05:35;0.058
27.08.2016;05:40;0.058
27.08.2016;05:45;0.058
27.08.2016;05:50;0.058
27.08.2016;05:55;0.058
27.08.2016;06:00;0.058
27.08.2016;06:05;0.058
27.08.2016;06:10;0.058
27.08.2016;06:15;0.058
27.08.2016;06:20;0.058
27.08.2016;06:25;0.058
27.08.2016;06:30;0.058
27.08.2016;06:35;0.058
27.08.2016;06:40;0.058
27.08.2016;06:45;0.058
27.08.2016;06:50;0.058
27.08.2016;06:55;0.058
27.08.2016;07:00;0.058
27.08.2016;07:05;0.058
27.08.2016;07:10;0.058
27.08.2016;07:15;0.058
27.08.2016;07:20;0.058
27.08.2016;07:25;0.058
27.08.2016;07:30;0.058
27.08.2016;07:35;0.058
27.08.2016;07:40;0.058
27.08.2016;07:45;0.058
27.08.2016;07:50;0.058
27.08.2016;07:55;0.058
27.08.2016;08:00;0.058
27.08.2016;08:05;0.058
27.08.2016;08:10;0.058
27.08.2016;08:15;0.058
27.08.2016;08:20;0.058
27.08.2016;08:25;0.058
27.08.2016;08:30;0.058
27.08.2016;08:35;0.058
27.08.2016;08:40;0.058
27.08.2016;08:45;0.058
27.08.2016;08:50;0.058
27.08.2016;08:55;0.058
27.08.2016;09:00;0.058
27.08.2016;09:05;0.058
27.08.2016;09:10;0.058
27.08.2016;09:15;0.058
27.08.2016;09:20;0.058
27.08.2016;09:25;0.058
27.08.2016;09:30;0.058
27.08.2016;09:35;0.058
27.08.2016;09:40;0.058
27.08.2016;09:45;0.058
27.08.2016;09:50;0.058
27.08.2016;09:55;0.058
27.08.2016;10:00;0.058
27.08.2016;10:05;0.058
27.08.2016;10:10;0.058
27.08.2016;10:15;0.058
27.08.2016;10:20;0.058
27.08.2016;10:25;0.058
27.08.2016;10:30;0.058
27.08.2016;10:35;0.058
27.08.2016;10:40;0.058
27.08.2016;10:45;0.058
27.08.2016;10:50;0.058
27.08.2016;10:55;0.058
27.08.2016;11:00;0.058
27.08.2016;11:05;0.058
27.08.2016;11:10;0.058
27.08.2016;11:15;0.058
27.08.2016;11:20;0.059
27.08.2016;11:25;0.059
27.08.2016;11:30;0.059
27.08.2016;11:35;0.059
27.08.2016;11:40;0.058
27.08.2016;11:45;0.059
27.08.2016;11:50;0.059
27.08.2016;11:55;0.059
27.08.2016;12:00;0.059
27.08.2016;12:05;0.059
27.08.2016;12:10;0.059
27.08.2016;12:15;0.059
27.08.2016;12:20;0.059
27.08.2016;12:25;0.059
27.08.2016;12:30;0.059
27.08.2016;12:35;0.059
27.08.2016;12:40;0.059
27.08.2016;12:45;0.059
27.08.2016;12:50;0.059
27.08.2016;12:55;0.059
27.08.2016;13:00;0.059
27.08.2016;13:05;0.059
27.08.2016;13:10;0.059
27.08.2016;13:15;0.059
27.08.2016;13:20;0.059
27.08.2016;13:25;0.059
27.08.2016;13:30;0.059
27.08.2016;13:35;0.059
27.08.2016;13:40;0.059
27.08.2016;13:45;0.059
27.08.2016;13:50;0.059
27.08.2016;13:55;0.059
27.08.2016;14:00;0.059
27.08.2016;14:05;0.059
27.08.2016;14:10;0.059
27.08.2016;14:15;0.059
27.08.2016;14:20;0.059
27.08.2016;14:25;0.059
27.08.2016;14:30;0.059
27.08.2016;14:35;0.059
27.08.2016;14:40;0.059
27.08.2016;14:45;0.059
27.08.2016;14:50;0.059
27.08.2016;14:55;0.059
27.08.2016;15:00;0.059
27.08.2016;15:05;0.059
27.08.2016;15:10;0.059
27.08.2016;15:15;0.059
27.08.2016;15:20;0.059
27.08.2016;15:25;0.059
27.08.2016;15:30;0.059
27.08.2016;15:35;0.059
27.08.2016;15:40;0.059
27.08.2016;15:45;0.059
27.08.2016;15:50;0.059
27.08.2016;15:55;0.059
27.08.2016;16:00;0.059
27.08.2016;16:05;0.059
27.08.2016;16:10;0.059
27.08.2016;16:15;0.059
27.08.2016;16:20;0.059
27.08.2016;16:25;0.059
27.08.2016;16:30;0.059
27.08.2016;16:35;0.059
27.08.2016;16:40;0.059
27.08.2016;16:45;0.059
27.08.2016;16:50;0.059
27.08.2016;16:55;0.059
27.08.2016;17:00;0.059
27.08.2016;17:05;0.059
27.08.2016;17:10;0.059
27.08.2016;17:15;0.059
27.08.2016;17:20;0.059
27.08.2016;17:25;0.059
27.08.2016;17:30;0.059
27.08.2016;17:35;0.059
27.08.2016;17:40;0.059
27.08.2016;17:45;0.059
27.08.2016;17:50;0.059
27.08.2016;17:55;0.059
27.08.2016;18:00;0.059
27.08.2016;18:05;0.059
27.08.2016;18:10;0.059
27.08.2016;18:15;0.059
27.08.2016;18:20;0.059
27.08.2016;18:25;0.058
27.08.2016;18:30;0.058
27.08.2016;18:35;0.058
27.08.2016;18:40;0.058
27.08.2016;18:45;0.058
27.08.2016;18:50;0.058
27.08.2016;18:55;0.058
27.08.2016;19:00;0.058
27.08.2016;19:05;0.058
27.08.2016;19:10;0.058
27.08.2016;19:15;0.058
27.08.2016;19:20;0.058
27.08.2016;19:25;0.058
27.08.2016;19:30;0.058
27.08.2016;19:35;0.058
27.08.2016;19:40;0.058
27.08.2016;19:45;0.058
27.08.2016;19:50;0.058
27.08.2016;19:55;0.058
27.08.2016;20:00;0.058
27.08.2016;20:05;0.058
27.08.2016;20:10;0.058
27.08.2016;20:15;0.058
27.08.2016;20:20;0.058
27.08.2016;20:25;0.058
27.08.2016;20:30;0.058
27.08.2016;20:35;0.058
27.08.2016;20:40;0.058
27.08.2016;20:45;0.058
27.08.2016;20:50;0.058
27.08.2016;20:55;0.058
27.08.2016;21:00;0.058
27.08.2016;21:05;0.058
27.08.2016;21:10;0.058
27.08.2016;21:15;0.058
27.08.2016;21:20;0.058
27.08.2016;21:25;0.058
27.08.2016;21:30;0.058
27.08.2016;21:35;0.058
27.08.2016;21:40;0.058
27.08.2016;21:45;0.058
27.08.2016;21:50;0.058
27.08.2016;21:55;0.058
27.08.2016;22:00;0.058
27.08.2016;22:05;0.058
27.08.2016;22:10;0.058
27.08.2016;22:15;0.058
27.08.2016;22:20;0.058
27.08.2016;22:25;0.058
27.08.2016;22:30;0.058
27.08.2016;22:35;0.058
27.08.2016;22:40;0.058
27.08.2016;22:45;0.058
27.08.2016;22:50;0.058
27.08.2016;22:55;0.058
27.08.2016;23:00;0.058
27.08.2016;23:05;0.058
27.08.2016;23:10;0.058
27.08.2016;23:15;0.058
27.08.2016;23:20;0.058
27.08.2016;23:25;0.058
27.08.2016;23:30;0.058
27.08.2016;23:35;0.058
27.08.2016;23:40;0.058
27.08.2016;23:45;0.058
27.08.2016;23:50;0.058
27.08.2016;23:55;0.058
28.08.2016;00:00;0.058
28.08.2016;00:05;0.058
28.08.2016;00:10;0.058
28.08.2016;00:15;0.058
28.08.2016;00:20;0.058
28.08.2016;00:25;0.058
28.08.2016;00:30;0.058
28.08.2016;00:35;0.058
28.08.2016;00:40;0.058
28.08.2016;00:45;0.058
28.08.2016;00:50;0.058
28.08.2016;00:55;0.058
28.08.2016;01:00;0.058
28.08.2016;01:05;0.058
28.08.2016;01:10;0.058
28.08.2016;01:15;0.058
28.08.2016;01:20;0.058
28.08.2016;01:25;0.058
28.08.2016;01:30;0.058
28.08.2016;01:35;0.058
28.08.2016;01:40;0.058
28.08.2016;01:45;0.058
28.08.2016;01:50;0.058
28.08.2016;01:55;0.058
28.08.2016;02:00;0.058
28.08.2016;02:05;0.058
28.08.2016;02:10;0.058
28.08.2016;02:15;0.058
28.08.2016;02:20;0.058
28.08.2016;02:25;0.058
28.08.2016;02:30;0.058
28.08.2016;02:35;0.058
28.08.2016;02:40;0.058
28.08.2016;02:45;0.058
28.08.2016;02:50;0.058
28.08.2016;02:55;0.058
28.08.2016;03:00;0.058
28.08.2016;03:05;0.058
28.08.2016;03:10;0.058
28.08.2016;03:15;0.058
28.08.2016;03:20;0.058
28.08.2016;03:25;0.058
28.08.2016;03:30;0.06
28.08.2016;03:35;0.062
28.08.2016;03:40;0.062
28.08.2016;03:45;0.062
28.08.2016;03:50;0.062
28.08.2016;03:55;0.062
28.08.2016;04:00;0.062
28.08.2016;04:05;0.062
28.08.2016;04:10;0.062
28.08.2016;04:15;0.062
28.08.2016;04:20;0.062
28.08.2016;04:25;0.063
28.08.2016;04:30;0.063
28.08.2016;04:35;0.063
28.08.2016;04:40;0.063
28.08.2016;04:45;0.063
28.08.2016;04:50;0.063
28.08.2016;04:55;0.063
28.08.2016;05:00;0.063
28.08.2016;05:05;0.063
28.08.2016;05:10;0.063
28.08.2016;05:15;0.063
28.08.2016;05:20;0.063
28.08.2016;05:25;0.063
28.08.2016;05:30;0.063
28.08.2016;05:35;0.063
28.08.2016;05:40;0.063
28.08.2016;05:45;0.063
28.08.2016;05:50;0.063
28.08.2016;05:55;0.063
28.08.2016;06:00;0.063
28.08.2016;06:05;0.063
28.08.2016;06:10;0.063
28.08.2016;06:15;0.063
28.08.2016;06:20;0.063
28.08.2016;06:25;0.063
28.08.2016;06:30;0.063
28.08.2016;06:35;0.063
28.08.2016;06:40;0.063
28.08.2016;06:45;0.063
28.08.2016;06:50;0.063
28.08.2016;06:55;0.063
28.08.2016;07:00;0.063
28.08.2016;07:05;0.063
28.08.2016;07:10;0.063
28.08.2016;07:15;0.063
28.08.2016;07:20;0.063
28.08.2016;07:25;0.063
28.08.2016;07:30;0.063
28.08.2016;07:35;0.063
28.08.2016;07:40;0.063
28.08.2016;07:45;0.063
28.08.2016;07:50;0.063
28.08.2016;07:55;0.063
28.08.2016;08:00;0.063
28.08.2016;08:05;0.063
28.08.2016;08:10;0.063
28.08.2016;08:15;0.063
28.08.2016;08:20;0.063
28.08.2016;08:25;0.063
28.08.2016;08:30;0.063
28.08.2016;08:35;0.063
28.08.2016;08:40;0.063
28.08.2016;08:45;0.063
28.08.2016;08:50;0.063
28.08.2016;08:55;0.063
28.08.2016;09:00;0.063
28.08.2016;09:05;0.063
28.08.2016;09:10;0.063
28.08.2016;09:15;0.063
28.08.2016;09:20;0.063
28.08.2016;09:25;0.062
28.08.2016;09:30;0.062
28.08.2016;09:35;0.062
28.08.2016;09:40;0.062
28.08.2016;09:45;0.062
28.08.2016;09:50;0.062
28.08.2016;09:55;0.062
28.08.2016;10:00;0.062
28.08.2016;10:05;0.062
28.08.2016;10:10;0.062
28.08.2016;10:15;0.062
28.08.2016;10:20;0.061
28.08.2016;10:25;0.061
28.08.2016;10:30;0.061
28.08.2016;10:35;0.061
28.08.2016;10:40;0.061
28.08.2016;10:45;0.061
28.08.2016;10:50;0.061
28.08.2016;10:55;0.061
28.08.2016;11:00;0.061
28.08.2016;11:05;0.061
28.08.2016;11:10;0.061
28.08.2016;11:15;0.061
28.08.2016;11:20;0.061
28.08.2016;11:25;0.061
28.08.2016;11:30;0.061
28.08.2016;11:35;0.061
28.08.2016;11:40;0.061
28.08.2016;11:45;0.061
28.08.2016;11:50;0.061
28.08.2016;11:55;0.061
28.08.2016;12:00;0.061
28.08.2016;12:05;0.061
28.08.2016;12:10;0.061
28.08.2016;12:15;0.061
28.08.2016;12:20;0.06
28.08.2016;12:25;0.06
28.08.2016;12:30;0.06
28.08.2016;12:35;0.061
28.08.2016;12:40;0.06
28.08.2016;12:45;0.06
28.08.2016;12:50;0.06
28.08.2016;12:55;0.06
28.08.2016;13:00;0.061
28.08.2016;13:05;0.06
28.08.2016;13:10;0.06
28.08.2016;13:15;0.061
28.08.2016;13:20;0.061
28.08.2016;13:25;0.06
28.08.2016;13:30;0.061
28.08.2016;13:35;0.06
28.08.2016;13:40;0.06
28.08.2016;13:45;0.06
28.08.2016;13:50;0.06
28.08.2016;13:55;0.06
28.08.2016;14:00;0.06
28.08.2016;14:05;0.06
28.08.2016;14:10;0.06
28.08.2016;14:15;0.06
28.08.2016;14:20;0.06
28.08.2016;14:25;0.06
28.08.2016;14:30;0.06
28.08.2016;14:35;0.06
28.08.2016;14:40;0.06
28.08.2016;14:45;0.06
28.08.2016;14:50;0.06
28.08.2016;14:55;0.06
28.08.2016;15:00;0.06
28.08.2016;15:05;0.06
28.08.2016;15:10;0.06
28.08.2016;15:15;0.06
28.08.2016;15:20;0.06
28.08.2016;15:25;0.06
28.08.2016;15:30;0.06
28.08.2016;15:35;0.06
28.08.2016;15:40;0.06
28.08.2016;15:45;0.06
28.08.2016;15:50;0.06
28.08.2016;15:55;0.06
28.08.2016;16:00;0.06
28.08.2016;16:05;0.06
28.08.2016;16:10;0.06
28.08.2016;16:15;0.06
28.08.2016;16:20;0.06
28.08.2016;16:25;0.06
28.08.2016;16:30;0.06
28.08.2016;16:35;0.06
28.08.2016;16:40;0.06
28.08.2016;16:45;0.06
28.08.2016;16:50;0.06
28.08.2016;16:55;0.06
28.08.2016;17:00;0.06
28.08.2016;17:05;0.06
28.08.2016;17:10;0.06
28.08.2016;17:15;0.06
28.08.2016;17:20;0.06
28.08.2016;17:25;0.06
28.08.2016;17:30;0.06
28.08.2016;17:35;0.06
28.08.2016;17:40;0.06
28.08.2016;17:45;0.06
28.08.2016;17:50;0.06
28.08.2016;17:55;0.06
28.08.2016;18:00;0.06
28.08.2016;18:05;0.06
28.08.2016;18:10;0.06
28.08.2016;18:15;0.06
28.08.2016;18:20;0.06
28.08.2016;18:25;0.06
28.08.2016;18:30;0.06
28.08.2016;18:35;0.06
28.08.2016;18:40;0.06
28.08.2016;18:45;0.06
28.08.2016;18:50;0.06
28.08.2016;18:55;0.06
28.08.2016;19:00;0.06
28.08.2016;19:05;0.06
28.08.2016;19:10;0.06
28.08.2016;19:15;0.06
28.08.2016;19:20;0.06
28.08.2016;19:25;0.06
28.08.2016;19:30;0.06
28.08.2016;19:35;0.06
28.08.2016;19:40;0.06
28.08.2016;19:45;0.06
28.08.2016;19:50;0.06
28.08.2016;19:55;0.06
28.08.2016;20:00;0.06
28.08.2016;20:05;0.06
28.08.2016;20:10;0.06
28.08.2016;20:15;0.06
28.08.2016;20:20;0.06
28.08.2016;20:25;0.06
28.08.2016;20:30;0.06
28.08.2016;20:35;0.06
28.08.2016;20:40;0.06
28.08.2016;20:45;0.06
28.08.2016;20:50;0.06
28.08.2016;20:55;0.06
28.08.2016;21:00;0.059
28.08.2016;21:05;0.06
28.08.2016;21:10;0.06
28.08.2016;21:15;0.059
28.08.2016;21:20;0.059
28.08.2016;21:25;0.059
28.08.2016;21:30;0.059
28.08.2016;21:35;0.059
28.08.2016;21:40;0.059
28.08.2016;21:45;0.059
28.08.2016;21:50;0.059
28.08.2016;21:55;0.059
28.08.2016;22:00;0.059
28.08.2016;22:05;0.059
28.08.2016;22:10;0.059
28.08.2016;22:15;0.059
28.08.2016;22:20;0.059
28.08.2016;22:25;0.059
28.08.2016;22:30;0.059
28.08.2016;22:35;0.059
28.08.2016;22:40;0.059
28.08.2016;22:45;0.059
28.08.2016;22:50;0.059
28.08.2016;22:55;0.059
28.08.2016;23:00;0.059
28.08.2016;23:05;0.059
28.08.2016;23:10;0.059
28.08.2016;23:15;0.059
28.08.2016;23:20;0.059
28.08.2016;23:25;0.059
28.08.2016;23:30;0.059
28.08.2016;23:35;0.059
28.08.2016;23:40;0.059
28.08.2016;23:45;0.059
28.08.2016;23:50;0.059
28.08.2016;23:55;0.059
29.08.2016;00:00;0.059
29.08.2016;00:05;0.059
29.08.2016;00:10;0.059
29.08.2016;00:15;0.059
29.08.2016;00:20;0.059
29.08.2016;00:25;0.059
29.08.2016;00:30;0.059
29.08.2016;00:35;0.059
29.08.2016;00:40;0.059
29.08.2016;00:45;0.059
29.08.2016;00:50;0.059
29.08.2016;00:55;0.059
29.08.2016;01:00;0.059
29.08.2016;01:05;0.059
29.08.2016;01:10;0.059
29.08.2016;01:15;0.059
29.08.2016;01:20;0.059
29.08.2016;01:25;0.059
29.08.2016;01:30;0.059
29.08.2016;01:35;0.059
29.08.2016;01:40;0.059
29.08.2016;01:45;0.059
29.08.2016;01:50;0.059
29.08.2016;01:55;0.059
29.08.2016;02:00;0.059
29.08.2016;02:05;0.059
29.08.2016;02:10;0.059
29.08.2016;02:15;0.059
29.08.2016;02:20;0.059
29.08.2016;02:25;0.059
29.08.2016;02:30;0.059
29.08.2016;02:35;0.059
29.08.2016;02:40;0.059
29.08.2016;02:45;0.059
29.08.2016;02:50;0.059
29.08.2016;02:55;0.059
29.08.2016;03:00;0.059
29.08.2016;03:05;0.059
29.08.2016;03:10;0.059
29.08.2016;03:15;0.059
29.08.2016;03:20;0.059
29.08.2016;03:25;0.059
29.08.2016;03:30;0.059
29.08.2016;03:35;0.059
29.08.2016;03:40;0.059
29.08.2016;03:45;0.059
29.08.2016;03:50;0.059
29.08.2016;03:55;0.059
29.08.2016;04:00;0.059
29.08.2016;04:05;0.059
29.08.2016;04:10;0.059
29.08.2016;04:15;0.059
29.08.2016;04:20;0.059
29.08.2016;04:25;0.059
29.08.2016;04:30;0.059
29.08.2016;04:35;0.059
29.08.2016;04:40;0.059
29.08.2016;04:45;0.059
29.08.2016;04:50;0.059
29.08.2016;04:55;0.059
29.08.2016;05:00;0.059
29.08.2016;05:05;0.059
29.08.2016;05:10;0.059
29.08.2016;05:15;0.059
29.08.2016;05:20;0.059
29.08.2016;05:25;0.059
29.08.2016;05:30;0.059
29.08.2016;05:35;0.059
29.08.2016;05:40;0.059
29.08.2016;05:45;0.059
29.08.2016;05:50;0.059
29.08.2016;05:55;0.059
29.08.2016;06:00;0.059
29.08.2016;06:05;0.059
29.08.2016;06:10;0.059
29.08.2016;06:15;0.059
29.08.2016;06:20;0.059
29.08.2016;06:25;0.059
29.08.2016;06:30;0.059
29.08.2016;06:35;0.059
29.08.2016;06:40;0.059
29.08.2016;06:45;0.059
29.08.2016;06:50;0.059
29.08.2016;06:55;0.059
29.08.2016;07:00;0.059
29.08.2016;07:05;0.059
29.08.2016;07:10;0.059
29.08.2016;07:15;0.059
29.08.2016;07:20;0.059
29.08.2016;07:25;0.059
29.08.2016;07:30;0.059
29.08.2016;07:35;0.059
29.08.2016;07:40;0.059
29.08.2016;07:45;0.059
29.08.2016;07:50;0.059
29.08.2016;07:55;0.059
29.08.2016;08:00;0.059
29.08.2016;08:05;0.059
29.08.2016;08:10;0.059
29.08.2016;08:15;0.059
29.08.2016;08:20;0.059
29.08.2016;08:25;0.059
29.08.2016;08:30;0.059
29.08.2016;08:35;0.059
29.08.2016;08:40;0.059
29.08.2016;08:45;0.059
29.08.2016;08:50;0.059
29.08.2016;08:55;0.059
29.08.2016;09:00;0.059
29.08.2016;09:05;0.059
29.08.2016;09:10;0.059
29.08.2016;09:15;0.059
29.08.2016;09:20;0.059
29.08.2016;09:25;0.059
29.08.2016;09:30;0.059
29.08.2016;09:35;0.059
29.08.2016;09:40;0.059
29.08.2016;09:45;0.059
29.08.2016;09:50;0.059
29.08.2016;09:55;0.059
29.08.2016;10:00;0.059
29.08.2016;10:05;0.059
29.08.2016;10:10;0.059
29.08.2016;10:15;0.059
29.08.2016;10:20;0.059
29.08.2016;10:25;0.059
29.08.2016;10:30;0.059
29.08.2016;10:35;0.059
29.08.2016;10:40;0.059
29.08.2016;10:45;0.059
29.08.2016;10:50;0.059
29.08.2016;10:55;0.059
29.08.2016;11:00;0.059
29.08.2016;11:05;0.059
29.08.2016;11:10;0.059
29.08.2016;11:15;0.059
29.08.2016;11:20;0.059
29.08.2016;11:25;0.059
29.08.2016;11:30;0.059
29.08.2016;11:35;0.059
29.08.2016;11:40;0.059
29.08.2016;11:45;0.059
29.08.2016;11:50;0.059
29.08.2016;11:55;0.059
29.08.2016;12:00;0.059
29.08.2016;12:05;0.059
29.08.2016;12:10;0.059
29.08.2016;12:15;0.059
29.08.2016;12:20;0.059
29.08.2016;12:25;0.059
29.08.2016;12:30;0.059
29.08.2016;12:35;0.059
29.08.2016;12:40;0.059
29.08.2016;12:45;0.059
29.08.2016;12:50;0.059
29.08.2016;12:55;0.059
29.08.2016;13:00;0.059
29.08.2016;13:05;0.059
29.08.2016;13:10;0.059
29.08.2016;13:15;0.059
29.08.2016;13:20;0.059
29.08.2016;13:25;0.059
29.08.2016;13:30;0.059
29.08.2016;13:35;0.059
29.08.2016;13:40;0.059
29.08.2016;13:45;0.059
29.08.2016;13:50;0.059
29.08.2016;13:55;0.059
29.08.2016;14:00;0.059
29.08.2016;14:05;0.059
29.08.2016;14:10;0.059
29.08.2016;14:15;0.059
29.08.2016;14:20;0.059
29.08.2016;14:25;0.059
29.08.2016;14:30;0.059
29.08.2016;14:35;0.059
29.08.2016;14:40;0.059
29.08.2016;14:45;0.059
29.08.2016;14:50;0.059
29.08.2016;14:55;0.059
29.08.2016;15:00;0.059
29.08.2016;15:05;0.059
29.08.2016;15:10;0.059
29.08.2016;15:15;0.059
29.08.2016;15:20;0.059
29.08.2016;15:25;0.059
29.08.2016;15:30;0.059
29.08.2016;15:35;0.059
29.08.2016;15:40;0.059
29.08.2016;15:45;0.059
29.08.2016;15:50;0.059
29.08.2016;15:55;0.059
29.08.2016;16:00;0.059
29.08.2016;16:05;0.059
29.08.2016;16:10;0.059
29.08.2016;16:15;0.059
29.08.2016;16:20;0.059
29.08.2016;16:25;0.059
29.08.2016;16:30;0.059
29.08.2016;16:35;0.059
29.08.2016;16:40;0.059
29.08.2016;16:45;0.059
29.08.2016;16:50;0.059
29.08.2016;16:55;0.059
29.08.2016;17:00;0.059
29.08.2016;17:05;0.059
29.08.2016;17:10;0.059
29.08.2016;17:15;0.059
29.08.2016;17:20;0.059
29.08.2016;17:25;0.059
29.08.2016;17:30;0.059
29.08.2016;17:35;0.059
29.08.2016;17:40;0.059
29.08.2016;17:45;0.059
29.08.2016;17:50;0.059
29.08.2016;17:55;0.059
29.08.2016;18:00;0.059
29.08.2016;18:05;0.059
29.08.2016;18:10;0.059
29.08.2016;18:15;0.059
29.08.2016;18:20;0.059
29.08.2016;18:25;0.059
29.08.2016;18:30;0.059
29.08.2016;18:35;0.059
29.08.2016;18:40;0.059
29.08.2016;18:45;0.059
29.08.2016;18:50;0.059
29.08.2016;18:55;0.059
29.08.2016;19:00;0.059
29.08.2016;19:05;0.059
29.08.2016;19:10;0.059
29.08.2016;19:15;0.059
29.08.2016;19:20;0.059
29.08.2016;19:25;0.059
29.08.2016;19:30;0.059
29.08.2016;19:35;0.059
29.08.2016;19:40;0.059
29.08.2016;19:45;0.059
29.08.2016;19:50;0.059
29.08.2016;19:55;0.058
29.08.2016;20:00;0.059
29.08.2016;20:05;0.059
29.08.2016;20:10;0.059
29.08.2016;20:15;0.059
29.08.2016;20:20;0.059
29.08.2016;20:25;0.059
29.08.2016;20:30;0.059
29.08.2016;20:35;0.059
29.08.2016;20:40;0.059
29.08.2016;20:45;0.059
29.08.2016;20:50;0.059
29.08.2016;20:55;0.059
29.08.2016;21:00;0.059
29.08.2016;21:05;0.059
29.08.2016;21:10;0.059
29.08.2016;21:15;0.059
29.08.2016;21:20;0.059
29.08.2016;21:25;0.059
29.08.2016;21:30;0.059
29.08.2016;21:35;0.059
29.08.2016;21:40;0.059
29.08.2016;21:45;0.059
29.08.2016;21:50;0.059
29.08.2016;21:55;0.059
29.08.2016;22:00;0.059
29.08.2016;22:05;0.059
29.08.2016;22:10;0.059
29.08.2016;22:15;0.059
29.08.2016;22:20;0.059
29.08.2016;22:25;0.059
29.08.2016;22:30;0.059
29.08.2016;22:35;0.059
29.08.2016;22:40;0.059
29.08.2016;22:45;0.059
29.08.2016;22:50;0.059
29.08.2016;22:55;0.059
29.08.2016;23:00;0.059
29.08.2016;23:05;0.059
29.08.2016;23:10;0.059
29.08.2016;23:15;0.059
29.08.2016;23:20;0.059
29.08.2016;23:25;0.059
29.08.2016;23:30;0.059
29.08.2016;23:35;0.059
29.08.2016;23:40;0.059
29.08.2016;23:45;0.059
29.08.2016;23:50;0.059
29.08.2016;23:55;0.059
30.08.2016;00:00;0.059
30.08.2016;00:05;0.059
30.08.2016;00:10;0.059
30.08.2016;00:15;0.059
30.08.2016;00:20;0.059
30.08.2016;00:25;0.059
30.08.2016;00:30;0.059
30.08.2016;00:35;0.059
30.08.2016;00:40;0.059
30.08.2016;00:45;0.059
30.08.2016;00:50;0.059
30.08.2016;00:55;0.059
30.08.2016;01:00;0.059
30.08.2016;01:05;0.059
30.08.2016;01:10;0.059
30.08.2016;01:15;0.059
30.08.2016;01:20;0.059
30.08.2016;01:25;0.059
30.08.2016;01:30;0.059
30.08.2016;01:35;0.059
30.08.2016;01:40;0.059
30.08.2016;01:45;0.059
30.08.2016;01:50;0.059
30.08.2016;01:55;0.059
30.08.2016;02:00;0.059
30.08.2016;02:05;0.059
30.08.2016;02:10;0.059
30.08.2016;02:15;0.059
30.08.2016;02:20;0.059
30.08.2016;02:25;0.059
30.08.2016;02:30;0.059
30.08.2016;02:35;0.059
30.08.2016;02:40;0.059
30.08.2016;02:45;0.059
30.08.2016;02:50;0.059
30.08.2016;02:55;0.059
30.08.2016;03:00;0.059
30.08.2016;03:05;0.059
30.08.2016;03:10;0.059
30.08.2016;03:15;0.059
30.08.2016;03:20;0.059
30.08.2016;03:25;0.059
30.08.2016;03:30;0.059
30.08.2016;03:35;0.059
30.08.2016;03:40;0.059
30.08.2016;03:45;0.059
30.08.2016;03:50;0.059
30.08.2016;03:55;0.059
30.08.2016;04:00;0.059
30.08.2016;04:05;0.059
30.08.2016;04:10;0.059
30.08.2016;04:15;0.059
30.08.2016;04:20;0.059
30.08.2016;04:25;0.059
30.08.2016;04:30;0.059
30.08.2016;04:35;0.059
30.08.2016;04:40;0.059
30.08.2016;04:45;0.059
30.08.2016;04:50;0.059
30.08.2016;04:55;0.059
30.08.2016;05:00;0.059
30.08.2016;05:05;0.059
30.08.2016;05:10;0.059
30.08.2016;05:15;0.059
30.08.2016;05:20;0.059
30.08.2016;05:25;0.059
30.08.2016;05:30;0.059
30.08.2016;05:35;0.059
30.08.2016;05:40;0.059
30.08.2016;05:45;0.059
30.08.2016;05:50;0.059
30.08.2016;05:55;0.059
30.08.2016;06:00;0.059
30.08.2016;06:05;0.059
30.08.2016;06:10;0.059
30.08.2016;06:15;0.059
30.08.2016;06:20;0.059
30.08.2016;06:25;0.059
30.08.2016;06:30;0.059
30.08.2016;06:35;0.059
30.08.2016;06:40;0.059
30.08.2016;06:45;0.059
30.08.2016;06:50;0.059
30.08.2016;06:55;0.059
30.08.2016;07:00;0.059
30.08.2016;07:05;0.059
30.08.2016;07:10;0.059
30.08.2016;07:15;0.059
30.08.2016;07:20;0.059
30.08.2016;07:25;0.059
30.08.2016;07:30;0.059
30.08.2016;07:35;0.059
30.08.2016;07:40;0.059
30.08.2016;07:45;0.059
30.08.2016;07:50;0.059
30.08.2016;07:55;0.059
30.08.2016;08:00;0.059
30.08.2016;08:05;0.059
30.08.2016;08:10;0.059
30.08.2016;08:15;0.059
30.08.2016;08:20;0.059
30.08.2016;08:25;0.059
30.08.2016;08:30;0.059
30.08.2016;08:35;0.059
30.08.2016;08:40;0.059
30.08.2016;08:45;0.059
30.08.2016;08:50;0.059
30.08.2016;08:55;0.059
30.08.2016;09:00;0.059
30.08.2016;09:05;0.059
30.08.2016;09:10;0.059
30.08.2016;09:15;0.059
30.08.2016;09:20;0.059
30.08.2016;09:25;0.059
30.08.2016;09:30;0.059
30.08.2016;09:35;0.059
30.08.2016;09:40;0.059
30.08.2016;09:45;0.059
30.08.2016;09:50;0.059
30.08.2016;09:55;0.059
30.08.2016;10:00;0.059
30.08.2016;10:05;0.059
30.08.2016;10:10;0.059
30.08.2016;10:15;0.059
30.08.2016;10:20;0.059
30.08.2016;10:25;0.059
30.08.2016;10:30;0.059
30.08.2016;10:35;0.059
30.08.2016;10:40;0.059
30.08.2016;10:45;0.059
30.08.2016;10:50;0.059
30.08.2016;10:55;0.059
30.08.2016;11:00;0.059
30.08.2016;11:05;0.059
30.08.2016;11:10;0.059
30.08.2016;11:15;0.059
30.08.2016;11:20;0.059
30.08.2016;11:25;0.059
30.08.2016;11:30;0.059
30.08.2016;11:35;0.059
30.08.2016;11:40;0.059
30.08.2016;11:45;0.059
30.08.2016;11:50;0.059
30.08.2016;11:55;0.059
30.08.2016;12:00;0.059
30.08.2016;12:05;0.059
30.08.2016;12:10;0.059
30.08.2016;12:15;0.059
30.08.2016;12:20;0.059
30.08.2016;12:25;0.059
30.08.2016;12:30;0.059
30.08.2016;12:35;0.059
30.08.2016;12:40;0.059
30.08.2016;12:45;0.059
30.08.2016;12:50;0.059
30.08.2016;12:55;0.059
30.08.2016;13:00;0.059
30.08.2016;13:05;0.059
30.08.2016;13:10;0.059
30.08.2016;13:15;0.059
30.08.2016;13:20;0.059
30.08.2016;13:25;0.059
30.08.2016;13:30;0.059
30.08.2016;13:35;0.059
30.08.2016;13:40;0.059
30.08.2016;13:45;0.059
30.08.2016;13:50;0.059
30.08.2016;13:55;0.059
30.08.2016;14:00;0.059
30.08.2016;14:05;0.059
30.08.2016;14:10;0.059
30.08.2016;14:15;0.059
30.08.2016;14:20;0.059
30.08.2016;14:25;0.059
30.08.2016;14:30;0.059
30.08.2016;14:35;0.059
30.08.2016;14:40;0.059
30.08.2016;14:45;0.059
30.08.2016;14:50;0.059
30.08.2016;14:55;0.059
30.08.2016;15:00;0.059
30.08.2016;15:05;0.059
30.08.2016;15:10;0.059
30.08.2016;15:15;0.059
30.08.2016;15:20;0.059
30.08.2016;15:25;0.059
30.08.2016;15:30;0.059
30.08.2016;15:35;0.059
30.08.2016;15:40;0.059
30.08.2016;15:45;0.059
30.08.2016;15:50;0.059
30.08.2016;15:55;0.059
30.08.2016;16:00;0.059
30.08.2016;16:05;0.059
30.08.2016;16:10;0.059
30.08.2016;16:15;0.059
30.08.2016;16:20;0.059
30.08.2016;16:25;0.059
30.08.2016;16:30;0.059
30.08.2016;16:35;0.059
30.08.2016;16:40;0.059
30.08.2016;16:45;0.059
30.08.2016;16:50;0.059
30.08.2016;16:55;0.059
30.08.2016;17:00;0.059
30.08.2016;17:05;0.059
30.08.2016;17:10;0.059
30.08.2016;17:15;0.059
30.08.2016;17:20;0.059
30.08.2016;17:25;0.059
30.08.2016;17:30;0.059
30.08.2016;17:35;0.059
30.08.2016;17:40;0.059
30.08.2016;17:45;0.059
30.08.2016;17:50;0.059
30.08.2016;17:55;0.059
30.08.2016;18:00;0.059
30.08.2016;18:05;0.059
30.08.2016;18:10;0.059
30.08.2016;18:15;0.059
30.08.2016;18:20;0.059
30.08.2016;18:25;0.059
30.08.2016;18:30;0.059
30.08.2016;18:35;0.059
30.08.2016;18:40;0.059
30.08.2016;18:45;0.059
30.08.2016;18:50;0.059
30.08.2016;18:55;0.059
30.08.2016;19:00;0.059
30.08.2016;19:05;0.059
30.08.2016;19:10;0.059
30.08.2016;19:15;0.059
30.08.2016;19:20;0.059
30.08.2016;19:25;0.059
30.08.2016;19:30;0.059
30.08.2016;19:35;0.059
30.08.2016;19:40;0.059
30.08.2016;19:45;0.059
30.08.2016;19:50;0.059
30.08.2016;19:55;0.059
30.08.2016;20:00;0.059
30.08.2016;20:05;0.059
30.08.2016;20:10;0.059
30.08.2016;20:15;0.059
30.08.2016;20:20;0.059
30.08.2016;20:25;0.059
30.08.2016;20:30;0.059
30.08.2016;20:35;0.059
30.08.2016;20:40;0.059
30.08.2016;20:45;0.059
30.08.2016;20:50;0.059
30.08.2016;20:55;0.059
30.08.2016;21:00;0.059
30.08.2016;21:05;0.059
30.08.2016;21:10;0.059
30.08.2016;21:15;0.059
30.08.2016;21:20;0.059
30.08.2016;21:25;0.059
30.08.2016;21:30;0.059
30.08.2016;21:35;0.059
30.08.2016;21:40;0.059
30.08.2016;21:45;0.059
30.08.2016;21:50;0.059
30.08.2016;21:55;0.059
30.08.2016;22:00;0.059
30.08.2016;22:05;0.059
30.08.2016;22:10;0.059
30.08.2016;22:15;0.059
30.08.2016;22:20;0.059
30.08.2016;22:25;0.059
30.08.2016;22:30;0.059
30.08.2016;22:35;0.059
30.08.2016;22:40;0.059
30.08.2016;22:45;0.059
30.08.2016;22:50;0.059
30.08.2016;22:55;0.059
30.08.2016;23:00;0.059
30.08.2016;23:05;0.059
30.08.2016;23:10;0.059
30.08.2016;23:15;0.059
30.08.2016;23:20;0.059
30.08.2016;23:25;0.059
30.08.2016;23:30;0.059
30.08.2016;23:35;0.059
30.08.2016;23:40;0.059
30.08.2016;23:45;0.059
30.08.2016;23:50;0.059
30.08.2016;23:55;0.059
31.08.2016;00:00;0.059
31.08.2016;00:05;0.059
31.08.2016;00:10;0.059
31.08.2016;00:15;0.059
31.08.2016;00:20;0.059
31.08.2016;00:25;0.059
31.08.2016;00:30;0.059
31.08.2016;00:35;0.059
31.08.2016;00:40;0.059
31.08.2016;00:45;0.059
31.08.2016;00:50;0.059
31.08.2016;00:55;0.059
31.08.2016;01:00;0.059
31.08.2016;01:05;0.059
31.08.2016;01:10;0.059
31.08.2016;01:15;0.059
31.08.2016;01:20;0.059
31.08.2016;01:25;0.059
31.08.2016;01:30;0.059
31.08.2016;01:35;0.059
31.08.2016;01:40;0.059
31.08.2016;01:45;0.059
31.08.2016;01:50;0.059
31.08.2016;01:55;0.059
31.08.2016;02:00;0.059
31.08.2016;02:05;0.059
31.08.2016;02:10;0.059
31.08.2016;02:15;0.059
31.08.2016;02:20;0.059
31.08.2016;02:25;0.059
31.08.2016;02:30;0.059
31.08.2016;02:35;0.059
31.08.2016;02:40;0.059
31.08.2016;02:45;0.059
31.08.2016;02:50;0.059
31.08.2016;02:55;0.059
31.08.2016;03:00;0.059
31.08.2016;03:05;0.059
31.08.2016;03:10;0.059
31.08.2016;03:15;0.059
31.08.2016;03:20;0.059
31.08.2016;03:25;0.059
31.08.2016;03:30;0.059
31.08.2016;03:35;0.059
31.08.2016;03:40;0.059
31.08.2016;03:45;0.059
31.08.2016;03:50;0.059
31.08.2016;03:55;0.059
31.08.2016;04:00;0.059
31.08.2016;04:05;0.059
31.08.2016;04:10;0.059
31.08.2016;04:15;0.059
31.08.2016;04:20;0.059
31.08.2016;04:25;0.059
31.08.2016;04:30;0.059
31.08.2016;04:35;0.059
31.08.2016;04:40;0.059
31.08.2016;04:45;0.059
31.08.2016;04:50;0.059
31.08.2016;04:55;0.059
31.08.2016;05:00;0.059
31.08.2016;05:05;0.059
31.08.2016;05:10;0.059
31.08.2016;05:15;0.059
31.08.2016;05:20;0.059
31.08.2016;05:25;0.059
31.08.2016;05:30;0.059
31.08.2016;05:35;0.059
31.08.2016;05:40;0.059
31.08.2016;05:45;0.059
31.08.2016;05:50;0.059
31.08.2016;05:55;0.059
31.08.2016;06:00;0.059
31.08.2016;06:05;0.059
31.08.2016;06:10;0.059
31.08.2016;06:15;0.059
31.08.2016;06:20;0.059
31.08.2016;06:25;0.059
31.08.2016;06:30;0.059
31.08.2016;06:35;0.059
31.08.2016;06:40;0.059
31.08.2016;06:45;0.059
31.08.2016;06:50;0.059
31.08.2016;06:55;0.059
31.08.2016;07:00;0.059
31.08.2016;07:05;0.059
31.08.2016;07:10;0.059
31.08.2016;07:15;---
31.08.2016;07:20;---
31.08.2016;07:25;---
31.08.2016;07:30;---
31.08.2016;07:35;---
31.08.2016;07:40;---
31.08.2016;07:45;---
31.08.2016;07:50;---
31.08.2016;07:55;---
31.08.2016;08:00;---
31.08.2016;08:05;---
31.08.2016;08:10;---
31.08.2016;08:15;---
31.08.2016;08:20;---
31.08.2016;08:25;---
31.08.2016;08:30;---
31.08.2016;08:35;---
31.08.2016;08:40;---
31.08.2016;08:45;---
31.08.2016;08:50;---
31.08.2016;08:55;---
31.08.2016;09:00;---
31.08.2016;09:05;---
31.08.2016;09:10;---
31.08.2016;09:15;---
31.08.2016;09:20;---
31.08.2016;09:25;---
31.08.2016;09:30;---
31.08.2016;09:35;---
31.08.2016;09:40;---
31.08.2016;09:45;---
31.08.2016;09:50;---
31.08.2016;09:55;---
31.08.2016;10:00;---
31.08.2016;10:05;---
31.08.2016;10:10;---
31.08.2016;10:15;---
31.08.2016;10:20;---
31.08.2016;10:25;---
31.08.2016;10:30;---
31.08.2016;10:35;---
31.08.2016;10:40;---
31.08.2016;10:45;---
31.08.2016;10:50;---
31.08.2016;10:55;---
31.08.2016;11:00;---
31.08.2016;11:05;---
31.08.2016;11:10;---
31.08.2016;11:15;---
31.08.2016;11:20;---
31.08.2016;11:25;---
31.08.2016;11:30;---
31.08.2016;11:35;---
31.08.2016;11:40;---
31.08.2016;11:45;---
31.08.2016;11:50;---
31.08.2016;11:55;---
31.08.2016;12:00;---
31.08.2016;12:05;---
31.08.2016;12:10;---
31.08.2016;12:15;---
31.08.2016;12:20;---
31.08.2016;12:25;---
31.08.2016;12:30;---
31.08.2016;12:35;---
31.08.2016;12:40;---
31.08.2016;12:45;---
31.08.2016;12:50;---
31.08.2016;12:55;---
31.08.2016;13:00;---
31.08.2016;13:05;---
31.08.2016;13:10;---
31.08.2016;13:15;---
31.08.2016;13:20;---
31.08.2016;13:25;---
31.08.2016;13:30;---
31.08.2016;13:35;---
31.08.2016;13:40;---
31.08.2016;13:45;---
31.08.2016;13:50;---
31.08.2016;13:55;---
31.08.2016;14:00;---
31.08.2016;14:05;---
31.08.2016;14:10;---
31.08.2016;14:15;---
31.08.2016;14:20;---
31.08.2016;14:25;---
31.08.2016;14:30;---
31.08.2016;14:35;---
31.08.2016;14:40;---
31.08.2016;14:45;---
31.08.2016;14:50;---
31.08.2016;14:55;---
31.08.2016;15:00;---
31.08.2016;15:05;---
31.08.2016;15:10;---
31.08.2016;15:15;---
31.08.2016;15:20;---
31.08.2016;15:25;---
31.08.2016;15:30;---
31.08.2016;15:35;---
31.08.2016;15:40;---
31.08.2016;15:45;---
31.08.2016;15:50;---
31.08.2016;15:55;---
31.08.2016;16:00;---
31.08.2016;16:05;---
31.08.2016;16:10;---
31.08.2016;16:15;---
31.08.2016;16:20;---
31.08.2016;16:25;---
31.08.2016;16:30;---
31.08.2016;16:35;---
31.08.2016;16:40;---
31.08.2016;16:45;---
31.08.2016;16:50;---
31.08.2016;16:55;---
31.08.2016;17:00;---
31.08.2016;17:05;---
31.08.2016;17:10;---
31.08.2016;17:15;---
31.08.2016;17:20;---
31.08.2016;17:25;---
31.08.2016;17:30;---
31.08.2016;17:35;---
31.08.2016;17:40;---
31.08.2016;17:45;---
31.08.2016;17:50;---
31.08.2016;17:55;---
31.08.2016;18:00;---
31.08.2016;18:05;---
31.08.2016;18:10;---
31.08.2016;18:15;---
31.08.2016;18:20;---
31.08.2016;18:25;---
31.08.2016;18:30;---
31.08.2016;18:35;---
31.08.2016;18:40;---
31.08.2016;18:45;---
31.08.2016;18:50;---
31.08.2016;18:55;---
31.08.2016;19:00;---
31.08.2016;19:05;---
31.08.2016;19:10;---
31.08.2016;19:15;---
31.08.2016;19:20;---
31.08.2016;19:25;---
31.08.2016;19:30;---
31.08.2016;19:35;---
31.08.2016;19:40;---
31.08.2016;19:45;---
31.08.2016;19:50;---
31.08.2016;19:55;---
31.08.2016;20:00;---
31.08.2016;20:05;---
31.08.2016;20:10;---
31.08.2016;20:15;---
31.08.2016;20:20;---
31.08.2016;20:25;---
31.08.2016;20:30;---
31.08.2016;20:35;---
31.08.2016;20:40;---
31.08.2016;20:45;---
31.08.2016;20:50;---
31.08.2016;20:55;---
31.08.2016;21:00;---
31.08.2016;21:05;---
31.08.2016;21:10;---
31.08.2016;21:15;---
31.08.2016;21:20;---
31.08.2016;21:25;---
31.08.2016;21:30;---
31.08.2016;21:35;---
31.08.2016;21:40;---
31.08.2016;21:45;---
31.08.2016;21:50;---
31.08.2016;21:55;---
31.08.2016;22:00;---
31.08.2016;22:05;---
31.08.2016;22:10;---
31.08.2016;22:15;---
31.08.2016;22:20;---
31.08.2016;22:25;---
31.08.2016;22:30;---
31.08.2016;22:35;---
31.08.2016;22:40;---
31.08.2016;22:45;---
31.08.2016;22:50;---
31.08.2016;22:55;---
31.08.2016;23:00;---
31.08.2016;23:05;---
31.08.2016;23:10;---
31.08.2016;23:15;---
31.08.2016;23:20;---
31.08.2016;23:25;---
31.08.2016;23:30;---
31.08.2016;23:35;---
31.08.2016;23:40;---
31.08.2016;23:45;---
31.08.2016;23:50;---
31.08.2016;23:55;---
01.09.2016;00:00;---
01.09.2016;00:05;0.065
01.09.2016;00:10;0.066
01.09.2016;00:15;---
01.09.2016;00:20;---
01.09.2016;00:25;---
01.09.2016;00:30;---
01.09.2016;00:35;---
01.09.2016;00:40;---
01.09.2016;00:45;---
01.09.2016;00:50;---
01.09.2016;00:55;---
01.09.2016;01:00;---
01.09.2016;01:05;---
01.09.2016;01:10;---
01.09.2016;01:15;---
01.09.2016;01:20;---
01.09.2016;01:25;---
01.09.2016;01:30;---
01.09.2016;01:35;---
01.09.2016;01:40;---
01.09.2016;01:45;---
01.09.2016;01:50;---
01.09.2016;01:55;---
01.09.2016;02:00;---
01.09.2016;02:05;---
01.09.2016;02:10;---
01.09.2016;02:15;---
01.09.2016;02:20;---
01.09.2016;02:25;---
01.09.2016;02:30;---
01.09.2016;02:35;---
01.09.2016;02:40;---
01.09.2016;02:45;---
01.09.2016;02:50;---
01.09.2016;02:55;---
01.09.2016;03:00;---
01.09.2016;03:05;---
01.09.2016;03:10;---
01.09.2016;03:15;---
01.09.2016;03:20;---
01.09.2016;03:25;---
01.09.2016;03:30;---
01.09.2016;03:35;---
01.09.2016;03:40;---
01.09.2016;03:45;---
01.09.2016;03:50;---
01.09.2016;03:55;---
01.09.2016;04:00;---
01.09.2016;04:05;---
01.09.2016;04:10;---
01.09.2016;04:15;---
01.09.2016;04:20;---
01.09.2016;04:25;---
01.09.2016;04:30;---
01.09.2016;04:35;---
01.09.2016;04:40;---
01.09.2016;04:45;---
01.09.2016;04:50;---
01.09.2016;04:55;---
01.09.2016;05:00;---
01.09.2016;05:05;---
01.09.2016;05:10;---
01.09.2016;05:15;---
01.09.2016;05:20;---
01.09.2016;05:25;---
01.09.2016;05:30;---
01.09.2016;05:35;---
01.09.2016;05:40;---
01.09.2016;05:45;---
01.09.2016;05:50;---
01.09.2016;05:55;---
01.09.2016;06:00;---
01.09.2016;06:05;---
01.09.2016;06:10;---
01.09.2016;06:15;---
01.09.2016;06:20;---
01.09.2016;06:25;---
01.09.2016;06:30;---
01.09.2016;06:35;---
01.09.2016;06:40;---
01.09.2016;06:45;---
01.09.2016;06:50;---
01.09.2016;06:55;---
01.09.2016;07:00;---
01.09.2016;07:05;---
01.09.2016;07:10;---
01.09.2016;07:15;---
01.09.2016;07:20;---
01.09.2016;07:25;---
01.09.2016;07:30;---
01.09.2016;07:35;---
01.09.2016;07:40;---
01.09.2016;07:45;---
01.09.2016;07:50;---
01.09.2016;07:55;---
01.09.2016;08:00;---
01.09.2016;08:05;---
01.09.2016;08:10;---
01.09.2016;08:15;---
01.09.2016;08:20;---
01.09.2016;08:25;---
01.09.2016;08:30;---
01.09.2016;08:35;---
01.09.2016;08:40;---
01.09.2016;08:45;---
01.09.2016;08:50;---
01.09.2016;08:55;---
01.09.2016;09:00;---
01.09.2016;09:05;---
01.09.2016;09:10;---
01.09.2016;09:15;---
01.09.2016;09:20;---
01.09.2016;09:25;---
01.09.2016;09:30;---
01.09.2016;09:35;---
01.09.2016;09:40;---
01.09.2016;09:45;---
01.09.2016;09:50;---
01.09.2016;09:55;---
01.09.2016;10:00;---
01.09.2016;10:05;---
01.09.2016;10:10;---
01.09.2016;10:15;---
01.09.2016;10:20;---
01.09.2016;10:25;---
01.09.2016;10:30;---
01.09.2016;10:35;---
01.09.2016;10:40;---
01.09.2016;10:45;---
01.09.2016;10:50;---
01.09.2016;10:55;---
01.09.2016;11:00;---
01.09.2016;11:05;---
01.09.2016;11:10;---
01.09.2016;11:15;---
01.09.2016;11:20;---
01.09.2016;11:25;---
01.09.2016;11:30;---
01.09.2016;11:35;---
01.09.2016;11:40;---
01.09.2016;11:45;---
01.09.2016;11:50;---
01.09.2016;11:55;---
01.09.2016;12:00;---
01.09.2016;12:05;---
01.09.2016;12:10;---
01.09.2016;12:15;---
01.09.2016;12:20;---
01.09.2016;12:25;---
01.09.2016;12:30;---
01.09.2016;12:35;---
01.09.2016;12:40;---
01.09.2016;12:45;---
01.09.2016;12:50;---
01.09.2016;12:55;---
01.09.2016;13:00;---
01.09.2016;13:05;---
01.09.2016;13:10;---
01.09.2016;13:15;---
01.09.2016;13:20;---
01.09.2016;13:25;---
01.09.2016;13:30;---
01.09.2016;13:35;---
01.09.2016;13:40;---
01.09.2016;13:45;---
01.09.2016;13:50;---
01.09.2016;13:55;---
01.09.2016;14:00;---
01.09.2016;14:05;---
01.09.2016;14:10;---
01.09.2016;14:15;---
01.09.2016;14:20;---
01.09.2016;14:25;---
01.09.2016;14:30;---
01.09.2016;14:35;---
01.09.2016;14:40;---
01.09.2016;14:45;---
01.09.2016;14:50;---
01.09.2016;14:55;---
01.09.2016;15:00;---
01.09.2016;15:05;---
01.09.2016;15:10;---
01.09.2016;15:15;---
01.09.2016;15:20;---
01.09.2016;15:25;---
01.09.2016;15:30;---
01.09.2016;15:35;---
01.09.2016;15:40;---
01.09.2016;15:45;---
01.09.2016;15:50;---
01.09.2016;15:55;---
01.09.2016;16:00;---
01.09.2016;16:05;---
01.09.2016;16:10;---
01.09.2016;16:15;---
01.09.2016;16:20;---
01.09.2016;16:25;---
01.09.2016;16:30;---
01.09.2016;16:35;---
01.09.2016;16:40;---
01.09.2016;16:45;---
01.09.2016;16:50;---
01.09.2016;16:55;---
01.09.2016;17:00;---
01.09.2016;17:05;---
01.09.2016;17:10;---
01.09.2016;17:15;---
01.09.2016;17:20;---
01.09.2016;17:25;---
01.09.2016;17:30;---
01.09.2016;17:35;---
01.09.2016;17:40;---
01.09.2016;17:45;---
01.09.2016;17:50;---
01.09.2016;17:55;---
01.09.2016;18:00;---
01.09.2016;18:05;---
01.09.2016;18:10;---
01.09.2016;18:15;---
01.09.2016;18:20;---
01.09.2016;18:25;---
01.09.2016;18:30;---
01.09.2016;18:35;---
01.09.2016;18:40;---
01.09.2016;18:45;---
01.09.2016;18:50;---
01.09.2016;18:55;---
01.09.2016;19:00;---
01.09.2016;19:05;---
01.09.2016;19:10;---
01.09.2016;19:15;---
01.09.2016;19:20;---
01.09.2016;19:25;---
01.09.2016;19:30;---
01.09.2016;19:35;---
01.09.2016;19:40;---
01.09.2016;19:45;---
01.09.2016;19:50;---
01.09.2016;19:55;---
01.09.2016;20:00;---
01.09.2016;20:05;---
01.09.2016;20:10;---
01.09.2016;20:15;---
01.09.2016;20:20;---
01.09.2016;20:25;---
01.09.2016;20:30;---
01.09.2016;20:35;---
01.09.2016;20:40;---
01.09.2016;20:45;---
01.09.2016;20:50;---
01.09.2016;20:55;---
01.09.2016;21:00;---
01.09.2016;21:05;---
01.09.2016;21:10;---
01.09.2016;21:15;---
01.09.2016;21:20;---
01.09.2016;21:25;---
01.09.2016;21:30;---
01.09.2016;21:35;---
01.09.2016;21:40;---
01.09.2016;21:45;---
01.09.2016;21:50;---
01.09.2016;21:55;---
01.09.2016;22:00;---
01.09.2016;22:05;---
01.09.2016;22:10;---
01.09.2016;22:15;---
01.09.2016;22:20;---
01.09.2016;22:25;---
01.09.2016;22:30;---
01.09.2016;22:35;---
01.09.2016;22:40;---
01.09.2016;22:45;---
01.09.2016;22:50;---
01.09.2016;22:55;---
01.09.2016;23:00;---
01.09.2016;23:05;---
01.09.2016;23:10;---
01.09.2016;23:15;---
01.09.2016;23:20;---
01.09.2016;23:25;---
01.09.2016;23:30;---
01.09.2016;23:35;---
01.09.2016;23:40;---
01.09.2016;23:45;---
01.09.2016;23:50;---
01.09.2016;23:55;---
02.09.2016;00:00;---
