19.08.2016;00:05;13.39
19.08.2016;00:10;13.39
19.08.2016;00:15;13.39
19.08.2016;00:20;13.39
19.08.2016;00:25;13.38
19.08.2016;00:30;13.36
19.08.2016;00:35;13.36
19.08.2016;00:40;13.36
19.08.2016;00:45;13.36
19.08.2016;00:50;13.35
19.08.2016;00:55;13.35
19.08.2016;01:00;13.35
19.08.2016;01:05;13.34
19.08.2016;01:10;13.33
19.08.2016;01:15;13.33
19.08.2016;01:20;13.33
19.08.2016;01:25;13.33
19.08.2016;01:30;13.32
19.08.2016;01:35;13.32
19.08.2016;01:40;13.32
19.08.2016;01:45;13.31
19.08.2016;01:50;13.32
19.08.2016;01:55;13.31
19.08.2016;02:00;13.3
19.08.2016;02:05;13.31
19.08.2016;02:10;13.29
19.08.2016;02:15;13.29
19.08.2016;02:20;13.28
19.08.2016;02:25;13.28
19.08.2016;02:30;13.27
19.08.2016;02:35;13.26
19.08.2016;02:40;13.27
19.08.2016;02:45;13.25
19.08.2016;02:50;13.25
19.08.2016;02:55;13.26
19.08.2016;03:00;13.24
19.08.2016;03:05;13.24
19.08.2016;03:10;13.24
19.08.2016;03:15;13.23
19.08.2016;03:20;13.22
19.08.2016;03:25;13.21
19.08.2016;03:30;13.21
19.08.2016;03:35;13.2
19.08.2016;03:40;13.2
19.08.2016;03:45;13.2
19.08.2016;03:50;13.19
19.08.2016;03:55;13.19
19.08.2016;04:00;13.18
19.08.2016;04:05;13.17
19.08.2016;04:10;13.18
19.08.2016;04:15;13.17
19.08.2016;04:20;13.17
19.08.2016;04:25;13.16
19.08.2016;04:30;13.16
19.08.2016;04:35;13.15
19.08.2016;04:40;13.14
19.08.2016;04:45;13.14
19.08.2016;04:50;13.15
19.08.2016;04:55;13.14
19.08.2016;05:00;13.13
19.08.2016;05:05;13.14
19.08.2016;05:10;13.12
19.08.2016;05:15;13.12
19.08.2016;05:20;13.12
19.08.2016;05:25;13.12
19.08.2016;05:30;13.12
19.08.2016;05:35;13.11
19.08.2016;05:40;13.11
19.08.2016;05:45;13.12
19.08.2016;05:50;13.11
19.08.2016;05:55;13.11
19.08.2016;06:00;13.11
19.08.2016;06:05;13.11
19.08.2016;06:10;13.1
19.08.2016;06:15;13.1
19.08.2016;06:20;13.11
19.08.2016;06:25;13.12
19.08.2016;06:30;13.11
19.08.2016;06:35;13.1
19.08.2016;06:40;13.12
19.08.2016;06:45;13.1
19.08.2016;06:50;13.1
19.08.2016;06:55;13.12
19.08.2016;07:00;13.11
19.08.2016;07:05;13.11
19.08.2016;07:10;13.11
19.08.2016;07:15;13.13
19.08.2016;07:20;13.14
19.08.2016;07:25;13.15
19.08.2016;07:30;13.15
19.08.2016;07:35;13.15
19.08.2016;07:40;13.16
19.08.2016;07:45;13.17
19.08.2016;07:50;13.17
19.08.2016;07:55;13.18
19.08.2016;08:00;13.19
19.08.2016;08:05;13.21
19.08.2016;08:10;13.22
19.08.2016;08:15;13.23
19.08.2016;08:20;13.22
19.08.2016;08:25;13.23
19.08.2016;08:30;13.24
19.08.2016;08:35;13.25
19.08.2016;08:40;13.25
19.08.2016;08:45;13.26
19.08.2016;08:50;13.27
19.08.2016;08:55;13.28
19.08.2016;09:00;13.29
19.08.2016;09:05;13.29
19.08.2016;09:10;13.32
19.08.2016;09:15;13.32
19.08.2016;09:20;13.33
19.08.2016;09:25;13.35
19.08.2016;09:30;13.35
19.08.2016;09:35;13.37
19.08.2016;09:40;13.37
19.08.2016;09:45;13.39
19.08.2016;09:50;13.39
19.08.2016;09:55;13.39
19.08.2016;10:00;13.41
19.08.2016;10:05;13.41
19.08.2016;10:10;13.42
19.08.2016;10:15;13.43
19.08.2016;10:20;13.45
19.08.2016;10:25;13.46
19.08.2016;10:30;13.46
19.08.2016;10:35;13.47
19.08.2016;10:40;13.47
19.08.2016;10:45;13.48
19.08.2016;10:50;13.5
19.08.2016;10:55;13.52
19.08.2016;11:00;13.53
19.08.2016;11:05;13.54
19.08.2016;11:10;13.57
19.08.2016;11:15;13.58
19.08.2016;11:20;13.58
19.08.2016;11:25;13.6
19.08.2016;11:30;13.62
19.08.2016;11:35;13.62
19.08.2016;11:40;13.63
19.08.2016;11:45;13.66
19.08.2016;11:50;13.67
19.08.2016;11:55;13.69
19.08.2016;12:00;13.7
19.08.2016;12:05;13.71
19.08.2016;12:10;13.72
19.08.2016;12:15;13.73
19.08.2016;12:20;13.73
19.08.2016;12:25;13.75
19.08.2016;12:30;13.76
19.08.2016;12:35;13.76
19.08.2016;12:40;13.77
19.08.2016;12:45;13.77
19.08.2016;12:50;13.79
19.08.2016;12:55;13.8
19.08.2016;13:00;13.81
19.08.2016;13:05;13.82
19.08.2016;13:10;13.83
19.08.2016;13:15;13.84
19.08.2016;13:20;13.85
19.08.2016;13:25;13.86
19.08.2016;13:30;13.88
19.08.2016;13:35;13.89
19.08.2016;13:40;13.89
19.08.2016;13:45;13.89
19.08.2016;13:50;13.9
19.08.2016;13:55;13.91
19.08.2016;14:00;13.92
19.08.2016;14:05;13.93
19.08.2016;14:10;13.93
19.08.2016;14:15;13.94
19.08.2016;14:20;13.94
19.08.2016;14:25;13.95
19.08.2016;14:30;13.95
19.08.2016;14:35;13.95
19.08.2016;14:40;13.96
19.08.2016;14:45;13.97
19.08.2016;14:50;13.97
19.08.2016;14:55;13.97
19.08.2016;15:00;13.98
19.08.2016;15:05;13.97
19.08.2016;15:10;13.97
19.08.2016;15:15;13.97
19.08.2016;15:20;13.97
19.08.2016;15:25;13.96
19.08.2016;15:30;13.97
19.08.2016;15:35;13.96
19.08.2016;15:40;13.96
19.08.2016;15:45;13.95
19.08.2016;15:50;13.97
19.08.2016;15:55;13.95
19.08.2016;16:00;13.95
19.08.2016;16:05;13.95
19.08.2016;16:10;13.93
19.08.2016;16:15;13.95
19.08.2016;16:20;13.94
19.08.2016;16:25;13.94
19.08.2016;16:30;13.94
19.08.2016;16:35;13.93
19.08.2016;16:40;13.94
19.08.2016;16:45;13.93
19.08.2016;16:50;13.94
19.08.2016;16:55;13.93
19.08.2016;17:00;13.92
19.08.2016;17:05;13.92
19.08.2016;17:10;13.92
19.08.2016;17:15;13.92
19.08.2016;17:20;13.9
19.08.2016;17:25;13.92
19.08.2016;17:30;13.91
19.08.2016;17:35;13.9
19.08.2016;17:40;13.9
19.08.2016;17:45;13.89
19.08.2016;17:50;13.89
19.08.2016;17:55;13.91
19.08.2016;18:00;13.88
19.08.2016;18:05;13.89
19.08.2016;18:10;13.88
19.08.2016;18:15;13.88
19.08.2016;18:20;13.88
19.08.2016;18:25;13.87
19.08.2016;18:30;13.87
19.08.2016;18:35;13.87
19.08.2016;18:40;13.86
19.08.2016;18:45;13.85
19.08.2016;18:50;13.84
19.08.2016;18:55;13.85
19.08.2016;19:00;13.84
19.08.2016;19:05;13.83
19.08.2016;19:10;13.83
19.08.2016;19:15;13.82
19.08.2016;19:20;13.82
19.08.2016;19:25;13.81
19.08.2016;19:30;13.81
19.08.2016;19:35;13.81
19.08.2016;19:40;13.8
19.08.2016;19:45;13.78
19.08.2016;19:50;13.79
19.08.2016;19:55;13.78
19.08.2016;20:00;13.78
19.08.2016;20:05;13.77
19.08.2016;20:10;13.76
19.08.2016;20:15;13.75
19.08.2016;20:20;13.75
19.08.2016;20:25;13.75
19.08.2016;20:30;13.74
19.08.2016;20:35;13.73
19.08.2016;20:40;13.71
19.08.2016;20:45;13.71
19.08.2016;20:50;13.71
19.08.2016;20:55;13.7
19.08.2016;21:00;13.69
19.08.2016;21:05;13.69
19.08.2016;21:10;13.69
19.08.2016;21:15;13.68
19.08.2016;21:20;13.68
19.08.2016;21:25;13.66
19.08.2016;21:30;13.66
19.08.2016;21:35;13.65
19.08.2016;21:40;13.65
19.08.2016;21:45;13.65
19.08.2016;21:50;13.64
19.08.2016;21:55;13.63
19.08.2016;22:00;13.63
19.08.2016;22:05;13.62
19.08.2016;22:10;13.62
19.08.2016;22:15;13.61
19.08.2016;22:20;13.61
19.08.2016;22:25;13.59
19.08.2016;22:30;13.6
19.08.2016;22:35;13.59
19.08.2016;22:40;13.59
19.08.2016;22:45;13.59
19.08.2016;22:50;13.59
19.08.2016;22:55;13.58
19.08.2016;23:00;13.58
19.08.2016;23:05;13.58
19.08.2016;23:10;13.56
19.08.2016;23:15;13.56
19.08.2016;23:20;13.57
19.08.2016;23:25;13.57
19.08.2016;23:30;13.56
19.08.2016;23:35;13.56
19.08.2016;23:40;13.56
19.08.2016;23:45;13.55
19.08.2016;23:50;13.55
19.08.2016;23:55;13.54
20.08.2016;00:00;13.54
20.08.2016;00:05;13.54
20.08.2016;00:10;13.54
20.08.2016;00:15;13.52
20.08.2016;00:20;13.53
20.08.2016;00:25;13.53
20.08.2016;00:30;13.52
20.08.2016;00:35;13.52
20.08.2016;00:40;13.5
20.08.2016;00:45;13.51
20.08.2016;00:50;13.52
20.08.2016;00:55;13.51
20.08.2016;01:00;13.5
20.08.2016;01:05;13.5
20.08.2016;01:10;13.5
20.08.2016;01:15;13.47
20.08.2016;01:20;13.49
20.08.2016;01:25;13.47
20.08.2016;01:30;13.46
20.08.2016;01:35;13.45
20.08.2016;01:40;13.45
20.08.2016;01:45;13.44
20.08.2016;01:50;13.44
20.08.2016;01:55;13.43
20.08.2016;02:00;13.43
20.08.2016;02:05;13.42
20.08.2016;02:10;13.41
20.08.2016;02:15;13.4
20.08.2016;02:20;13.4
20.08.2016;02:25;13.39
20.08.2016;02:30;13.38
20.08.2016;02:35;13.37
20.08.2016;02:40;13.36
20.08.2016;02:45;13.38
20.08.2016;02:50;13.37
20.08.2016;02:55;13.35
20.08.2016;03:00;13.34
20.08.2016;03:05;13.34
20.08.2016;03:10;13.34
20.08.2016;03:15;13.32
20.08.2016;03:20;13.32
20.08.2016;03:25;13.31
20.08.2016;03:30;13.32
20.08.2016;03:35;13.3
20.08.2016;03:40;13.3
20.08.2016;03:45;13.29
20.08.2016;03:50;13.29
20.08.2016;03:55;13.28
20.08.2016;04:00;13.27
20.08.2016;04:05;13.26
20.08.2016;04:10;13.27
20.08.2016;04:15;13.25
20.08.2016;04:20;13.24
20.08.2016;04:25;13.25
20.08.2016;04:30;13.25
20.08.2016;04:35;13.24
20.08.2016;04:40;13.23
20.08.2016;04:45;13.23
20.08.2016;04:50;13.22
20.08.2016;04:55;13.21
20.08.2016;05:00;13.21
20.08.2016;05:05;13.2
20.08.2016;05:10;13.2
20.08.2016;05:15;13.2
20.08.2016;05:20;13.19
20.08.2016;05:25;13.18
20.08.2016;05:30;13.18
20.08.2016;05:35;13.19
20.08.2016;05:40;13.18
20.08.2016;05:45;13.17
20.08.2016;05:50;13.18
20.08.2016;05:55;13.17
20.08.2016;06:00;13.17
20.08.2016;06:05;13.17
20.08.2016;06:10;13.16
20.08.2016;06:15;13.17
20.08.2016;06:20;13.18
20.08.2016;06:25;13.17
20.08.2016;06:30;13.18
20.08.2016;06:35;13.18
20.08.2016;06:40;13.19
20.08.2016;06:45;13.19
20.08.2016;06:50;13.18
20.08.2016;06:55;13.2
20.08.2016;07:00;13.21
20.08.2016;07:05;13.21
20.08.2016;07:10;13.22
20.08.2016;07:15;13.22
20.08.2016;07:20;13.23
20.08.2016;07:25;13.23
20.08.2016;07:30;13.25
20.08.2016;07:35;13.26
20.08.2016;07:40;13.26
20.08.2016;07:45;13.26
20.08.2016;07:50;13.28
20.08.2016;07:55;13.28
20.08.2016;08:00;13.29
20.08.2016;08:05;13.29
20.08.2016;08:10;13.29
20.08.2016;08:15;13.32
20.08.2016;08:20;13.33
20.08.2016;08:25;13.34
20.08.2016;08:30;13.36
20.08.2016;08:35;13.36
20.08.2016;08:40;13.36
20.08.2016;08:45;13.38
20.08.2016;08:50;13.39
20.08.2016;08:55;13.39
20.08.2016;09:00;13.4
20.08.2016;09:05;13.41
20.08.2016;09:10;13.4
20.08.2016;09:15;13.41
20.08.2016;09:20;13.42
20.08.2016;09:25;13.43
20.08.2016;09:30;13.41
20.08.2016;09:35;13.43
20.08.2016;09:40;13.42
20.08.2016;09:45;13.44
20.08.2016;09:50;13.44
20.08.2016;09:55;13.43
20.08.2016;10:00;13.43
20.08.2016;10:05;13.44
20.08.2016;10:10;13.44
20.08.2016;10:15;13.43
20.08.2016;10:20;13.44
20.08.2016;10:25;13.45
20.08.2016;10:30;13.44
20.08.2016;10:35;13.44
20.08.2016;10:40;13.46
20.08.2016;10:45;13.46
20.08.2016;10:50;13.47
20.08.2016;10:55;13.46
20.08.2016;11:00;13.47
20.08.2016;11:05;13.47
20.08.2016;11:10;13.46
20.08.2016;11:15;13.47
20.08.2016;11:20;13.46
20.08.2016;11:25;13.47
20.08.2016;11:30;13.46
20.08.2016;11:35;13.47
20.08.2016;11:40;13.46
20.08.2016;11:45;13.48
20.08.2016;11:50;13.47
20.08.2016;11:55;13.47
20.08.2016;12:00;13.48
20.08.2016;12:05;13.47
20.08.2016;12:10;13.48
20.08.2016;12:15;13.48
20.08.2016;12:20;13.48
20.08.2016;12:25;13.47
20.08.2016;12:30;13.47
20.08.2016;12:35;13.47
20.08.2016;12:40;13.48
20.08.2016;12:45;13.47
20.08.2016;12:50;13.48
20.08.2016;12:55;13.49
20.08.2016;13:00;13.47
20.08.2016;13:05;13.5
20.08.2016;13:10;13.49
20.08.2016;13:15;13.49
20.08.2016;13:20;13.49
20.08.2016;13:25;13.48
20.08.2016;13:30;13.48
20.08.2016;13:35;13.48
20.08.2016;13:40;13.49
20.08.2016;13:45;13.48
20.08.2016;13:50;13.48
20.08.2016;13:55;13.49
20.08.2016;14:00;13.48
20.08.2016;14:05;13.48
20.08.2016;14:10;13.47
20.08.2016;14:15;13.48
20.08.2016;14:20;13.48
20.08.2016;14:25;13.48
20.08.2016;14:30;13.49
20.08.2016;14:35;13.48
20.08.2016;14:40;13.48
20.08.2016;14:45;13.48
20.08.2016;14:50;13.48
20.08.2016;14:55;13.48
20.08.2016;15:00;13.46
20.08.2016;15:05;13.46
20.08.2016;15:10;13.46
20.08.2016;15:15;13.46
20.08.2016;15:20;13.44
20.08.2016;15:25;13.44
20.08.2016;15:30;13.44
20.08.2016;15:35;13.43
20.08.2016;15:40;13.42
20.08.2016;15:45;13.42
20.08.2016;15:50;13.41
20.08.2016;15:55;13.41
20.08.2016;16:00;13.4
20.08.2016;16:05;13.39
20.08.2016;16:10;13.38
20.08.2016;16:15;13.37
20.08.2016;16:20;13.36
20.08.2016;16:25;13.36
20.08.2016;16:30;13.36
20.08.2016;16:35;13.34
20.08.2016;16:40;13.33
20.08.2016;16:45;13.32
20.08.2016;16:50;13.31
20.08.2016;16:55;13.31
20.08.2016;17:00;13.32
20.08.2016;17:05;13.29
20.08.2016;17:10;13.3
20.08.2016;17:15;13.29
20.08.2016;17:20;13.28
20.08.2016;17:25;13.27
20.08.2016;17:30;13.26
20.08.2016;17:35;13.26
20.08.2016;17:40;13.24
20.08.2016;17:45;13.25
20.08.2016;17:50;13.24
20.08.2016;17:55;13.24
20.08.2016;18:00;13.23
20.08.2016;18:05;13.23
20.08.2016;18:10;13.23
20.08.2016;18:15;13.21
20.08.2016;18:20;13.21
20.08.2016;18:25;13.2
20.08.2016;18:30;13.2
20.08.2016;18:35;13.21
20.08.2016;18:40;13.2
20.08.2016;18:45;13.2
20.08.2016;18:50;13.2
20.08.2016;18:55;13.18
20.08.2016;19:00;13.17
20.08.2016;19:05;13.17
20.08.2016;19:10;13.16
20.08.2016;19:15;13.14
20.08.2016;19:20;13.13
20.08.2016;19:25;13.11
20.08.2016;19:30;13.1
20.08.2016;19:35;13.1
20.08.2016;19:40;13.08
20.08.2016;19:45;13.06
20.08.2016;19:50;13.05
20.08.2016;19:55;13.04
20.08.2016;20:00;13.04
20.08.2016;20:05;13.01
20.08.2016;20:10;13.01
20.08.2016;20:15;12.99
20.08.2016;20:20;12.98
20.08.2016;20:25;12.98
20.08.2016;20:30;12.96
20.08.2016;20:35;12.96
20.08.2016;20:40;12.95
20.08.2016;20:45;12.93
20.08.2016;20:50;12.9
20.08.2016;20:55;12.91
20.08.2016;21:00;12.91
20.08.2016;21:05;12.9
20.08.2016;21:10;12.87
20.08.2016;21:15;12.87
20.08.2016;21:20;12.86
20.08.2016;21:25;12.84
20.08.2016;21:30;12.84
20.08.2016;21:35;12.83
20.08.2016;21:40;12.83
20.08.2016;21:45;12.81
20.08.2016;21:50;12.79
20.08.2016;21:55;12.8
20.08.2016;22:00;12.79
20.08.2016;22:05;12.79
20.08.2016;22:10;12.77
20.08.2016;22:15;12.76
20.08.2016;22:20;12.75
20.08.2016;22:25;12.74
20.08.2016;22:30;12.75
20.08.2016;22:35;12.73
20.08.2016;22:40;12.72
20.08.2016;22:45;12.69
20.08.2016;22:50;12.7
20.08.2016;22:55;12.68
20.08.2016;23:00;12.69
20.08.2016;23:05;12.68
20.08.2016;23:10;12.68
20.08.2016;23:15;12.67
20.08.2016;23:20;12.66
20.08.2016;23:25;12.66
20.08.2016;23:30;12.65
20.08.2016;23:35;12.66
20.08.2016;23:40;12.63
20.08.2016;23:45;12.64
20.08.2016;23:50;12.62
20.08.2016;23:55;12.63
21.08.2016;00:00;12.61
21.08.2016;00:05;12.61
21.08.2016;00:10;12.6
21.08.2016;00:15;12.6
21.08.2016;00:20;12.58
21.08.2016;00:25;12.59
21.08.2016;00:30;12.59
21.08.2016;00:35;12.58
21.08.2016;00:40;12.58
21.08.2016;00:45;12.58
21.08.2016;00:50;12.58
21.08.2016;00:55;12.59
21.08.2016;01:00;12.58
21.08.2016;01:05;12.58
21.08.2016;01:10;12.58
21.08.2016;01:15;12.58
21.08.2016;01:20;12.56
21.08.2016;01:25;12.57
21.08.2016;01:30;12.57
21.08.2016;01:35;12.57
21.08.2016;01:40;12.57
21.08.2016;01:45;12.57
21.08.2016;01:50;12.56
21.08.2016;01:55;12.57
21.08.2016;02:00;12.56
21.08.2016;02:05;12.56
21.08.2016;02:10;12.56
21.08.2016;02:15;12.54
21.08.2016;02:20;12.54
21.08.2016;02:25;12.55
21.08.2016;02:30;12.54
21.08.2016;02:35;12.54
21.08.2016;02:40;12.53
21.08.2016;02:45;12.54
21.08.2016;02:50;12.52
21.08.2016;02:55;12.52
21.08.2016;03:00;12.53
21.08.2016;03:05;12.52
21.08.2016;03:10;12.52
21.08.2016;03:15;12.52
21.08.2016;03:20;12.51
21.08.2016;03:25;12.5
21.08.2016;03:30;12.51
21.08.2016;03:35;12.5
21.08.2016;03:40;12.49
21.08.2016;03:45;12.49
21.08.2016;03:50;12.49
21.08.2016;03:55;12.47
21.08.2016;04:00;12.48
21.08.2016;04:05;12.47
21.08.2016;04:10;12.46
21.08.2016;04:15;12.46
21.08.2016;04:20;12.45
21.08.2016;04:25;12.45
21.08.2016;04:30;12.45
21.08.2016;04:35;12.45
21.08.2016;04:40;12.45
21.08.2016;04:45;12.45
21.08.2016;04:50;12.45
21.08.2016;04:55;12.45
21.08.2016;05:00;12.44
21.08.2016;05:05;12.44
21.08.2016;05:10;12.43
21.08.2016;05:15;12.45
21.08.2016;05:20;12.45
21.08.2016;05:25;12.45
21.08.2016;05:30;12.45
21.08.2016;05:35;12.45
21.08.2016;05:40;12.44
21.08.2016;05:45;12.44
21.08.2016;05:50;12.44
21.08.2016;05:55;12.44
21.08.2016;06:00;12.45
21.08.2016;06:05;12.46
21.08.2016;06:10;12.45
21.08.2016;06:15;12.45
21.08.2016;06:20;12.45
21.08.2016;06:25;12.46
21.08.2016;06:30;12.46
21.08.2016;06:35;12.46
21.08.2016;06:40;12.47
21.08.2016;06:45;12.47
21.08.2016;06:50;12.47
21.08.2016;06:55;12.49
21.08.2016;07:00;12.49
21.08.2016;07:05;12.49
21.08.2016;07:10;12.5
21.08.2016;07:15;12.48
21.08.2016;07:20;12.5
21.08.2016;07:25;12.5
21.08.2016;07:30;12.51
21.08.2016;07:35;12.52
21.08.2016;07:40;12.51
21.08.2016;07:45;12.53
21.08.2016;07:50;12.53
21.08.2016;07:55;12.54
21.08.2016;08:00;12.55
21.08.2016;08:05;12.54
21.08.2016;08:10;12.54
21.08.2016;08:15;12.55
21.08.2016;08:20;12.55
21.08.2016;08:25;12.57
21.08.2016;08:30;12.58
21.08.2016;08:35;12.59
21.08.2016;08:40;12.58
21.08.2016;08:45;12.59
21.08.2016;08:50;12.61
21.08.2016;08:55;12.62
21.08.2016;09:00;12.63
21.08.2016;09:05;12.65
21.08.2016;09:10;12.67
21.08.2016;09:15;12.69
21.08.2016;09:20;12.69
21.08.2016;09:25;12.69
21.08.2016;09:30;12.71
21.08.2016;09:35;12.71
21.08.2016;09:40;12.72
21.08.2016;09:45;12.72
21.08.2016;09:50;12.73
21.08.2016;09:55;12.74
21.08.2016;10:00;12.75
21.08.2016;10:05;12.76
21.08.2016;10:10;12.76
21.08.2016;10:15;12.77
21.08.2016;10:20;12.77
21.08.2016;10:25;12.76
21.08.2016;10:30;12.76
21.08.2016;10:35;12.75
21.08.2016;10:40;12.75
21.08.2016;10:45;12.75
21.08.2016;10:50;12.74
21.08.2016;10:55;12.74
21.08.2016;11:00;12.74
21.08.2016;11:05;12.75
21.08.2016;11:10;12.74
21.08.2016;11:15;12.73
21.08.2016;11:20;12.73
21.08.2016;11:25;12.73
21.08.2016;11:30;12.74
21.08.2016;11:35;12.74
21.08.2016;11:40;12.74
21.08.2016;11:45;12.74
21.08.2016;11:50;12.73
21.08.2016;11:55;12.73
21.08.2016;12:00;12.74
21.08.2016;12:05;12.74
21.08.2016;12:10;12.74
21.08.2016;12:15;12.75
21.08.2016;12:20;12.76
21.08.2016;12:25;12.77
21.08.2016;12:30;12.76
21.08.2016;12:35;12.77
21.08.2016;12:40;12.77
21.08.2016;12:45;12.77
21.08.2016;12:50;12.77
21.08.2016;12:55;12.77
21.08.2016;13:00;12.78
21.08.2016;13:05;12.77
21.08.2016;13:10;12.77
21.08.2016;13:15;12.76
21.08.2016;13:20;12.77
21.08.2016;13:25;12.75
21.08.2016;13:30;12.75
21.08.2016;13:35;12.74
21.08.2016;13:40;12.74
21.08.2016;13:45;12.74
21.08.2016;13:50;12.74
21.08.2016;13:55;12.74
21.08.2016;14:00;12.72
21.08.2016;14:05;12.73
21.08.2016;14:10;12.72
21.08.2016;14:15;12.73
21.08.2016;14:20;12.72
21.08.2016;14:25;12.72
21.08.2016;14:30;12.71
21.08.2016;14:35;12.72
21.08.2016;14:40;12.7
21.08.2016;14:45;12.71
21.08.2016;14:50;12.7
21.08.2016;14:55;12.69
21.08.2016;15:00;12.69
21.08.2016;15:05;12.68
21.08.2016;15:10;12.69
21.08.2016;15:15;12.68
21.08.2016;15:20;12.67
21.08.2016;15:25;12.67
21.08.2016;15:30;12.67
21.08.2016;15:35;12.67
21.08.2016;15:40;12.67
21.08.2016;15:45;12.68
21.08.2016;15:50;12.67
21.08.2016;15:55;12.67
21.08.2016;16:00;12.66
21.08.2016;16:05;12.66
21.08.2016;16:10;12.68
21.08.2016;16:15;12.68
21.08.2016;16:20;12.68
21.08.2016;16:25;12.68
21.08.2016;16:30;12.68
21.08.2016;16:35;12.68
21.08.2016;16:40;12.68
21.08.2016;16:45;12.68
21.08.2016;16:50;12.68
21.08.2016;16:55;12.68
21.08.2016;17:00;12.68
21.08.2016;17:05;12.67
21.08.2016;17:10;12.68
21.08.2016;17:15;12.66
21.08.2016;17:20;12.68
21.08.2016;17:25;12.65
21.08.2016;17:30;12.66
21.08.2016;17:35;12.66
21.08.2016;17:40;12.66
21.08.2016;17:45;12.64
21.08.2016;17:50;12.64
21.08.2016;17:55;12.63
21.08.2016;18:00;12.63
21.08.2016;18:05;12.63
21.08.2016;18:10;12.62
21.08.2016;18:15;12.64
21.08.2016;18:20;12.62
21.08.2016;18:25;12.63
21.08.2016;18:30;12.62
21.08.2016;18:35;12.61
21.08.2016;18:40;12.6
21.08.2016;18:45;12.61
21.08.2016;18:50;12.6
21.08.2016;18:55;12.59
21.08.2016;19:00;12.59
21.08.2016;19:05;12.58
21.08.2016;19:10;12.59
21.08.2016;19:15;12.58
21.08.2016;19:20;12.57
21.08.2016;19:25;12.56
21.08.2016;19:30;12.57
21.08.2016;19:35;12.55
21.08.2016;19:40;12.56
21.08.2016;19:45;12.56
21.08.2016;19:50;12.55
21.08.2016;19:55;12.55
21.08.2016;20:00;12.54
21.08.2016;20:05;12.54
21.08.2016;20:10;12.53
21.08.2016;20:15;12.53
21.08.2016;20:20;12.52
21.08.2016;20:25;12.53
21.08.2016;20:30;12.51
21.08.2016;20:35;12.5
21.08.2016;20:40;12.49
21.08.2016;20:45;12.5
21.08.2016;20:50;12.48
21.08.2016;20:55;12.49
21.08.2016;21:00;12.48
21.08.2016;21:05;12.47
21.08.2016;21:10;12.48
21.08.2016;21:15;12.47
21.08.2016;21:20;12.45
21.08.2016;21:25;12.45
21.08.2016;21:30;12.45
21.08.2016;21:35;12.43
21.08.2016;21:40;12.43
21.08.2016;21:45;12.43
21.08.2016;21:50;12.41
21.08.2016;21:55;12.43
21.08.2016;22:00;12.42
21.08.2016;22:05;12.41
21.08.2016;22:10;12.4
21.08.2016;22:15;12.39
21.08.2016;22:20;12.38
21.08.2016;22:25;12.38
21.08.2016;22:30;12.36
21.08.2016;22:35;12.36
21.08.2016;22:40;12.37
21.08.2016;22:45;12.33
21.08.2016;22:50;12.34
21.08.2016;22:55;12.33
21.08.2016;23:00;12.34
21.08.2016;23:05;12.33
21.08.2016;23:10;12.33
21.08.2016;23:15;12.33
21.08.2016;23:20;12.32
21.08.2016;23:25;12.32
21.08.2016;23:30;12.32
21.08.2016;23:35;12.32
21.08.2016;23:40;12.3
21.08.2016;23:45;12.31
21.08.2016;23:50;12.31
21.08.2016;23:55;12.29
22.08.2016;00:00;12.29
22.08.2016;00:05;12.31
22.08.2016;00:10;12.29
22.08.2016;00:15;12.27
22.08.2016;00:20;12.28
22.08.2016;00:25;12.27
22.08.2016;00:30;12.26
22.08.2016;00:35;12.28
22.08.2016;00:40;12.24
22.08.2016;00:45;12.24
22.08.2016;00:50;12.23
22.08.2016;00:55;12.22
22.08.2016;01:00;12.22
22.08.2016;01:05;12.21
22.08.2016;01:10;12.21
22.08.2016;01:15;12.19
22.08.2016;01:20;12.2
22.08.2016;01:25;12.19
22.08.2016;01:30;12.17
22.08.2016;01:35;12.16
22.08.2016;01:40;12.17
22.08.2016;01:45;12.16
22.08.2016;01:50;12.14
22.08.2016;01:55;12.14
22.08.2016;02:00;12.15
22.08.2016;02:05;12.14
22.08.2016;02:10;12.15
22.08.2016;02:15;12.14
22.08.2016;02:20;12.15
22.08.2016;02:25;12.14
22.08.2016;02:30;12.14
22.08.2016;02:35;12.13
22.08.2016;02:40;12.14
22.08.2016;02:45;12.13
22.08.2016;02:50;12.13
22.08.2016;02:55;12.14
22.08.2016;03:00;12.13
22.08.2016;03:05;12.12
22.08.2016;03:10;12.13
22.08.2016;03:15;12.12
22.08.2016;03:20;12.11
22.08.2016;03:25;12.1
22.08.2016;03:30;12.12
22.08.2016;03:35;12.1
22.08.2016;03:40;12.09
22.08.2016;03:45;12.09
22.08.2016;03:50;12.11
22.08.2016;03:55;12.1
22.08.2016;04:00;12.07
22.08.2016;04:05;12.08
22.08.2016;04:10;12.08
22.08.2016;04:15;12.08
22.08.2016;04:20;12.07
22.08.2016;04:25;12.08
22.08.2016;04:30;12.06
22.08.2016;04:35;12.07
22.08.2016;04:40;12.07
22.08.2016;04:45;12.07
22.08.2016;04:50;12.08
22.08.2016;04:55;12.06
22.08.2016;05:00;12.06
22.08.2016;05:05;12.04
22.08.2016;05:10;12.05
22.08.2016;05:15;12.07
22.08.2016;05:20;12.05
22.08.2016;05:25;12.05
22.08.2016;05:30;12.06
22.08.2016;05:35;12.07
22.08.2016;05:40;12.06
22.08.2016;05:45;12.06
22.08.2016;05:50;12.07
22.08.2016;05:55;12.06
22.08.2016;06:00;12.07
22.08.2016;06:05;12.06
22.08.2016;06:10;12.06
22.08.2016;06:15;12.05
22.08.2016;06:20;12.07
22.08.2016;06:25;12.06
22.08.2016;06:30;12.07
22.08.2016;06:35;12.06
22.08.2016;06:40;12.05
22.08.2016;06:45;12.04
22.08.2016;06:50;12.06
22.08.2016;06:55;12.07
22.08.2016;07:00;12.06
22.08.2016;07:05;12.07
22.08.2016;07:10;12.07
22.08.2016;07:15;12.08
22.08.2016;07:20;12.09
22.08.2016;07:25;12.07
22.08.2016;07:30;12.09
22.08.2016;07:35;12.09
22.08.2016;07:40;12.09
22.08.2016;07:45;12.12
22.08.2016;07:50;12.1
22.08.2016;07:55;12.12
22.08.2016;08:00;12.13
22.08.2016;08:05;12.15
22.08.2016;08:10;12.17
22.08.2016;08:15;12.18
22.08.2016;08:20;12.18
22.08.2016;08:25;12.19
22.08.2016;08:30;12.2
22.08.2016;08:35;12.21
22.08.2016;08:40;12.24
22.08.2016;08:45;12.25
22.08.2016;08:50;12.27
22.08.2016;08:55;12.28
22.08.2016;09:00;12.31
22.08.2016;09:05;12.3
22.08.2016;09:10;12.34
22.08.2016;09:15;12.36
22.08.2016;09:20;12.36
22.08.2016;09:25;12.37
22.08.2016;09:30;12.38
22.08.2016;09:35;12.41
22.08.2016;09:40;12.4
22.08.2016;09:45;12.42
22.08.2016;09:50;12.43
22.08.2016;09:55;12.41
22.08.2016;10:00;12.43
22.08.2016;10:05;12.42
22.08.2016;10:10;12.43
22.08.2016;10:15;12.42
22.08.2016;10:20;12.42
22.08.2016;10:25;12.41
22.08.2016;10:30;12.4
22.08.2016;10:35;12.41
22.08.2016;10:40;12.4
22.08.2016;10:45;12.41
22.08.2016;10:50;12.4
22.08.2016;10:55;12.39
22.08.2016;11:00;12.43
22.08.2016;11:05;12.43
22.08.2016;11:10;12.43
22.08.2016;11:15;12.44
22.08.2016;11:20;12.43
22.08.2016;11:25;12.46
22.08.2016;11:30;12.47
22.08.2016;11:35;12.47
22.08.2016;11:40;12.47
22.08.2016;11:45;12.49
22.08.2016;11:50;12.5
22.08.2016;11:55;12.5
22.08.2016;12:00;12.51
22.08.2016;12:05;12.53
22.08.2016;12:10;12.53
22.08.2016;12:15;12.55
22.08.2016;12:20;12.56
22.08.2016;12:25;12.59
22.08.2016;12:30;12.6
22.08.2016;12:35;12.6
22.08.2016;12:40;12.62
22.08.2016;12:45;12.63
22.08.2016;12:50;12.63
22.08.2016;12:55;12.63
22.08.2016;13:00;12.64
22.08.2016;13:05;12.66
22.08.2016;13:10;12.66
22.08.2016;13:15;12.67
22.08.2016;13:20;12.68
22.08.2016;13:25;12.68
22.08.2016;13:30;12.69
22.08.2016;13:35;12.71
22.08.2016;13:40;12.71
22.08.2016;13:45;12.72
22.08.2016;13:50;12.72
22.08.2016;13:55;12.74
22.08.2016;14:00;12.74
22.08.2016;14:05;12.74
22.08.2016;14:10;12.75
22.08.2016;14:15;12.75
22.08.2016;14:20;12.76
22.08.2016;14:25;12.77
22.08.2016;14:30;12.8
22.08.2016;14:35;12.79
22.08.2016;14:40;12.8
22.08.2016;14:45;12.82
22.08.2016;14:50;12.82
22.08.2016;14:55;12.84
22.08.2016;15:00;12.83
22.08.2016;15:05;12.85
22.08.2016;15:10;12.85
22.08.2016;15:15;12.86
22.08.2016;15:20;12.85
22.08.2016;15:25;12.86
22.08.2016;15:30;12.86
22.08.2016;15:35;12.86
22.08.2016;15:40;12.87
22.08.2016;15:45;12.87
22.08.2016;15:50;12.87
22.08.2016;15:55;12.88
22.08.2016;16:00;12.88
22.08.2016;16:05;12.88
22.08.2016;16:10;12.88
22.08.2016;16:15;12.87
22.08.2016;16:20;12.86
22.08.2016;16:25;12.86
22.08.2016;16:30;12.86
22.08.2016;16:35;12.86
22.08.2016;16:40;12.85
22.08.2016;16:45;12.84
22.08.2016;16:50;12.84
22.08.2016;16:55;12.83
22.08.2016;17:00;12.83
22.08.2016;17:05;12.81
22.08.2016;17:10;12.81
22.08.2016;17:15;12.81
22.08.2016;17:20;12.8
22.08.2016;17:25;12.8
22.08.2016;17:30;12.78
22.08.2016;17:35;12.78
22.08.2016;17:40;12.77
22.08.2016;17:45;12.77
22.08.2016;17:50;12.78
22.08.2016;17:55;12.76
22.08.2016;18:00;12.76
22.08.2016;18:05;12.75
22.08.2016;18:10;12.75
22.08.2016;18:15;12.76
22.08.2016;18:20;12.75
22.08.2016;18:25;12.75
22.08.2016;18:30;12.74
22.08.2016;18:35;12.74
22.08.2016;18:40;12.74
22.08.2016;18:45;12.73
22.08.2016;18:50;12.74
22.08.2016;18:55;12.72
22.08.2016;19:00;12.72
22.08.2016;19:05;12.72
22.08.2016;19:10;12.72
22.08.2016;19:15;12.72
22.08.2016;19:20;12.71
22.08.2016;19:25;12.7
22.08.2016;19:30;12.7
22.08.2016;19:35;12.69
22.08.2016;19:40;12.69
22.08.2016;19:45;12.69
22.08.2016;19:50;12.68
22.08.2016;19:55;12.67
22.08.2016;20:00;12.68
22.08.2016;20:05;12.67
22.08.2016;20:10;12.66
22.08.2016;20:15;12.66
22.08.2016;20:20;12.65
22.08.2016;20:25;12.65
22.08.2016;20:30;12.65
22.08.2016;20:35;12.63
22.08.2016;20:40;12.64
22.08.2016;20:45;12.63
22.08.2016;20:50;12.62
22.08.2016;20:55;12.62
22.08.2016;21:00;12.61
22.08.2016;21:05;12.61
22.08.2016;21:10;12.6
22.08.2016;21:15;12.59
22.08.2016;21:20;12.6
22.08.2016;21:25;12.58
22.08.2016;21:30;12.58
22.08.2016;21:35;12.58
22.08.2016;21:40;12.57
22.08.2016;21:45;12.56
22.08.2016;21:50;12.56
22.08.2016;21:55;12.57
22.08.2016;22:00;12.56
22.08.2016;22:05;12.56
22.08.2016;22:10;12.54
22.08.2016;22:15;12.56
22.08.2016;22:20;12.54
22.08.2016;22:25;12.54
22.08.2016;22:30;12.52
22.08.2016;22:35;12.53
22.08.2016;22:40;12.52
22.08.2016;22:45;12.52
22.08.2016;22:50;12.51
22.08.2016;22:55;12.51
22.08.2016;23:00;12.5
22.08.2016;23:05;12.5
22.08.2016;23:10;12.5
22.08.2016;23:15;12.5
22.08.2016;23:20;12.49
22.08.2016;23:25;12.5
22.08.2016;23:30;12.48
22.08.2016;23:35;12.48
22.08.2016;23:40;12.46
22.08.2016;23:45;12.47
22.08.2016;23:50;12.47
22.08.2016;23:55;12.48
23.08.2016;00:00;12.47
23.08.2016;00:05;12.47
23.08.2016;00:10;12.48
23.08.2016;00:15;12.47
23.08.2016;00:20;12.47
23.08.2016;00:25;12.47
23.08.2016;00:30;12.46
23.08.2016;00:35;12.47
23.08.2016;00:40;12.46
23.08.2016;00:45;12.46
23.08.2016;00:50;12.45
23.08.2016;00:55;12.47
23.08.2016;01:00;12.46
23.08.2016;01:05;12.46
23.08.2016;01:10;12.45
23.08.2016;01:15;12.47
23.08.2016;01:20;12.47
23.08.2016;01:25;12.47
23.08.2016;01:30;12.45
23.08.2016;01:35;12.47
23.08.2016;01:40;12.46
23.08.2016;01:45;12.45
23.08.2016;01:50;12.46
23.08.2016;01:55;12.45
23.08.2016;02:00;12.45
23.08.2016;02:05;12.47
23.08.2016;02:10;12.46
23.08.2016;02:15;12.46
23.08.2016;02:20;12.46
23.08.2016;02:25;12.45
23.08.2016;02:30;12.45
23.08.2016;02:35;12.46
23.08.2016;02:40;12.46
23.08.2016;02:45;12.46
23.08.2016;02:50;12.46
23.08.2016;02:55;12.44
23.08.2016;03:00;12.44
23.08.2016;03:05;12.44
23.08.2016;03:10;12.45
23.08.2016;03:15;12.44
23.08.2016;03:20;12.44
23.08.2016;03:25;12.43
23.08.2016;03:30;12.44
23.08.2016;03:35;12.44
23.08.2016;03:40;12.42
23.08.2016;03:45;12.42
23.08.2016;03:50;12.42
23.08.2016;03:55;12.42
23.08.2016;04:00;12.41
23.08.2016;04:05;12.4
23.08.2016;04:10;12.41
23.08.2016;04:15;12.4
23.08.2016;04:20;12.41
23.08.2016;04:25;12.4
23.08.2016;04:30;12.4
23.08.2016;04:35;12.4
23.08.2016;04:40;12.4
23.08.2016;04:45;12.38
23.08.2016;04:50;12.37
23.08.2016;04:55;12.38
23.08.2016;05:00;12.39
23.08.2016;05:05;12.38
23.08.2016;05:10;12.36
23.08.2016;05:15;12.38
23.08.2016;05:20;12.38
23.08.2016;05:25;12.37
23.08.2016;05:30;12.38
23.08.2016;05:35;12.36
23.08.2016;05:40;12.36
23.08.2016;05:45;12.38
23.08.2016;05:50;12.37
23.08.2016;05:55;12.35
23.08.2016;06:00;12.36
23.08.2016;06:05;12.36
23.08.2016;06:10;12.36
23.08.2016;06:15;12.35
23.08.2016;06:20;12.36
23.08.2016;06:25;12.37
23.08.2016;06:30;12.36
23.08.2016;06:35;12.34
23.08.2016;06:40;12.34
23.08.2016;06:45;12.36
23.08.2016;06:50;12.38
23.08.2016;06:55;12.35
23.08.2016;07:00;12.36
23.08.2016;07:05;12.36
23.08.2016;07:10;12.37
23.08.2016;07:15;12.37
23.08.2016;07:20;12.38
23.08.2016;07:25;12.39
23.08.2016;07:30;12.38
23.08.2016;07:35;12.4
23.08.2016;07:40;12.41
23.08.2016;07:45;12.43
23.08.2016;07:50;12.43
23.08.2016;07:55;12.45
23.08.2016;08:00;12.48
23.08.2016;08:05;12.47
23.08.2016;08:10;12.49
23.08.2016;08:15;12.49
23.08.2016;08:20;12.52
23.08.2016;08:25;12.54
23.08.2016;08:30;12.56
23.08.2016;08:35;12.58
23.08.2016;08:40;12.59
23.08.2016;08:45;12.61
23.08.2016;08:50;12.64
23.08.2016;08:55;12.66
23.08.2016;09:00;12.68
23.08.2016;09:05;12.7
23.08.2016;09:10;12.74
23.08.2016;09:15;12.76
23.08.2016;09:20;12.78
23.08.2016;09:25;12.81
23.08.2016;09:30;12.85
23.08.2016;09:35;12.88
23.08.2016;09:40;12.92
23.08.2016;09:45;12.94
23.08.2016;09:50;12.97
23.08.2016;09:55;13.01
23.08.2016;10:00;13.01
23.08.2016;10:05;13.04
23.08.2016;10:10;13.06
23.08.2016;10:15;13.06
23.08.2016;10:20;13.08
23.08.2016;10:25;13.09
23.08.2016;10:30;13.1
23.08.2016;10:35;13.13
23.08.2016;10:40;13.13
23.08.2016;10:45;13.14
23.08.2016;10:50;13.14
23.08.2016;10:55;13.16
23.08.2016;11:00;13.16
23.08.2016;11:05;13.17
23.08.2016;11:10;13.18
23.08.2016;11:15;13.2
23.08.2016;11:20;13.21
23.08.2016;11:25;13.22
23.08.2016;11:30;13.23
23.08.2016;11:35;13.23
23.08.2016;11:40;13.26
23.08.2016;11:45;13.26
23.08.2016;11:50;13.26
23.08.2016;11:55;13.27
23.08.2016;12:00;13.28
23.08.2016;12:05;13.3
23.08.2016;12:10;13.3
23.08.2016;12:15;13.31
23.08.2016;12:20;13.32
23.08.2016;12:25;13.32
23.08.2016;12:30;13.33
23.08.2016;12:35;13.35
23.08.2016;12:40;13.36
23.08.2016;12:45;13.37
23.08.2016;12:50;13.38
23.08.2016;12:55;13.39
23.08.2016;13:00;13.4
23.08.2016;13:05;13.41
23.08.2016;13:10;13.42
23.08.2016;13:15;13.44
23.08.2016;13:20;13.45
23.08.2016;13:25;13.47
23.08.2016;13:30;13.48
23.08.2016;13:35;13.49
23.08.2016;13:40;13.49
23.08.2016;13:45;13.53
23.08.2016;13:50;13.53
23.08.2016;13:55;13.56
23.08.2016;14:00;13.57
23.08.2016;14:05;13.6
23.08.2016;14:10;13.6
23.08.2016;14:15;13.63
23.08.2016;14:20;13.64
23.08.2016;14:25;13.66
23.08.2016;14:30;13.68
23.08.2016;14:35;13.69
23.08.2016;14:40;13.7
23.08.2016;14:45;13.72
23.08.2016;14:50;13.73
23.08.2016;14:55;13.75
23.08.2016;15:00;13.76
23.08.2016;15:05;13.77
23.08.2016;15:10;13.76
23.08.2016;15:15;13.78
23.08.2016;15:20;13.77
23.08.2016;15:25;13.78
23.08.2016;15:30;13.78
23.08.2016;15:35;13.8
23.08.2016;15:40;13.8
23.08.2016;15:45;13.81
23.08.2016;15:50;13.81
23.08.2016;15:55;13.81
23.08.2016;16:00;13.82
23.08.2016;16:05;13.82
23.08.2016;16:10;13.82
23.08.2016;16:15;13.82
23.08.2016;16:20;13.82
23.08.2016;16:25;13.83
23.08.2016;16:30;13.83
23.08.2016;16:35;13.82
23.08.2016;16:40;13.82
23.08.2016;16:45;13.81
23.08.2016;16:50;13.82
23.08.2016;16:55;13.81
23.08.2016;17:00;13.8
23.08.2016;17:05;13.8
23.08.2016;17:10;13.8
23.08.2016;17:15;13.79
23.08.2016;17:20;13.8
23.08.2016;17:25;13.79
23.08.2016;17:30;13.79
23.08.2016;17:35;13.78
23.08.2016;17:40;13.79
23.08.2016;17:45;13.78
23.08.2016;17:50;13.77
23.08.2016;17:55;13.78
23.08.2016;18:00;13.77
23.08.2016;18:05;13.78
23.08.2016;18:10;13.77
23.08.2016;18:15;13.78
23.08.2016;18:20;13.78
23.08.2016;18:25;13.77
23.08.2016;18:30;13.77
23.08.2016;18:35;13.76
23.08.2016;18:40;13.77
23.08.2016;18:45;13.76
23.08.2016;18:50;13.77
23.08.2016;18:55;13.77
23.08.2016;19:00;13.77
23.08.2016;19:05;13.77
23.08.2016;19:10;13.77
23.08.2016;19:15;13.77
23.08.2016;19:20;13.76
23.08.2016;19:25;13.77
23.08.2016;19:30;13.77
23.08.2016;19:35;13.77
23.08.2016;19:40;13.76
23.08.2016;19:45;13.76
23.08.2016;19:50;13.76
23.08.2016;19:55;13.75
23.08.2016;20:00;13.74
23.08.2016;20:05;13.75
23.08.2016;20:10;13.76
23.08.2016;20:15;13.75
23.08.2016;20:20;13.75
23.08.2016;20:25;13.75
23.08.2016;20:30;13.76
23.08.2016;20:35;13.75
23.08.2016;20:40;13.76
23.08.2016;20:45;13.75
23.08.2016;20:50;13.76
23.08.2016;20:55;13.76
23.08.2016;21:00;13.76
23.08.2016;21:05;13.76
23.08.2016;21:10;13.78
23.08.2016;21:15;13.77
23.08.2016;21:20;13.78
23.08.2016;21:25;13.79
23.08.2016;21:30;13.8
23.08.2016;21:35;13.8
23.08.2016;21:40;13.81
23.08.2016;21:45;13.8
23.08.2016;21:50;13.82
23.08.2016;21:55;13.82
23.08.2016;22:00;13.82
23.08.2016;22:05;13.82
23.08.2016;22:10;13.81
23.08.2016;22:15;13.82
23.08.2016;22:20;13.82
23.08.2016;22:25;13.82
23.08.2016;22:30;13.83
23.08.2016;22:35;13.82
23.08.2016;22:40;13.83
23.08.2016;22:45;13.83
23.08.2016;22:50;13.82
23.08.2016;22:55;13.83
23.08.2016;23:00;13.82
23.08.2016;23:05;13.84
23.08.2016;23:10;13.83
23.08.2016;23:15;13.83
23.08.2016;23:20;13.82
23.08.2016;23:25;13.82
23.08.2016;23:30;13.82
23.08.2016;23:35;13.83
23.08.2016;23:40;13.83
23.08.2016;23:45;13.82
23.08.2016;23:50;13.83
23.08.2016;23:55;13.82
24.08.2016;00:00;13.82
24.08.2016;00:05;13.82
24.08.2016;00:10;13.83
24.08.2016;00:15;13.82
24.08.2016;00:20;13.82
24.08.2016;00:25;13.82
24.08.2016;00:30;13.83
24.08.2016;00:35;13.83
24.08.2016;00:40;13.83
24.08.2016;00:45;13.84
24.08.2016;00:50;13.84
24.08.2016;00:55;13.83
24.08.2016;01:00;13.82
24.08.2016;01:05;13.82
24.08.2016;01:10;13.82
24.08.2016;01:15;13.83
24.08.2016;01:20;13.83
24.08.2016;01:25;13.83
24.08.2016;01:30;13.83
24.08.2016;01:35;13.82
24.08.2016;01:40;13.82
24.08.2016;01:45;13.82
24.08.2016;01:50;13.82
24.08.2016;01:55;13.82
24.08.2016;02:00;13.83
24.08.2016;02:05;13.81
24.08.2016;02:10;13.82
24.08.2016;02:15;13.82
24.08.2016;02:20;13.81
24.08.2016;02:25;13.81
24.08.2016;02:30;13.8
24.08.2016;02:35;13.8
24.08.2016;02:40;13.81
24.08.2016;02:45;13.81
24.08.2016;02:50;13.81
24.08.2016;02:55;13.81
24.08.2016;03:00;13.81
24.08.2016;03:05;13.8
24.08.2016;03:10;13.8
24.08.2016;03:15;13.79
24.08.2016;03:20;13.79
24.08.2016;03:25;13.79
24.08.2016;03:30;13.78
24.08.2016;03:35;13.77
24.08.2016;03:40;13.78
24.08.2016;03:45;13.77
24.08.2016;03:50;13.76
24.08.2016;03:55;13.76
24.08.2016;04:00;13.75
24.08.2016;04:05;13.75
24.08.2016;04:10;13.74
24.08.2016;04:15;13.74
24.08.2016;04:20;13.73
24.08.2016;04:25;13.72
24.08.2016;04:30;13.72
24.08.2016;04:35;13.7
24.08.2016;04:40;13.7
24.08.2016;04:45;13.69
24.08.2016;04:50;13.69
24.08.2016;04:55;13.67
24.08.2016;05:00;13.67
24.08.2016;05:05;13.66
24.08.2016;05:10;13.65
24.08.2016;05:15;13.64
24.08.2016;05:20;13.63
24.08.2016;05:25;13.63
24.08.2016;05:30;13.62
24.08.2016;05:35;13.62
24.08.2016;05:40;13.61
24.08.2016;05:45;13.59
24.08.2016;05:50;13.6
24.08.2016;05:55;13.6
24.08.2016;06:00;13.58
24.08.2016;06:05;13.58
24.08.2016;06:10;13.58
24.08.2016;06:15;13.58
24.08.2016;06:20;13.57
24.08.2016;06:25;13.57
24.08.2016;06:30;13.56
24.08.2016;06:35;13.55
24.08.2016;06:40;13.56
24.08.2016;06:45;13.55
24.08.2016;06:50;13.55
24.08.2016;06:55;13.55
24.08.2016;07:00;13.55
24.08.2016;07:05;13.54
24.08.2016;07:10;13.55
24.08.2016;07:15;13.54
24.08.2016;07:20;13.54
24.08.2016;07:25;13.55
24.08.2016;07:30;13.55
24.08.2016;07:35;13.56
24.08.2016;07:40;13.55
24.08.2016;07:45;13.56
24.08.2016;07:50;13.57
24.08.2016;07:55;13.57
24.08.2016;08:00;13.59
24.08.2016;08:05;13.59
24.08.2016;08:10;13.61
24.08.2016;08:15;13.62
24.08.2016;08:20;13.63
24.08.2016;08:25;13.64
24.08.2016;08:30;13.67
24.08.2016;08:35;13.66
24.08.2016;08:40;13.69
24.08.2016;08:45;13.7
24.08.2016;08:50;13.73
24.08.2016;08:55;13.75
24.08.2016;09:00;13.77
24.08.2016;09:05;13.79
24.08.2016;09:10;13.82
24.08.2016;09:15;13.85
24.08.2016;09:20;13.88
24.08.2016;09:25;13.9
24.08.2016;09:30;13.92
24.08.2016;09:35;13.96
24.08.2016;09:40;14
24.08.2016;09:45;14.01
24.08.2016;09:50;14.05
24.08.2016;09:55;14.07
24.08.2016;10:00;14.08
24.08.2016;10:05;14.11
24.08.2016;10:10;14.14
24.08.2016;10:15;14.15
24.08.2016;10:20;14.16
24.08.2016;10:25;14.17
24.08.2016;10:30;14.18
24.08.2016;10:35;14.19
24.08.2016;10:40;14.2
24.08.2016;10:45;14.2
24.08.2016;10:50;14.21
24.08.2016;10:55;14.21
24.08.2016;11:00;14.23
24.08.2016;11:05;14.22
24.08.2016;11:10;14.23
24.08.2016;11:15;14.23
24.08.2016;11:20;14.26
24.08.2016;11:25;14.26
24.08.2016;11:30;14.26
24.08.2016;11:35;14.27
24.08.2016;11:40;14.28
24.08.2016;11:45;14.29
24.08.2016;11:50;14.29
24.08.2016;11:55;14.3
24.08.2016;12:00;14.31
24.08.2016;12:05;14.31
24.08.2016;12:10;14.34
24.08.2016;12:15;14.34
24.08.2016;12:20;14.34
24.08.2016;12:25;14.35
24.08.2016;12:30;14.36
24.08.2016;12:35;14.36
24.08.2016;12:40;14.38
24.08.2016;12:45;14.39
24.08.2016;12:50;14.4
24.08.2016;12:55;14.41
24.08.2016;13:00;14.41
24.08.2016;13:05;14.43
24.08.2016;13:10;14.44
24.08.2016;13:15;14.45
24.08.2016;13:20;14.46
24.08.2016;13:25;14.46
24.08.2016;13:30;14.49
24.08.2016;13:35;14.49
24.08.2016;13:40;14.5
24.08.2016;13:45;14.52
24.08.2016;13:50;14.53
24.08.2016;13:55;14.54
24.08.2016;14:00;14.56
24.08.2016;14:05;14.58
24.08.2016;14:10;14.6
24.08.2016;14:15;14.62
24.08.2016;14:20;14.62
24.08.2016;14:25;14.64
24.08.2016;14:30;14.65
24.08.2016;14:35;14.66
24.08.2016;14:40;14.68
24.08.2016;14:45;14.68
24.08.2016;14:50;14.69
24.08.2016;14:55;14.7
24.08.2016;15:00;14.71
24.08.2016;15:05;14.72
24.08.2016;15:10;14.73
24.08.2016;15:15;14.74
24.08.2016;15:20;14.73
24.08.2016;15:25;14.74
24.08.2016;15:30;14.74
24.08.2016;15:35;14.76
24.08.2016;15:40;14.76
24.08.2016;15:45;14.76
24.08.2016;15:50;14.77
24.08.2016;15:55;14.77
24.08.2016;16:00;14.77
24.08.2016;16:05;14.76
24.08.2016;16:10;14.77
24.08.2016;16:15;14.76
24.08.2016;16:20;14.75
24.08.2016;16:25;14.76
24.08.2016;16:30;14.76
24.08.2016;16:35;14.76
24.08.2016;16:40;14.75
24.08.2016;16:45;14.75
24.08.2016;16:50;14.74
24.08.2016;16:55;14.75
24.08.2016;17:00;14.75
24.08.2016;17:05;14.74
24.08.2016;17:10;14.74
24.08.2016;17:15;14.73
24.08.2016;17:20;14.74
24.08.2016;17:25;14.72
24.08.2016;17:30;14.71
24.08.2016;17:35;14.72
24.08.2016;17:40;14.71
24.08.2016;17:45;14.73
24.08.2016;17:50;14.72
24.08.2016;17:55;14.72
24.08.2016;18:00;14.72
24.08.2016;18:05;14.74
24.08.2016;18:10;14.73
24.08.2016;18:15;14.74
24.08.2016;18:20;14.75
24.08.2016;18:25;14.76
24.08.2016;18:30;14.77
24.08.2016;18:35;14.79
24.08.2016;18:40;14.79
24.08.2016;18:45;14.81
24.08.2016;18:50;14.81
24.08.2016;18:55;14.81
24.08.2016;19:00;14.82
24.08.2016;19:05;14.83
24.08.2016;19:10;14.83
24.08.2016;19:15;14.83
24.08.2016;19:20;14.83
24.08.2016;19:25;14.86
24.08.2016;19:30;14.84
24.08.2016;19:35;14.85
24.08.2016;19:40;14.84
24.08.2016;19:45;14.84
24.08.2016;19:50;14.84
24.08.2016;19:55;14.84
24.08.2016;20:00;14.85
24.08.2016;20:05;14.85
24.08.2016;20:10;14.85
24.08.2016;20:15;14.86
24.08.2016;20:20;14.85
24.08.2016;20:25;14.87
24.08.2016;20:30;14.85
24.08.2016;20:35;14.85
24.08.2016;20:40;14.86
24.08.2016;20:45;14.85
24.08.2016;20:50;14.85
24.08.2016;20:55;14.84
24.08.2016;21:00;14.85
24.08.2016;21:05;14.85
24.08.2016;21:10;14.84
24.08.2016;21:15;14.86
24.08.2016;21:20;14.84
24.08.2016;21:25;14.86
24.08.2016;21:30;14.85
24.08.2016;21:35;14.84
24.08.2016;21:40;14.85
24.08.2016;21:45;14.84
24.08.2016;21:50;14.82
24.08.2016;21:55;14.84
24.08.2016;22:00;14.83
24.08.2016;22:05;14.83
24.08.2016;22:10;14.82
24.08.2016;22:15;14.82
24.08.2016;22:20;14.82
24.08.2016;22:25;14.82
24.08.2016;22:30;14.83
24.08.2016;22:35;14.82
24.08.2016;22:40;14.81
24.08.2016;22:45;14.81
24.08.2016;22:50;14.8
24.08.2016;22:55;14.79
24.08.2016;23:00;14.8
24.08.2016;23:05;14.78
24.08.2016;23:10;14.78
24.08.2016;23:15;14.76
24.08.2016;23:20;14.75
24.08.2016;23:25;14.74
24.08.2016;23:30;14.74
24.08.2016;23:35;14.73
24.08.2016;23:40;14.72
24.08.2016;23:45;14.72
24.08.2016;23:50;14.69
24.08.2016;23:55;14.69
25.08.2016;00:00;14.67
25.08.2016;00:05;14.67
25.08.2016;00:10;14.65
25.08.2016;00:15;14.64
25.08.2016;00:20;14.62
25.08.2016;00:25;14.61
25.08.2016;00:30;14.59
25.08.2016;00:35;14.59
25.08.2016;00:40;14.57
25.08.2016;00:45;14.56
25.08.2016;00:50;14.55
25.08.2016;00:55;14.55
25.08.2016;01:00;14.54
25.08.2016;01:05;14.53
25.08.2016;01:10;14.52
25.08.2016;01:15;14.5
25.08.2016;01:20;14.51
25.08.2016;01:25;14.5
25.08.2016;01:30;14.49
25.08.2016;01:35;14.48
25.08.2016;01:40;14.47
25.08.2016;01:45;14.46
25.08.2016;01:50;14.45
25.08.2016;01:55;14.46
25.08.2016;02:00;14.43
25.08.2016;02:05;14.44
25.08.2016;02:10;14.43
25.08.2016;02:15;14.42
25.08.2016;02:20;14.41
25.08.2016;02:25;14.4
25.08.2016;02:30;14.4
25.08.2016;02:35;14.38
25.08.2016;02:40;14.38
25.08.2016;02:45;14.38
25.08.2016;02:50;14.36
25.08.2016;02:55;14.36
25.08.2016;03:00;14.34
25.08.2016;03:05;14.35
25.08.2016;03:10;14.32
25.08.2016;03:15;14.33
25.08.2016;03:20;14.32
25.08.2016;03:25;14.31
25.08.2016;03:30;14.31
25.08.2016;03:35;14.31
25.08.2016;03:40;14.3
25.08.2016;03:45;14.29
25.08.2016;03:50;14.29
25.08.2016;03:55;14.27
25.08.2016;04:00;14.25
25.08.2016;04:05;14.25
25.08.2016;04:10;14.25
25.08.2016;04:15;14.24
25.08.2016;04:20;14.23
25.08.2016;04:25;14.2
25.08.2016;04:30;14.2
25.08.2016;04:35;14.18
25.08.2016;04:40;14.17
25.08.2016;04:45;14.16
25.08.2016;04:50;14.15
25.08.2016;04:55;14.13
25.08.2016;05:00;14.1
25.08.2016;05:05;14.08
25.08.2016;05:10;14.07
25.08.2016;05:15;14.04
25.08.2016;05:20;14.02
25.08.2016;05:25;14.01
25.08.2016;05:30;13.98
25.08.2016;05:35;13.96
25.08.2016;05:40;13.93
25.08.2016;05:45;13.91
25.08.2016;05:50;13.9
25.08.2016;05:55;13.87
25.08.2016;06:00;13.85
25.08.2016;06:05;13.83
25.08.2016;06:10;13.82
25.08.2016;06:15;13.81
25.08.2016;06:20;13.78
25.08.2016;06:25;13.77
25.08.2016;06:30;13.75
25.08.2016;06:35;13.75
25.08.2016;06:40;13.74
25.08.2016;06:45;13.73
25.08.2016;06:50;13.72
25.08.2016;06:55;13.7
25.08.2016;07:00;13.69
25.08.2016;07:05;13.68
25.08.2016;07:10;13.68
25.08.2016;07:15;13.67
25.08.2016;07:20;13.67
25.08.2016;07:25;13.68
25.08.2016;07:30;13.68
25.08.2016;07:35;13.67
25.08.2016;07:40;13.67
25.08.2016;07:45;13.7
25.08.2016;07:50;13.69
25.08.2016;07:55;13.7
25.08.2016;08:00;13.71
25.08.2016;08:05;13.72
25.08.2016;08:10;13.73
25.08.2016;08:15;13.74
25.08.2016;08:20;13.76
25.08.2016;08:25;13.76
25.08.2016;08:30;13.78
25.08.2016;08:35;13.81
25.08.2016;08:40;13.82
25.08.2016;08:45;13.85
25.08.2016;08:50;13.86
25.08.2016;08:55;13.89
25.08.2016;09:00;13.91
25.08.2016;09:05;13.93
25.08.2016;09:10;13.95
25.08.2016;09:15;14
25.08.2016;09:20;14.03
25.08.2016;09:25;14.05
25.08.2016;09:30;14.08
25.08.2016;09:35;14.12
25.08.2016;09:40;14.15
25.08.2016;09:45;14.18
25.08.2016;09:50;14.21
25.08.2016;09:55;14.24
25.08.2016;10:00;14.25
25.08.2016;10:05;14.27
25.08.2016;10:10;14.29
25.08.2016;10:15;14.31
25.08.2016;10:20;14.31
25.08.2016;10:25;14.33
25.08.2016;10:30;14.33
25.08.2016;10:35;14.34
25.08.2016;10:40;14.34
25.08.2016;10:45;14.36
25.08.2016;10:50;14.36
25.08.2016;10:55;14.36
25.08.2016;11:00;14.38
25.08.2016;11:05;14.39
25.08.2016;11:10;14.39
25.08.2016;11:15;14.4
25.08.2016;11:20;14.41
25.08.2016;11:25;14.42
25.08.2016;11:30;14.43
25.08.2016;11:35;14.44
25.08.2016;11:40;14.45
25.08.2016;11:45;14.45
25.08.2016;11:50;14.45
25.08.2016;11:55;14.46
25.08.2016;12:00;14.47
25.08.2016;12:05;14.48
25.08.2016;12:10;14.48
25.08.2016;12:15;14.5
25.08.2016;12:20;14.5
25.08.2016;12:25;14.51
25.08.2016;12:30;14.52
25.08.2016;12:35;14.52
25.08.2016;12:40;14.54
25.08.2016;12:45;14.55
25.08.2016;12:50;14.55
25.08.2016;12:55;14.57
25.08.2016;13:00;14.57
25.08.2016;13:05;14.59
25.08.2016;13:10;14.6
25.08.2016;13:15;14.61
25.08.2016;13:20;14.61
25.08.2016;13:25;14.62
25.08.2016;13:30;14.65
25.08.2016;13:35;14.65
25.08.2016;13:40;14.66
25.08.2016;13:45;14.68
25.08.2016;13:50;14.69
25.08.2016;13:55;14.7
25.08.2016;14:00;14.71
25.08.2016;14:05;14.72
25.08.2016;14:10;14.74
25.08.2016;14:15;14.75
25.08.2016;14:20;14.77
25.08.2016;14:25;14.79
25.08.2016;14:30;14.81
25.08.2016;14:35;14.82
25.08.2016;14:40;14.85
25.08.2016;14:45;14.85
25.08.2016;14:50;14.87
25.08.2016;14:55;14.88
25.08.2016;15:00;14.88
25.08.2016;15:05;14.89
25.08.2016;15:10;14.91
25.08.2016;15:15;14.9
25.08.2016;15:20;14.91
25.08.2016;15:25;14.92
25.08.2016;15:30;14.92
25.08.2016;15:35;14.92
25.08.2016;15:40;14.93
25.08.2016;15:45;14.93
25.08.2016;15:50;14.92
25.08.2016;15:55;14.94
25.08.2016;16:00;14.94
25.08.2016;16:05;14.95
25.08.2016;16:10;14.93
25.08.2016;16:15;14.93
25.08.2016;16:20;14.94
25.08.2016;16:25;14.93
25.08.2016;16:30;14.94
25.08.2016;16:35;14.93
25.08.2016;16:40;14.93
25.08.2016;16:45;14.93
25.08.2016;16:50;14.92
25.08.2016;16:55;14.92
25.08.2016;17:00;14.91
25.08.2016;17:05;14.91
25.08.2016;17:10;14.9
25.08.2016;17:15;14.9
25.08.2016;17:20;14.89
25.08.2016;17:25;14.89
25.08.2016;17:30;14.89
25.08.2016;17:35;14.9
25.08.2016;17:40;14.89
25.08.2016;17:45;14.88
25.08.2016;17:50;14.9
25.08.2016;17:55;14.9
25.08.2016;18:00;14.9
25.08.2016;18:05;14.9
25.08.2016;18:10;14.89
25.08.2016;18:15;14.9
25.08.2016;18:20;14.9
25.08.2016;18:25;14.9
25.08.2016;18:30;14.91
25.08.2016;18:35;14.9
25.08.2016;18:40;14.91
25.08.2016;18:45;14.9
25.08.2016;18:50;14.91
25.08.2016;18:55;14.91
25.08.2016;19:00;14.91
25.08.2016;19:05;14.91
25.08.2016;19:10;14.9
25.08.2016;19:15;14.91
25.08.2016;19:20;14.91
25.08.2016;19:25;14.91
25.08.2016;19:30;14.92
25.08.2016;19:35;14.92
25.08.2016;19:40;14.92
25.08.2016;19:45;14.92
25.08.2016;19:50;14.9
25.08.2016;19:55;14.92
25.08.2016;20:00;14.91
25.08.2016;20:05;14.9
25.08.2016;20:10;14.9
25.08.2016;20:15;14.91
25.08.2016;20:20;14.91
25.08.2016;20:25;14.91
25.08.2016;20:30;14.91
25.08.2016;20:35;14.9
25.08.2016;20:40;14.9
25.08.2016;20:45;14.9
25.08.2016;20:50;14.9
25.08.2016;20:55;14.9
25.08.2016;21:00;14.89
25.08.2016;21:05;14.88
25.08.2016;21:10;14.89
25.08.2016;21:15;14.91
25.08.2016;21:20;14.89
25.08.2016;21:25;14.91
25.08.2016;21:30;14.91
25.08.2016;21:35;14.9
25.08.2016;21:40;14.9
25.08.2016;21:45;14.91
25.08.2016;21:50;14.9
25.08.2016;21:55;14.89
25.08.2016;22:00;14.9
25.08.2016;22:05;14.89
25.08.2016;22:10;14.9
25.08.2016;22:15;14.91
25.08.2016;22:20;14.91
25.08.2016;22:25;14.9
25.08.2016;22:30;14.89
25.08.2016;22:35;14.9
25.08.2016;22:40;14.91
25.08.2016;22:45;14.9
25.08.2016;22:50;14.9
25.08.2016;22:55;14.9
25.08.2016;23:00;14.9
25.08.2016;23:05;14.9
25.08.2016;23:10;14.9
25.08.2016;23:15;14.91
25.08.2016;23:20;14.9
25.08.2016;23:25;14.91
25.08.2016;23:30;14.89
25.08.2016;23:35;14.89
25.08.2016;23:40;14.9
25.08.2016;23:45;14.89
25.08.2016;23:50;14.89
25.08.2016;23:55;14.87
26.08.2016;00:00;14.87
26.08.2016;00:05;14.88
26.08.2016;00:10;14.86
26.08.2016;00:15;14.87
26.08.2016;00:20;14.85
26.08.2016;00:25;14.86
26.08.2016;00:30;14.83
26.08.2016;00:35;14.83
26.08.2016;00:40;14.84
26.08.2016;00:45;14.82
26.08.2016;00:50;14.83
26.08.2016;00:55;14.83
26.08.2016;01:00;14.81
26.08.2016;01:05;14.82
26.08.2016;01:10;14.8
26.08.2016;01:15;14.79
26.08.2016;01:20;14.8
26.08.2016;01:25;14.79
26.08.2016;01:30;14.77
26.08.2016;01:35;14.78
26.08.2016;01:40;14.78
26.08.2016;01:45;14.76
26.08.2016;01:50;14.76
26.08.2016;01:55;14.74
26.08.2016;02:00;14.74
26.08.2016;02:05;14.73
26.08.2016;02:10;14.71
26.08.2016;02:15;14.72
26.08.2016;02:20;14.7
26.08.2016;02:25;14.69
26.08.2016;02:30;14.69
26.08.2016;02:35;14.68
26.08.2016;02:40;14.67
26.08.2016;02:45;14.67
26.08.2016;02:50;14.65
26.08.2016;02:55;14.64
26.08.2016;03:00;14.63
26.08.2016;03:05;14.63
26.08.2016;03:10;14.62
26.08.2016;03:15;14.61
26.08.2016;03:20;14.61
26.08.2016;03:25;14.59
26.08.2016;03:30;14.59
26.08.2016;03:35;14.59
26.08.2016;03:40;14.57
26.08.2016;03:45;14.57
26.08.2016;03:50;14.55
26.08.2016;03:55;14.55
26.08.2016;04:00;14.54
26.08.2016;04:05;14.53
26.08.2016;04:10;14.52
26.08.2016;04:15;14.52
26.08.2016;04:20;14.51
26.08.2016;04:25;14.5
26.08.2016;04:30;14.5
26.08.2016;04:35;14.5
26.08.2016;04:40;14.5
26.08.2016;04:45;14.48
26.08.2016;04:50;14.48
26.08.2016;04:55;14.47
26.08.2016;05:00;14.48
26.08.2016;05:05;14.47
26.08.2016;05:10;14.47
26.08.2016;05:15;14.47
26.08.2016;05:20;14.47
26.08.2016;05:25;14.46
26.08.2016;05:30;14.46
26.08.2016;05:35;14.46
26.08.2016;05:40;14.46
26.08.2016;05:45;14.46
26.08.2016;05:50;14.45
26.08.2016;05:55;14.45
26.08.2016;06:00;14.45
26.08.2016;06:05;14.45
26.08.2016;06:10;14.45
26.08.2016;06:15;14.46
26.08.2016;06:20;14.46
26.08.2016;06:25;14.46
26.08.2016;06:30;14.46
26.08.2016;06:35;14.46
26.08.2016;06:40;14.46
26.08.2016;06:45;14.47
26.08.2016;06:50;14.47
26.08.2016;06:55;14.47
26.08.2016;07:00;14.47
26.08.2016;07:05;14.47
26.08.2016;07:10;14.47
26.08.2016;07:15;14.48
26.08.2016;07:20;14.49
26.08.2016;07:25;14.48
26.08.2016;07:30;14.5
26.08.2016;07:35;14.51
26.08.2016;07:40;14.51
26.08.2016;07:45;14.53
26.08.2016;07:50;14.52
26.08.2016;07:55;14.54
26.08.2016;08:00;14.54
26.08.2016;08:05;14.56
26.08.2016;08:10;14.58
26.08.2016;08:15;14.59
26.08.2016;08:20;14.62
26.08.2016;08:25;14.63
26.08.2016;08:30;14.64
26.08.2016;08:35;14.66
26.08.2016;08:40;14.67
26.08.2016;08:45;14.7
26.08.2016;08:50;14.72
26.08.2016;08:55;14.75
26.08.2016;09:00;14.78
26.08.2016;09:05;14.8
26.08.2016;09:10;14.83
26.08.2016;09:15;14.86
26.08.2016;09:20;14.88
26.08.2016;09:25;14.91
26.08.2016;09:30;14.95
26.08.2016;09:35;14.98
26.08.2016;09:40;15.02
26.08.2016;09:45;15.05
26.08.2016;09:50;15.08
26.08.2016;09:55;15.12
26.08.2016;10:00;15.14
26.08.2016;10:05;15.16
26.08.2016;10:10;15.18
26.08.2016;10:15;15.2
26.08.2016;10:20;15.22
26.08.2016;10:25;15.24
26.08.2016;10:30;15.25
26.08.2016;10:35;15.27
26.08.2016;10:40;15.27
26.08.2016;10:45;15.28
26.08.2016;10:50;15.31
26.08.2016;10:55;15.31
26.08.2016;11:00;15.33
26.08.2016;11:05;15.34
26.08.2016;11:10;15.35
26.08.2016;11:15;15.37
26.08.2016;11:20;15.36
26.08.2016;11:25;15.37
26.08.2016;11:30;15.38
26.08.2016;11:35;15.39
26.08.2016;11:40;15.41
26.08.2016;11:45;15.41
26.08.2016;11:50;15.42
26.08.2016;11:55;15.44
26.08.2016;12:00;15.43
26.08.2016;12:05;15.45
26.08.2016;12:10;15.45
26.08.2016;12:15;15.46
26.08.2016;12:20;15.47
26.08.2016;12:25;15.48
26.08.2016;12:30;15.48
26.08.2016;12:35;15.48
26.08.2016;12:40;15.5
26.08.2016;12:45;15.5
26.08.2016;12:50;15.52
26.08.2016;12:55;15.52
26.08.2016;13:00;15.53
26.08.2016;13:05;15.54
26.08.2016;13:10;15.54
26.08.2016;13:15;15.56
26.08.2016;13:20;15.57
26.08.2016;13:25;15.58
26.08.2016;13:30;15.58
26.08.2016;13:35;15.6
26.08.2016;13:40;15.62
26.08.2016;13:45;15.61
26.08.2016;13:50;15.62
26.08.2016;13:55;15.63
26.08.2016;14:00;15.64
26.08.2016;14:05;15.65
26.08.2016;14:10;15.66
26.08.2016;14:15;15.67
26.08.2016;14:20;15.68
26.08.2016;14:25;15.69
26.08.2016;14:30;15.7
26.08.2016;14:35;15.71
26.08.2016;14:40;15.72
26.08.2016;14:45;15.73
26.08.2016;14:50;15.74
26.08.2016;14:55;15.74
26.08.2016;15:00;15.75
26.08.2016;15:05;15.75
26.08.2016;15:10;15.76
26.08.2016;15:15;15.76
26.08.2016;15:20;15.76
26.08.2016;15:25;15.75
26.08.2016;15:30;15.76
26.08.2016;15:35;15.77
26.08.2016;15:40;15.76
26.08.2016;15:45;15.76
26.08.2016;15:50;15.76
26.08.2016;15:55;15.76
26.08.2016;16:00;15.76
26.08.2016;16:05;15.76
26.08.2016;16:10;15.75
26.08.2016;16:15;15.74
26.08.2016;16:20;15.75
26.08.2016;16:25;15.74
26.08.2016;16:30;15.73
26.08.2016;16:35;15.72
26.08.2016;16:40;15.72
26.08.2016;16:45;15.71
26.08.2016;16:50;15.7
26.08.2016;16:55;15.69
26.08.2016;17:00;15.68
26.08.2016;17:05;15.68
26.08.2016;17:10;15.67
26.08.2016;17:15;15.66
26.08.2016;17:20;15.66
26.08.2016;17:25;15.65
26.08.2016;17:30;15.64
26.08.2016;17:35;15.63
26.08.2016;17:40;15.64
26.08.2016;17:45;15.63
26.08.2016;17:50;15.63
26.08.2016;17:55;15.61
26.08.2016;18:00;15.6
26.08.2016;18:05;15.6
26.08.2016;18:10;15.6
26.08.2016;18:15;15.59
26.08.2016;18:20;15.59
26.08.2016;18:25;15.59
26.08.2016;18:30;15.58
26.08.2016;18:35;15.57
26.08.2016;18:40;15.57
26.08.2016;18:45;15.57
26.08.2016;18:50;15.56
26.08.2016;18:55;15.56
26.08.2016;19:00;15.55
26.08.2016;19:05;15.56
26.08.2016;19:10;15.56
26.08.2016;19:15;15.55
26.08.2016;19:20;15.55
26.08.2016;19:25;15.55
26.08.2016;19:30;15.53
26.08.2016;19:35;15.52
26.08.2016;19:40;15.53
26.08.2016;19:45;15.53
26.08.2016;19:50;15.52
26.08.2016;19:55;15.52
26.08.2016;20:00;15.51
26.08.2016;20:05;15.5
26.08.2016;20:10;15.5
26.08.2016;20:15;15.5
26.08.2016;20:20;15.5
26.08.2016;20:25;15.49
26.08.2016;20:30;15.48
26.08.2016;20:35;15.47
26.08.2016;20:40;15.47
26.08.2016;20:45;15.47
26.08.2016;20:50;15.46
26.08.2016;20:55;15.45
26.08.2016;21:00;15.44
26.08.2016;21:05;15.45
26.08.2016;21:10;15.44
26.08.2016;21:15;15.43
26.08.2016;21:20;15.43
26.08.2016;21:25;15.42
26.08.2016;21:30;15.42
26.08.2016;21:35;15.4
26.08.2016;21:40;15.4
26.08.2016;21:45;15.39
26.08.2016;21:50;15.39
26.08.2016;21:55;15.38
26.08.2016;22:00;15.38
26.08.2016;22:05;15.36
26.08.2016;22:10;15.36
26.08.2016;22:15;15.35
26.08.2016;22:20;15.34
26.08.2016;22:25;15.35
26.08.2016;22:30;15.34
26.08.2016;22:35;15.33
26.08.2016;22:40;15.32
26.08.2016;22:45;15.32
26.08.2016;22:50;15.32
26.08.2016;22:55;15.31
26.08.2016;23:00;15.3
26.08.2016;23:05;15.29
26.08.2016;23:10;15.3
26.08.2016;23:15;15.3
26.08.2016;23:20;15.29
26.08.2016;23:25;15.29
26.08.2016;23:30;15.29
26.08.2016;23:35;15.28
26.08.2016;23:40;15.28
26.08.2016;23:45;15.27
26.08.2016;23:50;15.26
26.08.2016;23:55;15.25
27.08.2016;00:00;15.26
27.08.2016;00:05;15.26
27.08.2016;00:10;15.24
27.08.2016;00:15;15.26
27.08.2016;00:20;15.25
27.08.2016;00:25;15.25
27.08.2016;00:30;15.25
27.08.2016;00:35;15.24
27.08.2016;00:40;15.24
27.08.2016;00:45;15.24
27.08.2016;00:50;15.23
27.08.2016;00:55;15.23
27.08.2016;01:00;15.22
27.08.2016;01:05;15.22
27.08.2016;01:10;15.22
27.08.2016;01:15;15.22
27.08.2016;01:20;15.22
27.08.2016;01:25;15.21
27.08.2016;01:30;15.2
27.08.2016;01:35;15.2
27.08.2016;01:40;15.21
27.08.2016;01:45;15.2
27.08.2016;01:50;15.19
27.08.2016;01:55;15.19
27.08.2016;02:00;15.19
27.08.2016;02:05;15.18
27.08.2016;02:10;15.18
27.08.2016;02:15;15.17
27.08.2016;02:20;15.17
27.08.2016;02:25;15.16
27.08.2016;02:30;15.15
27.08.2016;02:35;15.15
27.08.2016;02:40;15.15
27.08.2016;02:45;15.14
27.08.2016;02:50;15.15
27.08.2016;02:55;15.13
27.08.2016;03:00;15.13
27.08.2016;03:05;15.12
27.08.2016;03:10;15.11
27.08.2016;03:15;15.1
27.08.2016;03:20;15.1
27.08.2016;03:25;15.09
27.08.2016;03:30;15.09
27.08.2016;03:35;15.08
27.08.2016;03:40;15.08
27.08.2016;03:45;15.07
27.08.2016;03:50;15.06
27.08.2016;03:55;15.06
27.08.2016;04:00;15.05
27.08.2016;04:05;15.04
27.08.2016;04:10;15.03
27.08.2016;04:15;15.03
27.08.2016;04:20;15.02
27.08.2016;04:25;15.02
27.08.2016;04:30;15
27.08.2016;04:35;14.99
27.08.2016;04:40;15
27.08.2016;04:45;14.98
27.08.2016;04:50;14.97
27.08.2016;04:55;14.97
27.08.2016;05:00;14.96
27.08.2016;05:05;14.94
27.08.2016;05:10;14.94
27.08.2016;05:15;14.94
27.08.2016;05:20;14.92
27.08.2016;05:25;14.93
27.08.2016;05:30;14.9
27.08.2016;05:35;14.91
27.08.2016;05:40;14.9
27.08.2016;05:45;14.9
27.08.2016;05:50;14.88
27.08.2016;05:55;14.88
27.08.2016;06:00;14.88
27.08.2016;06:05;14.88
27.08.2016;06:10;14.87
27.08.2016;06:15;14.88
27.08.2016;06:20;14.87
27.08.2016;06:25;14.85
27.08.2016;06:30;14.85
27.08.2016;06:35;14.84
27.08.2016;06:40;14.85
27.08.2016;06:45;14.83
27.08.2016;06:50;14.86
27.08.2016;06:55;14.83
27.08.2016;07:00;14.84
27.08.2016;07:05;14.84
27.08.2016;07:10;14.84
27.08.2016;07:15;14.85
27.08.2016;07:20;14.82
27.08.2016;07:25;14.85
27.08.2016;07:30;14.84
27.08.2016;07:35;14.85
27.08.2016;07:40;14.84
27.08.2016;07:45;14.86
27.08.2016;07:50;14.85
27.08.2016;07:55;14.89
27.08.2016;08:00;14.88
27.08.2016;08:05;14.9
27.08.2016;08:10;14.9
27.08.2016;08:15;14.91
27.08.2016;08:20;14.93
27.08.2016;08:25;14.96
27.08.2016;08:30;14.97
27.08.2016;08:35;14.97
27.08.2016;08:40;14.99
27.08.2016;08:45;15.01
27.08.2016;08:50;15.03
27.08.2016;08:55;15.05
27.08.2016;09:00;15.07
27.08.2016;09:05;15.1
27.08.2016;09:10;15.13
27.08.2016;09:15;15.15
27.08.2016;09:20;15.18
27.08.2016;09:25;15.21
27.08.2016;09:30;15.24
27.08.2016;09:35;15.29
27.08.2016;09:40;15.32
27.08.2016;09:45;15.35
27.08.2016;09:50;15.39
27.08.2016;09:55;15.4
27.08.2016;10:00;15.43
27.08.2016;10:05;15.46
27.08.2016;10:10;15.47
27.08.2016;10:15;15.49
27.08.2016;10:20;15.51
27.08.2016;10:25;15.53
27.08.2016;10:30;15.53
27.08.2016;10:35;15.55
27.08.2016;10:40;15.55
27.08.2016;10:45;15.55
27.08.2016;10:50;15.56
27.08.2016;10:55;15.57
27.08.2016;11:00;15.59
27.08.2016;11:05;15.59
27.08.2016;11:10;15.59
27.08.2016;11:15;15.6
27.08.2016;11:20;15.61
27.08.2016;11:25;15.62
27.08.2016;11:30;15.63
27.08.2016;11:35;15.63
27.08.2016;11:40;15.65
27.08.2016;11:45;15.64
27.08.2016;11:50;15.66
27.08.2016;11:55;15.66
27.08.2016;12:00;15.67
27.08.2016;12:05;15.68
27.08.2016;12:10;15.69
27.08.2016;12:15;15.69
27.08.2016;12:20;15.71
27.08.2016;12:25;15.72
27.08.2016;12:30;15.72
27.08.2016;12:35;15.73
27.08.2016;12:40;15.75
27.08.2016;12:45;15.75
27.08.2016;12:50;15.76
27.08.2016;12:55;15.77
27.08.2016;13:00;15.78
27.08.2016;13:05;15.79
27.08.2016;13:10;15.79
27.08.2016;13:15;15.81
27.08.2016;13:20;15.83
27.08.2016;13:25;15.83
27.08.2016;13:30;15.84
27.08.2016;13:35;15.85
27.08.2016;13:40;15.85
27.08.2016;13:45;15.87
27.08.2016;13:50;15.87
27.08.2016;13:55;15.88
27.08.2016;14:00;15.9
27.08.2016;14:05;15.9
27.08.2016;14:10;15.92
27.08.2016;14:15;15.93
27.08.2016;14:20;15.94
27.08.2016;14:25;15.96
27.08.2016;14:30;15.96
27.08.2016;14:35;15.97
27.08.2016;14:40;15.99
27.08.2016;14:45;16
27.08.2016;14:50;16.01
27.08.2016;14:55;16.02
27.08.2016;15:00;16.04
27.08.2016;15:05;16.04
27.08.2016;15:10;16.04
27.08.2016;15:15;16.05
27.08.2016;15:20;16.05
27.08.2016;15:25;16.05
27.08.2016;15:30;16.06
27.08.2016;15:35;16.06
27.08.2016;15:40;16.06
27.08.2016;15:45;16.06
27.08.2016;15:50;16.07
27.08.2016;15:55;16.07
27.08.2016;16:00;16.08
27.08.2016;16:05;16.07
27.08.2016;16:10;16.08
27.08.2016;16:15;16.06
27.08.2016;16:20;16.06
27.08.2016;16:25;16.07
27.08.2016;16:30;16.05
27.08.2016;16:35;16.04
27.08.2016;16:40;16.05
27.08.2016;16:45;16.04
27.08.2016;16:50;16.03
27.08.2016;16:55;16.02
27.08.2016;17:00;16.02
27.08.2016;17:05;16.03
27.08.2016;17:10;16.02
27.08.2016;17:15;16
27.08.2016;17:20;16
27.08.2016;17:25;16
27.08.2016;17:30;15.99
27.08.2016;17:35;15.99
27.08.2016;17:40;15.98
27.08.2016;17:45;15.98
27.08.2016;17:50;15.97
27.08.2016;17:55;15.98
27.08.2016;18:00;15.98
27.08.2016;18:05;15.97
27.08.2016;18:10;15.97
27.08.2016;18:15;15.97
27.08.2016;18:20;15.96
27.08.2016;18:25;15.97
27.08.2016;18:30;15.96
27.08.2016;18:35;15.97
27.08.2016;18:40;15.96
27.08.2016;18:45;15.96
27.08.2016;18:50;15.95
27.08.2016;18:55;15.95
27.08.2016;19:00;15.94
27.08.2016;19:05;15.95
27.08.2016;19:10;15.94
27.08.2016;19:15;15.94
27.08.2016;19:20;15.93
27.08.2016;19:25;15.92
27.08.2016;19:30;15.93
27.08.2016;19:35;15.9
27.08.2016;19:40;15.9
27.08.2016;19:45;15.9
27.08.2016;19:50;15.89
27.08.2016;19:55;15.89
27.08.2016;20:00;15.88
27.08.2016;20:05;15.87
27.08.2016;20:10;15.86
27.08.2016;20:15;15.85
27.08.2016;20:20;15.85
27.08.2016;20:25;15.84
27.08.2016;20:30;15.82
27.08.2016;20:35;15.82
27.08.2016;20:40;15.82
27.08.2016;20:45;15.81
27.08.2016;20:50;15.8
27.08.2016;20:55;15.8
27.08.2016;21:00;15.79
27.08.2016;21:05;15.77
27.08.2016;21:10;15.76
27.08.2016;21:15;15.76
27.08.2016;21:20;15.76
27.08.2016;21:25;15.75
27.08.2016;21:30;15.74
27.08.2016;21:35;15.73
27.08.2016;21:40;15.73
27.08.2016;21:45;15.72
27.08.2016;21:50;15.7
27.08.2016;21:55;15.7
27.08.2016;22:00;15.69
27.08.2016;22:05;15.7
27.08.2016;22:10;15.68
27.08.2016;22:15;15.68
27.08.2016;22:20;15.67
27.08.2016;22:25;15.67
27.08.2016;22:30;15.66
27.08.2016;22:35;15.65
27.08.2016;22:40;15.65
27.08.2016;22:45;15.65
27.08.2016;22:50;15.64
27.08.2016;22:55;15.63
27.08.2016;23:00;15.63
27.08.2016;23:05;15.62
27.08.2016;23:10;15.61
27.08.2016;23:15;15.61
27.08.2016;23:20;15.6
27.08.2016;23:25;15.59
27.08.2016;23:30;15.58
27.08.2016;23:35;15.58
27.08.2016;23:40;15.57
27.08.2016;23:45;15.56
27.08.2016;23:50;15.57
27.08.2016;23:55;15.56
28.08.2016;00:00;15.55
28.08.2016;00:05;15.55
28.08.2016;00:10;15.54
28.08.2016;00:15;15.54
28.08.2016;00:20;15.53
28.08.2016;00:25;15.52
28.08.2016;00:30;15.52
28.08.2016;00:35;15.52
28.08.2016;00:40;15.51
28.08.2016;00:45;15.51
28.08.2016;00:50;15.5
28.08.2016;00:55;15.5
28.08.2016;01:00;15.49
28.08.2016;01:05;15.49
28.08.2016;01:10;15.48
28.08.2016;01:15;15.48
28.08.2016;01:20;15.47
28.08.2016;01:25;15.46
28.08.2016;01:30;15.46
28.08.2016;01:35;15.46
28.08.2016;01:40;15.45
28.08.2016;01:45;15.45
28.08.2016;01:50;15.44
28.08.2016;01:55;15.43
28.08.2016;02:00;15.43
28.08.2016;02:05;15.41
28.08.2016;02:10;15.41
28.08.2016;02:15;15.41
28.08.2016;02:20;15.41
28.08.2016;02:25;15.4
28.08.2016;02:30;15.4
28.08.2016;02:35;15.41
28.08.2016;02:40;15.39
28.08.2016;02:45;15.38
28.08.2016;02:50;15.39
28.08.2016;02:55;15.38
28.08.2016;03:00;15.37
28.08.2016;03:05;15.38
28.08.2016;03:10;15.38
28.08.2016;03:15;15.38
28.08.2016;03:20;15.37
28.08.2016;03:25;15.37
28.08.2016;03:30;15.38
28.08.2016;03:35;15.37
28.08.2016;03:40;15.39
28.08.2016;03:45;15.4
28.08.2016;03:50;15.41
28.08.2016;03:55;15.42
28.08.2016;04:00;15.42
28.08.2016;04:05;15.44
28.08.2016;04:10;15.43
28.08.2016;04:15;15.44
28.08.2016;04:20;15.44
28.08.2016;04:25;15.43
28.08.2016;04:30;15.44
28.08.2016;04:35;15.44
28.08.2016;04:40;15.43
28.08.2016;04:45;15.43
28.08.2016;04:50;15.41
28.08.2016;04:55;15.42
28.08.2016;05:00;15.41
28.08.2016;05:05;15.4
28.08.2016;05:10;15.4
28.08.2016;05:15;15.4
28.08.2016;05:20;15.4
28.08.2016;05:25;15.4
28.08.2016;05:30;15.4
28.08.2016;05:35;15.41
28.08.2016;05:40;15.39
28.08.2016;05:45;15.39
28.08.2016;05:50;15.4
28.08.2016;05:55;15.39
28.08.2016;06:00;15.39
28.08.2016;06:05;15.39
28.08.2016;06:10;15.39
28.08.2016;06:15;15.4
28.08.2016;06:20;15.4
28.08.2016;06:25;15.4
28.08.2016;06:30;15.4
28.08.2016;06:35;15.4
28.08.2016;06:40;15.4
28.08.2016;06:45;15.4
28.08.2016;06:50;15.4
28.08.2016;06:55;15.42
28.08.2016;07:00;15.41
28.08.2016;07:05;15.42
28.08.2016;07:10;15.4
28.08.2016;07:15;15.42
28.08.2016;07:20;15.41
28.08.2016;07:25;15.42
28.08.2016;07:30;15.42
28.08.2016;07:35;15.42
28.08.2016;07:40;15.43
28.08.2016;07:45;15.43
28.08.2016;07:50;15.44
28.08.2016;07:55;15.45
28.08.2016;08:00;15.47
28.08.2016;08:05;15.47
28.08.2016;08:10;15.48
28.08.2016;08:15;15.49
28.08.2016;08:20;15.5
28.08.2016;08:25;15.52
28.08.2016;08:30;15.52
28.08.2016;08:35;15.54
28.08.2016;08:40;15.56
28.08.2016;08:45;15.58
28.08.2016;08:50;15.6
28.08.2016;08:55;15.62
28.08.2016;09:00;15.64
28.08.2016;09:05;15.65
28.08.2016;09:10;15.68
28.08.2016;09:15;15.69
28.08.2016;09:20;15.72
28.08.2016;09:25;15.74
28.08.2016;09:30;15.78
28.08.2016;09:35;15.8
28.08.2016;09:40;15.83
28.08.2016;09:45;15.85
28.08.2016;09:50;15.88
28.08.2016;09:55;15.91
28.08.2016;10:00;15.93
28.08.2016;10:05;15.94
28.08.2016;10:10;15.96
28.08.2016;10:15;15.97
28.08.2016;10:20;15.98
28.08.2016;10:25;15.99
28.08.2016;10:30;16.01
28.08.2016;10:35;16.02
28.08.2016;10:40;16.03
28.08.2016;10:45;16.03
28.08.2016;10:50;16.04
28.08.2016;10:55;16.05
28.08.2016;11:00;16.06
28.08.2016;11:05;16.08
28.08.2016;11:10;16.09
28.08.2016;11:15;16.09
28.08.2016;11:20;16.09
28.08.2016;11:25;16.11
28.08.2016;11:30;16.11
28.08.2016;11:35;16.13
28.08.2016;11:40;16.14
28.08.2016;11:45;16.14
28.08.2016;11:50;16.13
28.08.2016;11:55;16.14
28.08.2016;12:00;16.14
28.08.2016;12:05;16.14
28.08.2016;12:10;16.14
28.08.2016;12:15;16.16
28.08.2016;12:20;16.16
28.08.2016;12:25;16.17
28.08.2016;12:30;16.18
28.08.2016;12:35;16.18
28.08.2016;12:40;16.19
28.08.2016;12:45;16.19
28.08.2016;12:50;16.2
28.08.2016;12:55;16.19
28.08.2016;13:00;16.21
28.08.2016;13:05;16.21
28.08.2016;13:10;16.22
28.08.2016;13:15;16.23
28.08.2016;13:20;16.23
28.08.2016;13:25;16.23
28.08.2016;13:30;16.24
28.08.2016;13:35;16.24
28.08.2016;13:40;16.25
28.08.2016;13:45;16.26
28.08.2016;13:50;16.26
28.08.2016;13:55;16.26
28.08.2016;14:00;16.28
28.08.2016;14:05;16.29
28.08.2016;14:10;16.29
28.08.2016;14:15;16.3
28.08.2016;14:20;16.3
28.08.2016;14:25;16.32
28.08.2016;14:30;16.32
28.08.2016;14:35;16.33
28.08.2016;14:40;16.33
28.08.2016;14:45;16.34
28.08.2016;14:50;16.34
28.08.2016;14:55;16.34
28.08.2016;15:00;16.35
28.08.2016;15:05;16.35
28.08.2016;15:10;16.35
28.08.2016;15:15;16.34
28.08.2016;15:20;16.35
28.08.2016;15:25;16.34
28.08.2016;15:30;16.34
28.08.2016;15:35;16.34
28.08.2016;15:40;16.32
28.08.2016;15:45;16.32
28.08.2016;15:50;16.32
28.08.2016;15:55;16.31
28.08.2016;16:00;16.29
28.08.2016;16:05;16.29
28.08.2016;16:10;16.28
28.08.2016;16:15;16.27
28.08.2016;16:20;16.27
28.08.2016;16:25;16.26
28.08.2016;16:30;16.25
28.08.2016;16:35;16.24
28.08.2016;16:40;16.23
28.08.2016;16:45;16.23
28.08.2016;16:50;16.22
28.08.2016;16:55;16.21
28.08.2016;17:00;16.2
28.08.2016;17:05;16.2
28.08.2016;17:10;16.2
28.08.2016;17:15;16.19
28.08.2016;17:20;16.19
28.08.2016;17:25;16.19
28.08.2016;17:30;16.18
28.08.2016;17:35;16.18
28.08.2016;17:40;16.17
28.08.2016;17:45;16.16
28.08.2016;17:50;16.16
28.08.2016;17:55;16.15
28.08.2016;18:00;16.14
28.08.2016;18:05;16.13
28.08.2016;18:10;16.13
28.08.2016;18:15;16.14
28.08.2016;18:20;16.12
28.08.2016;18:25;16.11
28.08.2016;18:30;16.11
28.08.2016;18:35;16.09
28.08.2016;18:40;16.09
28.08.2016;18:45;16.08
28.08.2016;18:50;16.07
28.08.2016;18:55;16.06
28.08.2016;19:00;16.05
28.08.2016;19:05;16.06
28.08.2016;19:10;16.04
28.08.2016;19:15;16.03
28.08.2016;19:20;16.02
28.08.2016;19:25;16.01
28.08.2016;19:30;15.99
28.08.2016;19:35;15.99
28.08.2016;19:40;15.99
28.08.2016;19:45;15.98
28.08.2016;19:50;15.97
28.08.2016;19:55;15.96
28.08.2016;20:00;15.95
28.08.2016;20:05;15.94
28.08.2016;20:10;15.92
28.08.2016;20:15;15.93
28.08.2016;20:20;15.91
28.08.2016;20:25;15.91
28.08.2016;20:30;15.89
28.08.2016;20:35;15.88
28.08.2016;20:40;15.87
28.08.2016;20:45;15.86
28.08.2016;20:50;15.85
28.08.2016;20:55;15.84
28.08.2016;21:00;15.83
28.08.2016;21:05;15.81
28.08.2016;21:10;15.8
28.08.2016;21:15;15.79
28.08.2016;21:20;15.79
28.08.2016;21:25;15.78
28.08.2016;21:30;15.77
28.08.2016;21:35;15.76
28.08.2016;21:40;15.74
28.08.2016;21:45;15.73
28.08.2016;21:50;15.73
28.08.2016;21:55;15.72
28.08.2016;22:00;15.7
28.08.2016;22:05;15.69
28.08.2016;22:10;15.67
28.08.2016;22:15;15.67
28.08.2016;22:20;15.66
28.08.2016;22:25;15.65
28.08.2016;22:30;15.63
28.08.2016;22:35;15.62
28.08.2016;22:40;15.61
28.08.2016;22:45;15.62
28.08.2016;22:50;15.59
28.08.2016;22:55;15.6
28.08.2016;23:00;15.57
28.08.2016;23:05;15.57
28.08.2016;23:10;15.56
28.08.2016;23:15;15.54
28.08.2016;23:20;15.53
28.08.2016;23:25;15.51
28.08.2016;23:30;15.51
28.08.2016;23:35;15.5
28.08.2016;23:40;15.48
28.08.2016;23:45;15.48
28.08.2016;23:50;15.48
28.08.2016;23:55;15.47
29.08.2016;00:00;15.46
29.08.2016;00:05;15.45
29.08.2016;00:10;15.44
29.08.2016;00:15;15.44
29.08.2016;00:20;15.43
29.08.2016;00:25;15.43
29.08.2016;00:30;15.42
29.08.2016;00:35;15.4
29.08.2016;00:40;15.41
29.08.2016;00:45;15.41
29.08.2016;00:50;15.38
29.08.2016;00:55;15.38
29.08.2016;01:00;15.36
29.08.2016;01:05;15.37
29.08.2016;01:10;15.35
29.08.2016;01:15;15.35
29.08.2016;01:20;15.34
29.08.2016;01:25;15.33
29.08.2016;01:30;15.34
29.08.2016;01:35;15.31
29.08.2016;01:40;15.31
29.08.2016;01:45;15.3
29.08.2016;01:50;15.29
29.08.2016;01:55;15.28
29.08.2016;02:00;15.29
29.08.2016;02:05;15.27
29.08.2016;02:10;15.25
29.08.2016;02:15;15.26
29.08.2016;02:20;15.24
29.08.2016;02:25;15.25
29.08.2016;02:30;15.22
29.08.2016;02:35;15.21
29.08.2016;02:40;15.21
29.08.2016;02:45;15.2
29.08.2016;02:50;15.2
29.08.2016;02:55;15.2
29.08.2016;03:00;15.2
29.08.2016;03:05;15.18
29.08.2016;03:10;15.17
29.08.2016;03:15;15.16
29.08.2016;03:20;15.15
29.08.2016;03:25;15.15
29.08.2016;03:30;15.14
29.08.2016;03:35;15.14
29.08.2016;03:40;15.11
29.08.2016;03:45;15.11
29.08.2016;03:50;15.11
29.08.2016;03:55;15.1
29.08.2016;04:00;15.09
29.08.2016;04:05;15.08
29.08.2016;04:10;15.08
29.08.2016;04:15;15.08
29.08.2016;04:20;15.07
29.08.2016;04:25;15.06
29.08.2016;04:30;15.06
29.08.2016;04:35;15.05
29.08.2016;04:40;15.05
29.08.2016;04:45;15.05
29.08.2016;04:50;15.04
29.08.2016;04:55;15.04
29.08.2016;05:00;15.03
29.08.2016;05:05;15.02
29.08.2016;05:10;15.02
29.08.2016;05:15;15.02
29.08.2016;05:20;15.01
29.08.2016;05:25;15.01
29.08.2016;05:30;15
29.08.2016;05:35;14.99
29.08.2016;05:40;15
29.08.2016;05:45;15
29.08.2016;05:50;14.99
29.08.2016;05:55;14.99
29.08.2016;06:00;14.98
29.08.2016;06:05;15
29.08.2016;06:10;14.99
29.08.2016;06:15;15
29.08.2016;06:20;14.99
29.08.2016;06:25;14.99
29.08.2016;06:30;14.99
29.08.2016;06:35;14.99
29.08.2016;06:40;14.99
29.08.2016;06:45;14.99
29.08.2016;06:50;14.98
29.08.2016;06:55;14.98
29.08.2016;07:00;14.98
29.08.2016;07:05;14.98
29.08.2016;07:10;14.98
29.08.2016;07:15;14.97
29.08.2016;07:20;14.99
29.08.2016;07:25;14.98
29.08.2016;07:30;14.98
29.08.2016;07:35;14.99
29.08.2016;07:40;14.98
29.08.2016;07:45;15
29.08.2016;07:50;14.99
29.08.2016;07:55;14.98
29.08.2016;08:00;14.99
29.08.2016;08:05;15
29.08.2016;08:10;15
29.08.2016;08:15;14.99
29.08.2016;08:20;14.99
29.08.2016;08:25;15
29.08.2016;08:30;14.99
29.08.2016;08:35;14.99
29.08.2016;08:40;15
29.08.2016;08:45;15
29.08.2016;08:50;15
29.08.2016;08:55;15.02
29.08.2016;09:00;15.02
29.08.2016;09:05;15.03
29.08.2016;09:10;15.05
29.08.2016;09:15;15.05
29.08.2016;09:20;15.05
29.08.2016;09:25;15.07
29.08.2016;09:30;15.08
29.08.2016;09:35;15.09
29.08.2016;09:40;15.11
29.08.2016;09:45;15.13
29.08.2016;09:50;15.13
29.08.2016;09:55;15.15
29.08.2016;10:00;15.16
29.08.2016;10:05;15.16
29.08.2016;10:10;15.16
29.08.2016;10:15;15.17
29.08.2016;10:20;15.17
29.08.2016;10:25;15.17
29.08.2016;10:30;15.19
29.08.2016;10:35;15.21
29.08.2016;10:40;15.21
29.08.2016;10:45;15.22
29.08.2016;10:50;15.23
29.08.2016;10:55;15.24
29.08.2016;11:00;15.25
29.08.2016;11:05;15.24
29.08.2016;11:10;15.25
29.08.2016;11:15;15.25
29.08.2016;11:20;15.27
29.08.2016;11:25;15.26
29.08.2016;11:30;15.28
29.08.2016;11:35;15.28
29.08.2016;11:40;15.28
29.08.2016;11:45;15.27
29.08.2016;11:50;15.27
29.08.2016;11:55;15.27
29.08.2016;12:00;15.26
29.08.2016;12:05;15.26
29.08.2016;12:10;15.25
29.08.2016;12:15;15.25
29.08.2016;12:20;15.23
29.08.2016;12:25;15.24
29.08.2016;12:30;15.23
29.08.2016;12:35;15.24
29.08.2016;12:40;15.23
29.08.2016;12:45;15.21
29.08.2016;12:50;15.22
29.08.2016;12:55;15.21
29.08.2016;13:00;15.2
29.08.2016;13:05;15.22
29.08.2016;13:10;15.2
29.08.2016;13:15;15.2
29.08.2016;13:20;15.2
29.08.2016;13:25;15.19
29.08.2016;13:30;15.2
29.08.2016;13:35;15.19
29.08.2016;13:40;15.19
29.08.2016;13:45;15.18
29.08.2016;13:50;15.18
29.08.2016;13:55;15.17
29.08.2016;14:00;15.17
29.08.2016;14:05;15.18
29.08.2016;14:10;15.17
29.08.2016;14:15;15.17
29.08.2016;14:20;15.16
29.08.2016;14:25;15.17
29.08.2016;14:30;15.16
29.08.2016;14:35;15.16
29.08.2016;14:40;15.16
29.08.2016;14:45;15.16
29.08.2016;14:50;15.16
29.08.2016;14:55;15.16
29.08.2016;15:00;15.15
29.08.2016;15:05;15.16
29.08.2016;15:10;15.16
29.08.2016;15:15;15.15
29.08.2016;15:20;15.15
29.08.2016;15:25;15.14
29.08.2016;15:30;15.14
29.08.2016;15:35;15.13
29.08.2016;15:40;15.14
29.08.2016;15:45;15.14
29.08.2016;15:50;15.14
29.08.2016;15:55;15.13
29.08.2016;16:00;15.12
29.08.2016;16:05;15.12
29.08.2016;16:10;15.11
29.08.2016;16:15;15.1
29.08.2016;16:20;15.1
29.08.2016;16:25;15.08
29.08.2016;16:30;15.08
29.08.2016;16:35;15.08
29.08.2016;16:40;15.06
29.08.2016;16:45;15.05
29.08.2016;16:50;15.04
29.08.2016;16:55;15.04
29.08.2016;17:00;15.02
29.08.2016;17:05;15.01
29.08.2016;17:10;15
29.08.2016;17:15;14.98
29.08.2016;17:20;14.98
29.08.2016;17:25;14.96
29.08.2016;17:30;14.93
29.08.2016;17:35;14.94
29.08.2016;17:40;14.92
29.08.2016;17:45;14.89
29.08.2016;17:50;14.89
29.08.2016;17:55;14.89
29.08.2016;18:00;14.88
29.08.2016;18:05;14.86
29.08.2016;18:10;14.83
29.08.2016;18:15;14.82
29.08.2016;18:20;14.81
29.08.2016;18:25;14.81
29.08.2016;18:30;14.78
29.08.2016;18:35;14.76
29.08.2016;18:40;14.75
29.08.2016;18:45;14.74
29.08.2016;18:50;14.73
29.08.2016;18:55;14.71
29.08.2016;19:00;14.7
29.08.2016;19:05;14.69
29.08.2016;19:10;14.66
29.08.2016;19:15;14.65
29.08.2016;19:20;14.65
29.08.2016;19:25;14.64
29.08.2016;19:30;14.61
29.08.2016;19:35;14.6
29.08.2016;19:40;14.59
29.08.2016;19:45;14.58
29.08.2016;19:50;14.57
29.08.2016;19:55;14.57
29.08.2016;20:00;14.55
29.08.2016;20:05;14.54
29.08.2016;20:10;14.53
29.08.2016;20:15;14.52
29.08.2016;20:20;14.51
29.08.2016;20:25;14.49
29.08.2016;20:30;14.48
29.08.2016;20:35;14.47
29.08.2016;20:40;14.46
29.08.2016;20:45;14.44
29.08.2016;20:50;14.44
29.08.2016;20:55;14.43
29.08.2016;21:00;14.41
29.08.2016;21:05;14.4
29.08.2016;21:10;14.38
29.08.2016;21:15;14.38
29.08.2016;21:20;14.37
29.08.2016;21:25;14.36
29.08.2016;21:30;14.35
29.08.2016;21:35;14.34
29.08.2016;21:40;14.33
29.08.2016;21:45;14.32
29.08.2016;21:50;14.31
29.08.2016;21:55;14.31
29.08.2016;22:00;14.28
29.08.2016;22:05;14.27
29.08.2016;22:10;14.27
29.08.2016;22:15;14.26
29.08.2016;22:20;14.26
29.08.2016;22:25;14.24
29.08.2016;22:30;14.24
29.08.2016;22:35;14.22
29.08.2016;22:40;14.21
29.08.2016;22:45;14.2
29.08.2016;22:50;14.19
29.08.2016;22:55;14.18
29.08.2016;23:00;14.17
29.08.2016;23:05;14.17
29.08.2016;23:10;14.15
29.08.2016;23:15;14.15
29.08.2016;23:20;14.13
29.08.2016;23:25;14.13
29.08.2016;23:30;14.13
29.08.2016;23:35;14.1
29.08.2016;23:40;14.11
29.08.2016;23:45;14.11
29.08.2016;23:50;14.09
29.08.2016;23:55;14.1
30.08.2016;00:00;14.1
30.08.2016;00:05;14.11
30.08.2016;00:10;14.1
30.08.2016;00:15;14.11
30.08.2016;00:20;14.09
30.08.2016;00:25;14.09
30.08.2016;00:30;14.08
30.08.2016;00:35;14.08
30.08.2016;00:40;14.08
30.08.2016;00:45;14.1
30.08.2016;00:50;14.08
30.08.2016;00:55;14.07
30.08.2016;01:00;14.08
30.08.2016;01:05;14.07
30.08.2016;01:10;14.06
30.08.2016;01:15;14.06
30.08.2016;01:20;14.06
30.08.2016;01:25;14.06
30.08.2016;01:30;14.06
30.08.2016;01:35;14.05
30.08.2016;01:40;14.05
30.08.2016;01:45;14.03
30.08.2016;01:50;14.03
30.08.2016;01:55;14.03
30.08.2016;02:00;14.03
30.08.2016;02:05;14.04
30.08.2016;02:10;14.03
30.08.2016;02:15;14.02
30.08.2016;02:20;14.01
30.08.2016;02:25;14
30.08.2016;02:30;14
30.08.2016;02:35;14
30.08.2016;02:40;13.99
30.08.2016;02:45;13.98
30.08.2016;02:50;13.97
30.08.2016;02:55;13.98
30.08.2016;03:00;13.96
30.08.2016;03:05;13.94
30.08.2016;03:10;13.94
30.08.2016;03:15;13.94
30.08.2016;03:20;13.93
30.08.2016;03:25;13.92
30.08.2016;03:30;13.91
30.08.2016;03:35;13.91
30.08.2016;03:40;13.9
30.08.2016;03:45;13.89
30.08.2016;03:50;13.89
30.08.2016;03:55;13.88
30.08.2016;04:00;13.88
30.08.2016;04:05;13.87
30.08.2016;04:10;13.87
30.08.2016;04:15;13.85
30.08.2016;04:20;13.84
30.08.2016;04:25;13.85
30.08.2016;04:30;13.83
30.08.2016;04:35;13.83
30.08.2016;04:40;13.83
30.08.2016;04:45;13.83
30.08.2016;04:50;13.81
30.08.2016;04:55;13.81
30.08.2016;05:00;13.8
30.08.2016;05:05;13.8
30.08.2016;05:10;13.79
30.08.2016;05:15;13.79
30.08.2016;05:20;13.79
30.08.2016;05:25;13.79
30.08.2016;05:30;13.78
30.08.2016;05:35;13.78
30.08.2016;05:40;13.79
30.08.2016;05:45;13.78
30.08.2016;05:50;13.78
30.08.2016;05:55;13.77
30.08.2016;06:00;13.77
30.08.2016;06:05;13.78
30.08.2016;06:10;13.77
30.08.2016;06:15;13.77
30.08.2016;06:20;13.77
30.08.2016;06:25;13.78
30.08.2016;06:30;13.78
30.08.2016;06:35;13.78
30.08.2016;06:40;13.78
30.08.2016;06:45;13.78
30.08.2016;06:50;13.77
30.08.2016;06:55;13.79
30.08.2016;07:00;13.8
30.08.2016;07:05;13.79
30.08.2016;07:10;13.8
30.08.2016;07:15;13.8
30.08.2016;07:20;13.81
30.08.2016;07:25;13.81
30.08.2016;07:30;13.81
30.08.2016;07:35;13.82
30.08.2016;07:40;13.83
30.08.2016;07:45;13.83
30.08.2016;07:50;13.84
30.08.2016;07:55;13.84
30.08.2016;08:00;13.86
30.08.2016;08:05;13.87
30.08.2016;08:10;13.86
30.08.2016;08:15;13.88
30.08.2016;08:20;13.9
30.08.2016;08:25;13.91
30.08.2016;08:30;13.92
30.08.2016;08:35;13.92
30.08.2016;08:40;13.94
30.08.2016;08:45;13.96
30.08.2016;08:50;13.98
30.08.2016;08:55;13.98
30.08.2016;09:00;14.01
30.08.2016;09:05;14.04
30.08.2016;09:10;14.07
30.08.2016;09:15;14.08
30.08.2016;09:20;14.11
30.08.2016;09:25;14.14
30.08.2016;09:30;14.17
30.08.2016;09:35;14.19
30.08.2016;09:40;14.22
30.08.2016;09:45;14.24
30.08.2016;09:50;14.27
30.08.2016;09:55;14.29
30.08.2016;10:00;14.3
30.08.2016;10:05;14.3
30.08.2016;10:10;14.32
30.08.2016;10:15;14.31
30.08.2016;10:20;14.33
30.08.2016;10:25;14.34
30.08.2016;10:30;14.34
30.08.2016;10:35;14.34
30.08.2016;10:40;14.35
30.08.2016;10:45;14.32
30.08.2016;10:50;14.33
30.08.2016;10:55;14.31
30.08.2016;11:00;14.33
30.08.2016;11:05;14.32
30.08.2016;11:10;14.32
30.08.2016;11:15;14.31
30.08.2016;11:20;14.32
30.08.2016;11:25;14.31
30.08.2016;11:30;14.31
30.08.2016;11:35;14.31
30.08.2016;11:40;14.3
30.08.2016;11:45;14.3
30.08.2016;11:50;14.31
30.08.2016;11:55;14.3
30.08.2016;12:00;14.31
30.08.2016;12:05;14.31
30.08.2016;12:10;14.32
30.08.2016;12:15;14.32
30.08.2016;12:20;14.32
30.08.2016;12:25;14.32
30.08.2016;12:30;14.33
30.08.2016;12:35;14.33
30.08.2016;12:40;14.34
30.08.2016;12:45;14.33
30.08.2016;12:50;14.35
30.08.2016;12:55;14.34
30.08.2016;13:00;14.34
30.08.2016;13:05;14.34
30.08.2016;13:10;14.35
30.08.2016;13:15;14.35
30.08.2016;13:20;14.36
30.08.2016;13:25;14.36
30.08.2016;13:30;14.37
30.08.2016;13:35;14.38
30.08.2016;13:40;14.39
30.08.2016;13:45;14.4
30.08.2016;13:50;14.4
30.08.2016;13:55;14.42
30.08.2016;14:00;14.43
30.08.2016;14:05;14.42
30.08.2016;14:10;14.44
30.08.2016;14:15;14.44
30.08.2016;14:20;14.46
30.08.2016;14:25;14.45
30.08.2016;14:30;14.47
30.08.2016;14:35;14.46
30.08.2016;14:40;14.48
30.08.2016;14:45;14.48
30.08.2016;14:50;14.49
30.08.2016;14:55;14.49
30.08.2016;15:00;14.5
30.08.2016;15:05;14.5
30.08.2016;15:10;14.5
30.08.2016;15:15;14.5
30.08.2016;15:20;14.5
30.08.2016;15:25;14.51
30.08.2016;15:30;14.53
30.08.2016;15:35;14.52
30.08.2016;15:40;14.53
30.08.2016;15:45;14.53
30.08.2016;15:50;14.53
30.08.2016;15:55;14.54
30.08.2016;16:00;14.53
30.08.2016;16:05;14.54
30.08.2016;16:10;14.54
30.08.2016;16:15;14.54
30.08.2016;16:20;14.53
30.08.2016;16:25;14.53
30.08.2016;16:30;14.52
30.08.2016;16:35;14.52
30.08.2016;16:40;14.51
30.08.2016;16:45;14.5
30.08.2016;16:50;14.49
30.08.2016;16:55;14.5
30.08.2016;17:00;14.47
30.08.2016;17:05;14.47
30.08.2016;17:10;14.47
30.08.2016;17:15;14.46
30.08.2016;17:20;14.45
30.08.2016;17:25;14.45
30.08.2016;17:30;14.43
30.08.2016;17:35;14.44
30.08.2016;17:40;14.43
30.08.2016;17:45;14.42
30.08.2016;17:50;14.42
30.08.2016;17:55;14.4
30.08.2016;18:00;14.4
30.08.2016;18:05;14.39
30.08.2016;18:10;14.39
30.08.2016;18:15;14.37
30.08.2016;18:20;14.37
30.08.2016;18:25;14.36
30.08.2016;18:30;14.35
30.08.2016;18:35;14.35
30.08.2016;18:40;14.34
30.08.2016;18:45;14.34
30.08.2016;18:50;14.33
30.08.2016;18:55;14.32
30.08.2016;19:00;14.31
30.08.2016;19:05;14.31
30.08.2016;19:10;14.29
30.08.2016;19:15;14.3
30.08.2016;19:20;14.29
30.08.2016;19:25;14.28
30.08.2016;19:30;14.28
30.08.2016;19:35;14.27
30.08.2016;19:40;14.25
30.08.2016;19:45;14.25
30.08.2016;19:50;14.25
30.08.2016;19:55;14.23
30.08.2016;20:00;14.22
30.08.2016;20:05;14.22
30.08.2016;20:10;14.22
30.08.2016;20:15;14.21
30.08.2016;20:20;14.21
30.08.2016;20:25;14.2
30.08.2016;20:30;14.2
30.08.2016;20:35;14.19
30.08.2016;20:40;14.19
30.08.2016;20:45;14.19
30.08.2016;20:50;14.18
30.08.2016;20:55;14.19
30.08.2016;21:00;14.18
30.08.2016;21:05;14.18
30.08.2016;21:10;14.16
30.08.2016;21:15;14.17
30.08.2016;21:20;14.16
30.08.2016;21:25;14.17
30.08.2016;21:30;14.16
30.08.2016;21:35;14.15
30.08.2016;21:40;14.16
30.08.2016;21:45;14.17
30.08.2016;21:50;14.15
30.08.2016;21:55;14.13
30.08.2016;22:00;14.15
30.08.2016;22:05;14.14
30.08.2016;22:10;14.14
30.08.2016;22:15;14.13
30.08.2016;22:20;14.13
30.08.2016;22:25;14.14
30.08.2016;22:30;14.13
30.08.2016;22:35;14.12
30.08.2016;22:40;14.11
30.08.2016;22:45;14.12
30.08.2016;22:50;14.11
30.08.2016;22:55;14.1
30.08.2016;23:00;14.11
30.08.2016;23:05;14.11
30.08.2016;23:10;14.1
30.08.2016;23:15;14.09
30.08.2016;23:20;14.1
30.08.2016;23:25;14.07
30.08.2016;23:30;14.09
30.08.2016;23:35;14.09
30.08.2016;23:40;14.08
30.08.2016;23:45;14.06
30.08.2016;23:50;14.05
30.08.2016;23:55;14.06
31.08.2016;00:00;14.06
31.08.2016;00:05;14.05
31.08.2016;00:10;14.04
31.08.2016;00:15;14.04
31.08.2016;00:20;14.03
31.08.2016;00:25;14.04
31.08.2016;00:30;14.02
31.08.2016;00:35;14.03
31.08.2016;00:40;14.02
31.08.2016;00:45;14.03
31.08.2016;00:50;14.01
31.08.2016;00:55;14.02
31.08.2016;01:00;14.01
31.08.2016;01:05;14.01
31.08.2016;01:10;14.01
31.08.2016;01:15;14.01
31.08.2016;01:20;14.01
31.08.2016;01:25;14.01
31.08.2016;01:30;14
31.08.2016;01:35;14.01
31.08.2016;01:40;14.01
31.08.2016;01:45;14
31.08.2016;01:50;14
31.08.2016;01:55;14
31.08.2016;02:00;14
31.08.2016;02:05;14
31.08.2016;02:10;14
31.08.2016;02:15;14
31.08.2016;02:20;13.98
31.08.2016;02:25;13.99
31.08.2016;02:30;13.99
31.08.2016;02:35;13.99
31.08.2016;02:40;13.98
31.08.2016;02:45;13.98
31.08.2016;02:50;13.99
31.08.2016;02:55;13.99
31.08.2016;03:00;13.98
31.08.2016;03:05;13.98
31.08.2016;03:10;13.98
31.08.2016;03:15;13.98
31.08.2016;03:20;13.98
31.08.2016;03:25;13.98
31.08.2016;03:30;13.99
31.08.2016;03:35;13.98
31.08.2016;03:40;13.98
31.08.2016;03:45;13.98
31.08.2016;03:50;13.98
31.08.2016;03:55;13.98
31.08.2016;04:00;14
31.08.2016;04:05;13.98
31.08.2016;04:10;13.98
31.08.2016;04:15;13.98
31.08.2016;04:20;13.99
31.08.2016;04:25;13.99
31.08.2016;04:30;13.98
31.08.2016;04:35;14
31.08.2016;04:40;13.98
31.08.2016;04:45;13.99
31.08.2016;04:50;13.97
31.08.2016;04:55;13.98
31.08.2016;05:00;13.97
31.08.2016;05:05;13.98
31.08.2016;05:10;13.98
31.08.2016;05:15;13.99
31.08.2016;05:20;13.97
31.08.2016;05:25;13.97
31.08.2016;05:30;13.98
31.08.2016;05:35;13.97
31.08.2016;05:40;13.98
31.08.2016;05:45;13.97
31.08.2016;05:50;13.97
31.08.2016;05:55;13.97
31.08.2016;06:00;13.96
31.08.2016;06:05;13.98
31.08.2016;06:10;13.97
31.08.2016;06:15;13.97
31.08.2016;06:20;13.97
31.08.2016;06:25;13.96
31.08.2016;06:30;13.96
31.08.2016;06:35;13.95
31.08.2016;06:40;13.95
31.08.2016;06:45;13.94
31.08.2016;06:50;13.95
31.08.2016;06:55;13.94
31.08.2016;07:00;13.95
31.08.2016;07:05;13.94
31.08.2016;07:10;13.94
31.08.2016;07:15;---
31.08.2016;07:20;---
31.08.2016;07:25;---
31.08.2016;07:30;---
31.08.2016;07:35;---
31.08.2016;07:40;---
31.08.2016;07:45;---
31.08.2016;07:50;---
31.08.2016;07:55;---
31.08.2016;08:00;---
31.08.2016;08:05;---
31.08.2016;08:10;---
31.08.2016;08:15;---
31.08.2016;08:20;---
31.08.2016;08:25;---
31.08.2016;08:30;---
31.08.2016;08:35;---
31.08.2016;08:40;---
31.08.2016;08:45;---
31.08.2016;08:50;---
31.08.2016;08:55;---
31.08.2016;09:00;---
31.08.2016;09:05;---
31.08.2016;09:10;---
31.08.2016;09:15;---
31.08.2016;09:20;---
31.08.2016;09:25;---
31.08.2016;09:30;---
31.08.2016;09:35;---
31.08.2016;09:40;---
31.08.2016;09:45;---
31.08.2016;09:50;---
31.08.2016;09:55;---
31.08.2016;10:00;---
31.08.2016;10:05;---
31.08.2016;10:10;---
31.08.2016;10:15;---
31.08.2016;10:20;---
31.08.2016;10:25;---
31.08.2016;10:30;---
31.08.2016;10:35;---
31.08.2016;10:40;---
31.08.2016;10:45;---
31.08.2016;10:50;---
31.08.2016;10:55;---
31.08.2016;11:00;---
31.08.2016;11:05;---
31.08.2016;11:10;---
31.08.2016;11:15;---
31.08.2016;11:20;---
31.08.2016;11:25;---
31.08.2016;11:30;---
31.08.2016;11:35;---
31.08.2016;11:40;---
31.08.2016;11:45;---
31.08.2016;11:50;---
31.08.2016;11:55;---
31.08.2016;12:00;---
31.08.2016;12:05;---
31.08.2016;12:10;---
31.08.2016;12:15;---
31.08.2016;12:20;---
31.08.2016;12:25;---
31.08.2016;12:30;---
31.08.2016;12:35;---
31.08.2016;12:40;---
31.08.2016;12:45;---
31.08.2016;12:50;---
31.08.2016;12:55;---
31.08.2016;13:00;---
31.08.2016;13:05;---
31.08.2016;13:10;---
31.08.2016;13:15;---
31.08.2016;13:20;---
31.08.2016;13:25;---
31.08.2016;13:30;---
31.08.2016;13:35;---
31.08.2016;13:40;---
31.08.2016;13:45;---
31.08.2016;13:50;---
31.08.2016;13:55;---
31.08.2016;14:00;---
31.08.2016;14:05;---
31.08.2016;14:10;---
31.08.2016;14:15;---
31.08.2016;14:20;---
31.08.2016;14:25;---
31.08.2016;14:30;---
31.08.2016;14:35;---
31.08.2016;14:40;---
31.08.2016;14:45;---
31.08.2016;14:50;---
31.08.2016;14:55;---
31.08.2016;15:00;---
31.08.2016;15:05;---
31.08.2016;15:10;---
31.08.2016;15:15;---
31.08.2016;15:20;---
31.08.2016;15:25;---
31.08.2016;15:30;---
31.08.2016;15:35;---
31.08.2016;15:40;---
31.08.2016;15:45;---
31.08.2016;15:50;---
31.08.2016;15:55;---
31.08.2016;16:00;---
31.08.2016;16:05;---
31.08.2016;16:10;---
31.08.2016;16:15;---
31.08.2016;16:20;---
31.08.2016;16:25;---
31.08.2016;16:30;---
31.08.2016;16:35;---
31.08.2016;16:40;---
31.08.2016;16:45;---
31.08.2016;16:50;---
31.08.2016;16:55;---
31.08.2016;17:00;---
31.08.2016;17:05;---
31.08.2016;17:10;---
31.08.2016;17:15;---
31.08.2016;17:20;---
31.08.2016;17:25;---
31.08.2016;17:30;---
31.08.2016;17:35;---
31.08.2016;17:40;---
31.08.2016;17:45;---
31.08.2016;17:50;---
31.08.2016;17:55;---
31.08.2016;18:00;---
31.08.2016;18:05;---
31.08.2016;18:10;---
31.08.2016;18:15;---
31.08.2016;18:20;---
31.08.2016;18:25;---
31.08.2016;18:30;---
31.08.2016;18:35;---
31.08.2016;18:40;---
31.08.2016;18:45;---
31.08.2016;18:50;---
31.08.2016;18:55;---
31.08.2016;19:00;---
31.08.2016;19:05;---
31.08.2016;19:10;---
31.08.2016;19:15;---
31.08.2016;19:20;---
31.08.2016;19:25;---
31.08.2016;19:30;---
31.08.2016;19:35;---
31.08.2016;19:40;---
31.08.2016;19:45;---
31.08.2016;19:50;---
31.08.2016;19:55;---
31.08.2016;20:00;---
31.08.2016;20:05;---
31.08.2016;20:10;---
31.08.2016;20:15;---
31.08.2016;20:20;---
31.08.2016;20:25;---
31.08.2016;20:30;---
31.08.2016;20:35;---
31.08.2016;20:40;---
31.08.2016;20:45;---
31.08.2016;20:50;---
31.08.2016;20:55;---
31.08.2016;21:00;---
31.08.2016;21:05;---
31.08.2016;21:10;---
31.08.2016;21:15;---
31.08.2016;21:20;---
31.08.2016;21:25;---
31.08.2016;21:30;---
31.08.2016;21:35;---
31.08.2016;21:40;---
31.08.2016;21:45;---
31.08.2016;21:50;---
31.08.2016;21:55;---
31.08.2016;22:00;---
31.08.2016;22:05;---
31.08.2016;22:10;---
31.08.2016;22:15;---
31.08.2016;22:20;---
31.08.2016;22:25;---
31.08.2016;22:30;---
31.08.2016;22:35;---
31.08.2016;22:40;---
31.08.2016;22:45;---
31.08.2016;22:50;---
31.08.2016;22:55;---
31.08.2016;23:00;---
31.08.2016;23:05;---
31.08.2016;23:10;---
31.08.2016;23:15;---
31.08.2016;23:20;---
31.08.2016;23:25;---
31.08.2016;23:30;---
31.08.2016;23:35;---
31.08.2016;23:40;---
31.08.2016;23:45;---
31.08.2016;23:50;---
31.08.2016;23:55;---
01.09.2016;00:00;---
01.09.2016;00:05;1.46
01.09.2016;00:10;1.45
01.09.2016;00:15;---
01.09.2016;00:20;---
01.09.2016;00:25;---
01.09.2016;00:30;---
01.09.2016;00:35;---
01.09.2016;00:40;---
01.09.2016;00:45;---
01.09.2016;00:50;---
01.09.2016;00:55;---
01.09.2016;01:00;---
01.09.2016;01:05;---
01.09.2016;01:10;---
01.09.2016;01:15;---
01.09.2016;01:20;---
01.09.2016;01:25;---
01.09.2016;01:30;---
01.09.2016;01:35;---
01.09.2016;01:40;---
01.09.2016;01:45;---
01.09.2016;01:50;---
01.09.2016;01:55;---
01.09.2016;02:00;---
01.09.2016;02:05;---
01.09.2016;02:10;---
01.09.2016;02:15;---
01.09.2016;02:20;---
01.09.2016;02:25;---
01.09.2016;02:30;---
01.09.2016;02:35;---
01.09.2016;02:40;---
01.09.2016;02:45;---
01.09.2016;02:50;---
01.09.2016;02:55;---
01.09.2016;03:00;---
01.09.2016;03:05;---
01.09.2016;03:10;---
01.09.2016;03:15;---
01.09.2016;03:20;---
01.09.2016;03:25;---
01.09.2016;03:30;---
01.09.2016;03:35;---
01.09.2016;03:40;---
01.09.2016;03:45;---
01.09.2016;03:50;---
01.09.2016;03:55;---
01.09.2016;04:00;---
01.09.2016;04:05;---
01.09.2016;04:10;---
01.09.2016;04:15;---
01.09.2016;04:20;---
01.09.2016;04:25;---
01.09.2016;04:30;---
01.09.2016;04:35;---
01.09.2016;04:40;---
01.09.2016;04:45;---
01.09.2016;04:50;---
01.09.2016;04:55;---
01.09.2016;05:00;---
01.09.2016;05:05;---
01.09.2016;05:10;---
01.09.2016;05:15;---
01.09.2016;05:20;---
01.09.2016;05:25;---
01.09.2016;05:30;---
01.09.2016;05:35;---
01.09.2016;05:40;---
01.09.2016;05:45;---
01.09.2016;05:50;---
01.09.2016;05:55;---
01.09.2016;06:00;---
01.09.2016;06:05;---
01.09.2016;06:10;---
01.09.2016;06:15;---
01.09.2016;06:20;---
01.09.2016;06:25;---
01.09.2016;06:30;---
01.09.2016;06:35;---
01.09.2016;06:40;---
01.09.2016;06:45;---
01.09.2016;06:50;---
01.09.2016;06:55;---
01.09.2016;07:00;---
01.09.2016;07:05;---
01.09.2016;07:10;---
01.09.2016;07:15;---
01.09.2016;07:20;---
01.09.2016;07:25;---
01.09.2016;07:30;---
01.09.2016;07:35;---
01.09.2016;07:40;---
01.09.2016;07:45;---
01.09.2016;07:50;---
01.09.2016;07:55;---
01.09.2016;08:00;---
01.09.2016;08:05;---
01.09.2016;08:10;---
01.09.2016;08:15;---
01.09.2016;08:20;---
01.09.2016;08:25;---
01.09.2016;08:30;---
01.09.2016;08:35;---
01.09.2016;08:40;---
01.09.2016;08:45;---
01.09.2016;08:50;---
01.09.2016;08:55;---
01.09.2016;09:00;---
01.09.2016;09:05;---
01.09.2016;09:10;---
01.09.2016;09:15;---
01.09.2016;09:20;---
01.09.2016;09:25;---
01.09.2016;09:30;---
01.09.2016;09:35;---
01.09.2016;09:40;---
01.09.2016;09:45;---
01.09.2016;09:50;---
01.09.2016;09:55;---
01.09.2016;10:00;---
01.09.2016;10:05;---
01.09.2016;10:10;---
01.09.2016;10:15;---
01.09.2016;10:20;---
01.09.2016;10:25;---
01.09.2016;10:30;---
01.09.2016;10:35;---
01.09.2016;10:40;---
01.09.2016;10:45;---
01.09.2016;10:50;---
01.09.2016;10:55;---
01.09.2016;11:00;---
01.09.2016;11:05;---
01.09.2016;11:10;---
01.09.2016;11:15;---
01.09.2016;11:20;---
01.09.2016;11:25;---
01.09.2016;11:30;---
01.09.2016;11:35;---
01.09.2016;11:40;---
01.09.2016;11:45;---
01.09.2016;11:50;---
01.09.2016;11:55;---
01.09.2016;12:00;---
01.09.2016;12:05;---
01.09.2016;12:10;---
01.09.2016;12:15;---
01.09.2016;12:20;---
01.09.2016;12:25;---
01.09.2016;12:30;---
01.09.2016;12:35;---
01.09.2016;12:40;---
01.09.2016;12:45;---
01.09.2016;12:50;---
01.09.2016;12:55;---
01.09.2016;13:00;---
01.09.2016;13:05;---
01.09.2016;13:10;---
01.09.2016;13:15;---
01.09.2016;13:20;---
01.09.2016;13:25;---
01.09.2016;13:30;---
01.09.2016;13:35;---
01.09.2016;13:40;---
01.09.2016;13:45;---
01.09.2016;13:50;---
01.09.2016;13:55;---
01.09.2016;14:00;---
01.09.2016;14:05;---
01.09.2016;14:10;---
01.09.2016;14:15;---
01.09.2016;14:20;---
01.09.2016;14:25;---
01.09.2016;14:30;---
01.09.2016;14:35;---
01.09.2016;14:40;---
01.09.2016;14:45;---
01.09.2016;14:50;---
01.09.2016;14:55;---
01.09.2016;15:00;---
01.09.2016;15:05;---
01.09.2016;15:10;---
01.09.2016;15:15;---
01.09.2016;15:20;---
01.09.2016;15:25;---
01.09.2016;15:30;---
01.09.2016;15:35;---
01.09.2016;15:40;---
01.09.2016;15:45;---
01.09.2016;15:50;---
01.09.2016;15:55;---
01.09.2016;16:00;---
01.09.2016;16:05;---
01.09.2016;16:10;---
01.09.2016;16:15;---
01.09.2016;16:20;---
01.09.2016;16:25;---
01.09.2016;16:30;---
01.09.2016;16:35;---
01.09.2016;16:40;---
01.09.2016;16:45;---
01.09.2016;16:50;---
01.09.2016;16:55;---
01.09.2016;17:00;---
01.09.2016;17:05;---
01.09.2016;17:10;---
01.09.2016;17:15;---
01.09.2016;17:20;---
01.09.2016;17:25;---
01.09.2016;17:30;---
01.09.2016;17:35;---
01.09.2016;17:40;---
01.09.2016;17:45;---
01.09.2016;17:50;---
01.09.2016;17:55;---
01.09.2016;18:00;---
01.09.2016;18:05;---
01.09.2016;18:10;---
01.09.2016;18:15;---
01.09.2016;18:20;---
01.09.2016;18:25;---
01.09.2016;18:30;---
01.09.2016;18:35;---
01.09.2016;18:40;---
01.09.2016;18:45;---
01.09.2016;18:50;---
01.09.2016;18:55;---
01.09.2016;19:00;---
01.09.2016;19:05;---
01.09.2016;19:10;---
01.09.2016;19:15;---
01.09.2016;19:20;---
01.09.2016;19:25;---
01.09.2016;19:30;---
01.09.2016;19:35;---
01.09.2016;19:40;---
01.09.2016;19:45;---
01.09.2016;19:50;---
01.09.2016;19:55;---
01.09.2016;20:00;---
01.09.2016;20:05;---
01.09.2016;20:10;---
01.09.2016;20:15;---
01.09.2016;20:20;---
01.09.2016;20:25;---
01.09.2016;20:30;---
01.09.2016;20:35;---
01.09.2016;20:40;---
01.09.2016;20:45;---
01.09.2016;20:50;---
01.09.2016;20:55;---
01.09.2016;21:00;---
01.09.2016;21:05;---
01.09.2016;21:10;---
01.09.2016;21:15;---
01.09.2016;21:20;---
01.09.2016;21:25;---
01.09.2016;21:30;---
01.09.2016;21:35;---
01.09.2016;21:40;---
01.09.2016;21:45;---
01.09.2016;21:50;---
01.09.2016;21:55;---
01.09.2016;22:00;---
01.09.2016;22:05;---
01.09.2016;22:10;---
01.09.2016;22:15;---
01.09.2016;22:20;---
01.09.2016;22:25;---
01.09.2016;22:30;---
01.09.2016;22:35;---
01.09.2016;22:40;---
01.09.2016;22:45;---
01.09.2016;22:50;---
01.09.2016;22:55;---
01.09.2016;23:00;---
01.09.2016;23:05;---
01.09.2016;23:10;---
01.09.2016;23:15;---
01.09.2016;23:20;---
01.09.2016;23:25;---
01.09.2016;23:30;---
01.09.2016;23:35;---
01.09.2016;23:40;---
01.09.2016;23:45;---
01.09.2016;23:50;---
01.09.2016;23:55;---
02.09.2016;00:00;---
