Plot Title: Schwabenquelle,,,
#,"Date Time, GMT+00:00","Temp, °C (LGR S/N: 10806052, SEN S/N: 10806052)","Cum. Sum: Niederschlag, units (LGR S/N: 10806052)"
3049,08/01/2020 00:00,19.662,0
3050,08/01/2020 00:05,,0
3051,08/01/2020 00:10,,0
3052,08/01/2020 00:15,,0
3053,08/01/2020 00:20,,0
3054,08/01/2020 00:25,,0
3055,08/01/2020 00:30,20.424,0
3056,08/01/2020 00:35,,0
3057,08/01/2020 00:40,,0
3058,08/01/2020 00:45,,0
3059,08/01/2020 00:50,,0
3060,08/01/2020 00:55,,0
3061,08/01/2020 01:00,20.901,0
3062,08/01/2020 01:05,,0
3063,08/01/2020 01:10,,0
3064,08/01/2020 01:15,,0
3065,08/01/2020 01:20,,0
3066,08/01/2020 01:25,,0
3067,08/01/2020 01:30,21.091,0
3068,08/01/2020 01:35,,0
3069,08/01/2020 01:40,,0
3070,08/01/2020 01:45,,0
3071,08/01/2020 01:50,,0
3072,08/01/2020 01:55,,0
3073,08/01/2020 02:00,20.71,0
3074,08/01/2020 02:05,,0
3075,08/01/2020 02:10,,0
3076,08/01/2020 02:15,,0
3077,08/01/2020 02:20,,0
3078,08/01/2020 02:25,,0
3079,08/01/2020 02:30,21.187,0
3080,08/01/2020 02:35,,0
3081,08/01/2020 02:40,,0
3082,08/01/2020 02:45,,0
3083,08/01/2020 02:50,,0
3084,08/01/2020 02:55,,0
3085,08/01/2020 03:00,20.996,0
3086,08/01/2020 03:05,,0
3087,08/01/2020 03:10,,0
3088,08/01/2020 03:15,,0
3089,08/01/2020 03:20,,0
3090,08/01/2020 03:25,,0
3091,08/01/2020 03:30,20.71,0
3092,08/01/2020 03:35,,0
3093,08/01/2020 03:40,,0
3094,08/01/2020 03:45,,0
3095,08/01/2020 03:50,,0
3096,08/01/2020 03:55,,0
3097,08/01/2020 04:00,20.043,0
3098,08/01/2020 04:05,,0
3099,08/01/2020 04:10,,0
3100,08/01/2020 04:15,,0
3101,08/01/2020 04:20,,0
3102,08/01/2020 04:25,,0
3103,08/01/2020 04:30,19.377,0
3104,08/01/2020 04:35,,0
3105,08/01/2020 04:40,,0
3106,08/01/2020 04:45,,0
3107,08/01/2020 04:50,,0
3108,08/01/2020 04:55,,0
3109,08/01/2020 05:00,20.424,0
3110,08/01/2020 05:05,,0
3111,08/01/2020 05:10,,0
3112,08/01/2020 05:15,,0
3113,08/01/2020 05:20,,0
3114,08/01/2020 05:25,,0
3115,08/01/2020 05:30,20.043,0
3116,08/01/2020 05:35,,0
3117,08/01/2020 05:40,,0
3118,08/01/2020 05:45,,0
3119,08/01/2020 05:50,,0
3120,08/01/2020 05:55,,0
3121,08/01/2020 06:00,20.424,0
3122,08/01/2020 06:05,,0
3123,08/01/2020 06:10,,0
3124,08/01/2020 06:15,,0
3125,08/01/2020 06:20,,0
3126,08/01/2020 06:25,,0
3127,08/01/2020 06:30,21.282,0
3128,08/01/2020 06:35,,0
3129,08/01/2020 06:40,,0
3130,08/01/2020 06:45,,0
3131,08/01/2020 06:50,,0
3132,08/01/2020 06:55,,0
3133,08/01/2020 07:00,21.855,0
3134,08/01/2020 07:05,,0
3135,08/01/2020 07:10,,0
3136,08/01/2020 07:15,,0
3137,08/01/2020 07:20,,0
3138,08/01/2020 07:25,,0
3139,08/01/2020 07:30,21.282,0
3140,08/01/2020 07:35,,0
3141,08/01/2020 07:40,,0
3142,08/01/2020 07:45,,0
3143,08/01/2020 07:50,,0
3144,08/01/2020 07:55,,0
3145,08/01/2020 08:00,22.238,0
3146,08/01/2020 08:05,,0
3147,08/01/2020 08:10,,0
3148,08/01/2020 08:15,,0
3149,08/01/2020 08:20,,0
3150,08/01/2020 08:25,,0
3151,08/01/2020 08:30,20.519,0
3152,08/01/2020 08:35,,0
3153,08/01/2020 08:40,,0
3154,08/01/2020 08:45,,0
3155,08/01/2020 08:50,,0
3156,08/01/2020 08:55,,0
3157,08/01/2020 09:00,21.76,0
3158,08/01/2020 09:05,,0
3159,08/01/2020 09:10,,0
3160,08/01/2020 09:15,,0
3161,08/01/2020 09:20,,0
3162,08/01/2020 09:25,,0
3163,08/01/2020 09:30,20.996,0
3164,08/01/2020 09:35,,0
3165,08/01/2020 09:40,,0
3166,08/01/2020 09:45,,0
3167,08/01/2020 09:50,,0
3168,08/01/2020 09:55,,0
3169,08/01/2020 10:00,23.869,0
3170,08/01/2020 10:05,,0
3171,08/01/2020 10:10,,0
3172,08/01/2020 10:15,,0
3173,08/01/2020 10:20,,0
3174,08/01/2020 10:25,,0
3175,08/01/2020 10:30,25.125,0
3176,08/01/2020 10:35,,0
3177,08/01/2020 10:40,,0
3178,08/01/2020 10:45,,0
3179,08/01/2020 10:50,,0
3180,08/01/2020 10:55,,0
3181,08/01/2020 11:00,25.61,0
3182,08/01/2020 11:05,,0
3183,08/01/2020 11:10,,0
3184,08/01/2020 11:15,,0
3185,08/01/2020 11:20,,0
3186,08/01/2020 11:25,,0
3187,08/01/2020 11:30,28.555,0
3188,08/01/2020 11:35,,0
3189,08/01/2020 11:40,,0
3190,08/01/2020 11:45,,0
3191,08/01/2020 11:50,,0
3192,08/01/2020 11:55,,0
3193,08/01/2020 12:00,26.585,0
3194,08/01/2020 12:05,,0
3195,08/01/2020 12:10,,0
3196,08/01/2020 12:15,,0
3197,08/01/2020 12:20,,0
3198,08/01/2020 12:25,,0
3199,08/01/2020 12:30,28.953,0
3200,08/01/2020 12:35,,0
3201,08/01/2020 12:40,,0
3202,08/01/2020 12:45,,0
3203,08/01/2020 12:50,,0
3204,08/01/2020 12:55,,0
3205,08/01/2020 13:00,28.456,0
3206,08/01/2020 13:05,,0
3207,08/01/2020 13:10,,0
3208,08/01/2020 13:15,,0
3209,08/01/2020 13:20,,0
3210,08/01/2020 13:25,,0
3211,08/01/2020 13:30,30.558,0
3212,08/01/2020 13:35,,0
3213,08/01/2020 13:40,,0
3214,08/01/2020 13:45,,0
3215,08/01/2020 13:50,,0
3216,08/01/2020 13:55,,0
3217,08/01/2020 14:00,30.862,0
3218,08/01/2020 14:05,,0
3219,08/01/2020 14:10,,0
3220,08/01/2020 14:15,,0
3221,08/01/2020 14:20,,0
3222,08/01/2020 14:25,,0
3223,08/01/2020 14:30,28.456,0
3224,08/01/2020 14:35,,0
3225,08/01/2020 14:40,,0
3226,08/01/2020 14:45,,0
3227,08/01/2020 14:50,,0
3228,08/01/2020 14:55,,0
3229,08/01/2020 15:00,31.268,0
3230,08/01/2020 15:05,,0
3231,08/01/2020 15:10,,0
3232,08/01/2020 15:15,,0
3233,08/01/2020 15:20,,0
3234,08/01/2020 15:25,,0
3235,08/01/2020 15:30,30.356,0
3236,08/01/2020 15:35,,0
3237,08/01/2020 15:40,,0
3238,08/01/2020 15:45,,0
3239,08/01/2020 15:50,,0
3240,08/01/2020 15:55,,0
3241,08/01/2020 16:00,33.326,0
3242,08/01/2020 16:05,,0
3243,08/01/2020 16:10,,0
3244,08/01/2020 16:15,,0
3245,08/01/2020 16:20,,0
3246,08/01/2020 16:25,,0
3247,08/01/2020 16:30,31.88,0
3248,08/01/2020 16:35,,0
3249,08/01/2020 16:40,,0
3250,08/01/2020 16:45,,0
3251,08/01/2020 16:50,,0
3252,08/01/2020 16:55,,0
3253,08/01/2020 17:00,26.585,0
3254,08/01/2020 17:05,,0
3255,08/01/2020 17:10,,0
3256,08/01/2020 17:15,,0
3257,08/01/2020 17:20,,0
3258,08/01/2020 17:25,,0
3259,08/01/2020 17:30,24.738,0
3260,08/01/2020 17:35,,0
3261,08/01/2020 17:40,,0
3262,08/01/2020 17:45,,0
3263,08/01/2020 17:50,,0
3264,08/01/2020 17:55,,0
3265,08/01/2020 18:00,23.677,0
3266,08/01/2020 18:05,,0
3267,08/01/2020 18:10,,0
3268,08/01/2020 18:15,,0
3269,08/01/2020 18:20,,0
3270,08/01/2020 18:25,,0
3271,08/01/2020 18:30,20.424,0
3272,08/01/2020 18:35,,0
3273,08/01/2020 18:40,,0
3274,08/01/2020 18:45,,0
3275,08/01/2020 18:50,,0
3276,08/01/2020 18:55,,0
3277,08/01/2020 19:00,18.996,0
3278,08/01/2020 19:05,,0
3279,08/01/2020 19:10,,0
3280,08/01/2020 19:15,,0
3281,08/01/2020 19:20,,0
3282,08/01/2020 19:25,,0
3283,08/01/2020 19:30,18.521,0
3284,08/01/2020 19:35,,0
3285,08/01/2020 19:40,,0
3286,08/01/2020 19:45,,0
3287,08/01/2020 19:50,,0
3288,08/01/2020 19:55,,0
3289,08/01/2020 20:00,18.711,0
3290,08/01/2020 20:05,,0
3291,08/01/2020 20:10,,0
3292,08/01/2020 20:15,,0
3293,08/01/2020 20:20,,0
3294,08/01/2020 20:25,,0
3295,08/01/2020 20:30,19.187,0
3296,08/01/2020 20:35,,0
3297,08/01/2020 20:40,,0
3298,08/01/2020 20:45,,0
3299,08/01/2020 20:50,,0
3300,08/01/2020 20:55,,0
3301,08/01/2020 21:00,19.092,0
3302,08/01/2020 21:05,,0
3303,08/01/2020 21:10,,0
3304,08/01/2020 21:15,,0
3305,08/01/2020 21:20,,0
3306,08/01/2020 21:25,,0
3307,08/01/2020 21:30,19.092,0
3308,08/01/2020 21:35,,0
3309,08/01/2020 21:40,,0
3310,08/01/2020 21:45,,0
3311,08/01/2020 21:50,,0
3312,08/01/2020 21:55,,0
3313,08/01/2020 22:00,19.567,0
3314,08/01/2020 22:05,,0.2
3315,08/01/2020 22:10,,0.2
3316,08/01/2020 22:15,,0.2
3317,08/01/2020 22:20,,0
3318,08/01/2020 22:25,,0
3319,08/01/2020 22:30,16.999,0.4
3320,08/01/2020 22:35,,0.6
3321,08/01/2020 22:40,,0
3322,08/01/2020 22:45,,0
3323,08/01/2020 22:50,,0.2
3324,08/01/2020 22:55,,0
3325,08/01/2020 23:00,16.237,0.2
3326,08/01/2020 23:05,,0
3327,08/01/2020 23:10,,0
3328,08/01/2020 23:15,,0
3329,08/01/2020 23:20,,0
3330,08/01/2020 23:25,,0
3331,08/01/2020 23:30,16.237,0.2
3332,08/01/2020 23:35,,0
3333,08/01/2020 23:40,,0
3334,08/01/2020 23:45,,0
3335,08/01/2020 23:50,,0
3336,08/01/2020 23:55,,0
3337,08/02/2020 00:00,15.473,0
3338,08/02/2020 00:05,,0
3339,08/02/2020 00:10,,0
3340,08/02/2020 00:15,,0
3341,08/02/2020 00:20,,0
3342,08/02/2020 00:25,,0
3343,08/02/2020 00:30,15.091,0
3344,08/02/2020 00:35,,0
3345,08/02/2020 00:40,,0
3346,08/02/2020 00:45,,0
3347,08/02/2020 00:50,,0
3348,08/02/2020 00:55,,0
3349,08/02/2020 01:00,15.473,0
3350,08/02/2020 01:05,,0
3351,08/02/2020 01:10,,0
3352,08/02/2020 01:15,,0
3353,08/02/2020 01:20,,0
3354,08/02/2020 01:25,,0
3355,08/02/2020 01:30,15.664,0
3356,08/02/2020 01:35,,0
3357,08/02/2020 01:40,,0
3358,08/02/2020 01:45,,0
3359,08/02/2020 01:50,,0
3360,08/02/2020 01:55,,0
3361,08/02/2020 02:00,15.664,0
3362,08/02/2020 02:05,,0
3363,08/02/2020 02:10,,0
3364,08/02/2020 02:15,,0
3365,08/02/2020 02:20,,0
3366,08/02/2020 02:25,,0
3367,08/02/2020 02:30,15.378,0
3368,08/02/2020 02:35,,0
3369,08/02/2020 02:40,,0
3370,08/02/2020 02:45,,0
3371,08/02/2020 02:50,,0
3372,08/02/2020 02:55,,0
3373,08/02/2020 03:00,15.378,0
3374,08/02/2020 03:05,,0
3375,08/02/2020 03:10,,0
3376,08/02/2020 03:15,,0
3377,08/02/2020 03:20,,0
3378,08/02/2020 03:25,,0
3379,08/02/2020 03:30,15.187,0
3380,08/02/2020 03:35,,0
3381,08/02/2020 03:40,,0
3382,08/02/2020 03:45,,0
3383,08/02/2020 03:50,,0
3384,08/02/2020 03:55,,0
3385,08/02/2020 04:00,15.187,0
3386,08/02/2020 04:05,,0
3387,08/02/2020 04:10,,0
3388,08/02/2020 04:15,,0
3389,08/02/2020 04:20,,0
3390,08/02/2020 04:25,,0
3391,08/02/2020 04:30,15.282,0
3392,08/02/2020 04:35,,0
3393,08/02/2020 04:40,,0
3394,08/02/2020 04:45,,0
3395,08/02/2020 04:50,,0
3396,08/02/2020 04:55,,0
3397,08/02/2020 05:00,15.378,0
3398,08/02/2020 05:05,,0
3399,08/02/2020 05:10,,0
3400,08/02/2020 05:15,,0
3401,08/02/2020 05:20,,0
3402,08/02/2020 05:25,,0
3403,08/02/2020 05:30,15.76,0
3404,08/02/2020 05:35,,0
3405,08/02/2020 05:40,,0
3406,08/02/2020 05:45,,0
3407,08/02/2020 05:50,,0
3408,08/02/2020 05:55,,0
3409,08/02/2020 06:00,16.332,0
3410,08/02/2020 06:05,,0
3411,08/02/2020 06:10,,0
3412,08/02/2020 06:15,,0
3413,08/02/2020 06:20,,0
3414,08/02/2020 06:25,,0
3415,08/02/2020 06:30,16.713,0
3416,08/02/2020 06:35,,0
3417,08/02/2020 06:40,,0
3418,08/02/2020 06:45,,0
3419,08/02/2020 06:50,,0
3420,08/02/2020 06:55,,0
3421,08/02/2020 07:00,16.808,0
3422,08/02/2020 07:05,,0
3423,08/02/2020 07:10,,0
3424,08/02/2020 07:15,,0
3425,08/02/2020 07:20,,0
3426,08/02/2020 07:25,,0
3427,08/02/2020 07:30,16.618,0
3428,08/02/2020 07:35,,0
3429,08/02/2020 07:40,,0
3430,08/02/2020 07:45,,0
3431,08/02/2020 07:50,,0
3432,08/02/2020 07:55,,0
3433,08/02/2020 08:00,16.523,0
3434,08/02/2020 08:05,,0
3435,08/02/2020 08:10,,0
3436,08/02/2020 08:15,,0
3437,08/02/2020 08:20,,0
3438,08/02/2020 08:25,,0
3439,08/02/2020 08:30,16.332,0
3440,08/02/2020 08:35,,0
3441,08/02/2020 08:40,,0
3442,08/02/2020 08:45,,0
3443,08/02/2020 08:50,,0
3444,08/02/2020 08:55,,0
3445,08/02/2020 09:00,16.141,0
3446,08/02/2020 09:05,,0
3447,08/02/2020 09:10,,0
3448,08/02/2020 09:15,,0
3449,08/02/2020 09:20,,0
3450,08/02/2020 09:25,,0
3451,08/02/2020 09:30,16.618,0
3452,08/02/2020 09:35,,0
3453,08/02/2020 09:40,,0
3454,08/02/2020 09:45,,0
3455,08/02/2020 09:50,,0
3456,08/02/2020 09:55,,0
3457,08/02/2020 10:00,17.189,0
3458,08/02/2020 10:05,,0
3459,08/02/2020 10:10,,0
3460,08/02/2020 10:15,,0
3461,08/02/2020 10:20,,0
3462,08/02/2020 10:25,,0
3463,08/02/2020 10:30,16.618,0
3464,08/02/2020 10:35,,0
3465,08/02/2020 10:40,,0
3466,08/02/2020 10:45,,0.4
3467,08/02/2020 10:50,,0.6
3468,08/02/2020 10:55,,0
3469,08/02/2020 11:00,15.76,0
3470,08/02/2020 11:05,,0
3471,08/02/2020 11:10,,0
3472,08/02/2020 11:15,,0
3473,08/02/2020 11:20,,0
3474,08/02/2020 11:25,,0
3475,08/02/2020 11:30,16.046,0
3476,08/02/2020 11:35,,0
3477,08/02/2020 11:40,,0
3478,08/02/2020 11:45,,0
3479,08/02/2020 11:50,,0
3480,08/02/2020 11:55,,0
3481,08/02/2020 12:00,16.332,0
3482,08/02/2020 12:05,,0
3483,08/02/2020 12:10,,0
3484,08/02/2020 12:15,,0
3485,08/02/2020 12:20,,0
3486,08/02/2020 12:25,,0
3487,08/02/2020 12:30,16.427,0
3488,08/02/2020 12:35,,0
3489,08/02/2020 12:40,,0
3490,08/02/2020 12:45,,0
3491,08/02/2020 12:50,,0
3492,08/02/2020 12:55,,0
3493,08/02/2020 13:00,16.141,0
3494,08/02/2020 13:05,,0
3495,08/02/2020 13:10,,0
3496,08/02/2020 13:15,,0
3497,08/02/2020 13:20,,0
3498,08/02/2020 13:25,,0
3499,08/02/2020 13:30,16.618,0
3500,08/02/2020 13:35,,0
3501,08/02/2020 13:40,,0
3502,08/02/2020 13:45,,0
3503,08/02/2020 13:50,,0
3504,08/02/2020 13:55,,0
3505,08/02/2020 14:00,15.951,0
3506,08/02/2020 14:05,,0
3507,08/02/2020 14:10,,0
3508,08/02/2020 14:15,,0
3509,08/02/2020 14:20,,0
3510,08/02/2020 14:25,,0
3511,08/02/2020 14:30,15.855,0
3512,08/02/2020 14:35,,0
3513,08/02/2020 14:40,,0
3514,08/02/2020 14:45,,0
3515,08/02/2020 14:50,,0
3516,08/02/2020 14:55,,0
3517,08/02/2020 15:00,15.951,0
3518,08/02/2020 15:05,,0
3519,08/02/2020 15:10,,0
3520,08/02/2020 15:15,,0
3521,08/02/2020 15:20,,0
3522,08/02/2020 15:25,,0
3523,08/02/2020 15:30,16.427,0
3524,08/02/2020 15:35,,0
3525,08/02/2020 15:40,,0
3526,08/02/2020 15:45,,0
3527,08/02/2020 15:50,,0
3528,08/02/2020 15:55,,0
3529,08/02/2020 16:00,15.951,0
3530,08/02/2020 16:05,,0
3531,08/02/2020 16:10,,0
3532,08/02/2020 16:15,,0
3533,08/02/2020 16:20,,0
3534,08/02/2020 16:25,,0
3535,08/02/2020 16:30,17.284,0
3536,08/02/2020 16:35,,0
3537,08/02/2020 16:40,,0
3538,08/02/2020 16:45,,0
3539,08/02/2020 16:50,,0
3540,08/02/2020 16:55,,0
3541,08/02/2020 17:00,17.475,0
3542,08/02/2020 17:05,,0
3543,08/02/2020 17:10,,0
3544,08/02/2020 17:15,,0
3545,08/02/2020 17:20,,0
3546,08/02/2020 17:25,,0
3547,08/02/2020 17:30,16.713,0
3548,08/02/2020 17:35,,0
3549,08/02/2020 17:40,,0
3550,08/02/2020 17:45,,0
3551,08/02/2020 17:50,,0
3552,08/02/2020 17:55,,0
3553,08/02/2020 18:00,16.141,0
3554,08/02/2020 18:05,,0
3555,08/02/2020 18:10,,0
3556,08/02/2020 18:15,,0
3557,08/02/2020 18:20,,0
3558,08/02/2020 18:25,,0
3559,08/02/2020 18:30,14.996,0
3560,08/02/2020 18:35,,0
3561,08/02/2020 18:40,,0
3562,08/02/2020 18:45,,0
3563,08/02/2020 18:50,,0
3564,08/02/2020 18:55,,0
3565,08/02/2020 19:00,14.23,0
3566,08/02/2020 19:05,,0
3567,08/02/2020 19:10,,0
3568,08/02/2020 19:15,,0
3569,08/02/2020 19:20,,0
3570,08/02/2020 19:25,,0
3571,08/02/2020 19:30,13.846,0
3572,08/02/2020 19:35,,0
3573,08/02/2020 19:40,,0
3574,08/02/2020 19:45,,0
3575,08/02/2020 19:50,,0
3576,08/02/2020 19:55,,0
3577,08/02/2020 20:00,14.038,0
3578,08/02/2020 20:05,,0
3579,08/02/2020 20:10,,0
3580,08/02/2020 20:15,,0
3581,08/02/2020 20:20,,0
3582,08/02/2020 20:25,,0
3583,08/02/2020 20:30,13.942,0
3584,08/02/2020 20:35,,0
3585,08/02/2020 20:40,,0
3586,08/02/2020 20:45,,0
3587,08/02/2020 20:50,,0
3588,08/02/2020 20:55,,0
3589,08/02/2020 21:00,13.846,0
3590,08/02/2020 21:05,,0
3591,08/02/2020 21:10,,0
3592,08/02/2020 21:15,,0
3593,08/02/2020 21:20,,0
3594,08/02/2020 21:25,,0
3595,08/02/2020 21:30,13.846,0
3596,08/02/2020 21:35,,0
3597,08/02/2020 21:40,,0
3598,08/02/2020 21:45,,0
3599,08/02/2020 21:50,,0
3600,08/02/2020 21:55,,0
3601,08/02/2020 22:00,13.654,0
3602,08/02/2020 22:05,,0
3603,08/02/2020 22:10,,0
3604,08/02/2020 22:15,,0
3605,08/02/2020 22:20,,0
3606,08/02/2020 22:25,,0
3607,08/02/2020 22:30,13.269,0
3608,08/02/2020 22:35,,0
3609,08/02/2020 22:40,,0
3610,08/02/2020 22:45,,0
3611,08/02/2020 22:50,,0
3612,08/02/2020 22:55,,0
3613,08/02/2020 23:00,12.98,0
3614,08/02/2020 23:05,,0
3615,08/02/2020 23:10,,0
3616,08/02/2020 23:15,,0
3617,08/02/2020 23:20,,0
3618,08/02/2020 23:25,,0
3619,08/02/2020 23:30,12.594,0
3620,08/02/2020 23:35,,0
3621,08/02/2020 23:40,,0
3622,08/02/2020 23:45,,0
3623,08/02/2020 23:50,,0
3624,08/02/2020 23:55,,0
3625,08/03/2020 00:00,12.207,0
3626,08/03/2020 00:05,,0
3627,08/03/2020 00:10,,0
3628,08/03/2020 00:15,,0
3629,08/03/2020 00:20,,0
3630,08/03/2020 00:25,,0
3631,08/03/2020 00:30,11.819,0
3632,08/03/2020 00:35,,0
3633,08/03/2020 00:40,,0
3634,08/03/2020 00:45,,0
3635,08/03/2020 00:50,,0
3636,08/03/2020 00:55,,0
3637,08/03/2020 01:00,11.916,0
3638,08/03/2020 01:05,,0
3639,08/03/2020 01:10,,0
3640,08/03/2020 01:15,,0
3641,08/03/2020 01:20,,0
3642,08/03/2020 01:25,,0
3643,08/03/2020 01:30,12.013,0
3644,08/03/2020 01:35,,0
3645,08/03/2020 01:40,,0
3646,08/03/2020 01:45,,0
3647,08/03/2020 01:50,,0
3648,08/03/2020 01:55,,0
3649,08/03/2020 02:00,11.819,0
3650,08/03/2020 02:05,,0
3651,08/03/2020 02:10,,0
3652,08/03/2020 02:15,,0
3653,08/03/2020 02:20,,0
3654,08/03/2020 02:25,,0
3655,08/03/2020 02:30,11.139,0
3656,08/03/2020 02:35,,0
3657,08/03/2020 02:40,,0
3658,08/03/2020 02:45,,0
3659,08/03/2020 02:50,,0
3660,08/03/2020 02:55,,0
3661,08/03/2020 03:00,10.748,0
3662,08/03/2020 03:05,,0
3663,08/03/2020 03:10,,0
3664,08/03/2020 03:15,,0
3665,08/03/2020 03:20,,0
3666,08/03/2020 03:25,,0
3667,08/03/2020 03:30,10.944,0
3668,08/03/2020 03:35,,0
3669,08/03/2020 03:40,,0
3670,08/03/2020 03:45,,0
3671,08/03/2020 03:50,,0
3672,08/03/2020 03:55,,0
3673,08/03/2020 04:00,11.236,0
3674,08/03/2020 04:05,,0
3675,08/03/2020 04:10,,0
3676,08/03/2020 04:15,,0
3677,08/03/2020 04:20,,0
3678,08/03/2020 04:25,,0
3679,08/03/2020 04:30,11.236,0
3680,08/03/2020 04:35,,0
3681,08/03/2020 04:40,,0
3682,08/03/2020 04:45,,0
3683,08/03/2020 04:50,,0
3684,08/03/2020 04:55,,0
3685,08/03/2020 05:00,11.625,0
3686,08/03/2020 05:05,,0
3687,08/03/2020 05:10,,0
3688,08/03/2020 05:15,,0
3689,08/03/2020 05:20,,0
3690,08/03/2020 05:25,,0
3691,08/03/2020 05:30,11.722,0
3692,08/03/2020 05:35,,0
3693,08/03/2020 05:40,,0
3694,08/03/2020 05:45,,0
3695,08/03/2020 05:50,,0
3696,08/03/2020 05:55,,0
3697,08/03/2020 06:00,11.722,0
3698,08/03/2020 06:05,,0
3699,08/03/2020 06:10,,0
3700,08/03/2020 06:15,,0
3701,08/03/2020 06:20,,0
3702,08/03/2020 06:25,,0
3703,08/03/2020 06:30,12.69,0
3704,08/03/2020 06:35,,0
3705,08/03/2020 06:40,,0
3706,08/03/2020 06:45,,0
3707,08/03/2020 06:50,,0
3708,08/03/2020 06:55,,0
3709,08/03/2020 07:00,13.461,0
3710,08/03/2020 07:05,,0
3711,08/03/2020 07:10,,0
3712,08/03/2020 07:15,,0
3713,08/03/2020 07:20,,0
3714,08/03/2020 07:25,,0
3715,08/03/2020 07:30,14.038,0
3716,08/03/2020 07:35,,0
3717,08/03/2020 07:40,,0
3718,08/03/2020 07:45,,0
3719,08/03/2020 07:50,,0
3720,08/03/2020 07:55,,0
3721,08/03/2020 08:00,15.187,0
3722,08/03/2020 08:05,,0
3723,08/03/2020 08:10,,0
3724,08/03/2020 08:15,,0
3725,08/03/2020 08:20,,0
3726,08/03/2020 08:25,,0
3727,08/03/2020 08:30,14.709,0
3728,08/03/2020 08:35,,0
3729,08/03/2020 08:40,,0
3730,08/03/2020 08:45,,0
3731,08/03/2020 08:50,,0
3732,08/03/2020 08:55,,0
3733,08/03/2020 09:00,14.134,0
3734,08/03/2020 09:05,,0
3735,08/03/2020 09:10,,0
3736,08/03/2020 09:15,,0
3737,08/03/2020 09:20,,0
3738,08/03/2020 09:25,,0
3739,08/03/2020 09:30,14.038,0
3740,08/03/2020 09:35,,0
3741,08/03/2020 09:40,,0
3742,08/03/2020 09:45,,0
3743,08/03/2020 09:50,,0
3744,08/03/2020 09:55,,0
3745,08/03/2020 10:00,14.709,0
3746,08/03/2020 10:05,,0
3747,08/03/2020 10:10,,0
3748,08/03/2020 10:15,,0
3749,08/03/2020 10:20,,0
3750,08/03/2020 10:25,,0
3751,08/03/2020 10:30,15.091,0
3752,08/03/2020 10:35,,0
3753,08/03/2020 10:40,,0
3754,08/03/2020 10:45,,0
3755,08/03/2020 10:50,,0
3756,08/03/2020 10:55,,0
3757,08/03/2020 11:00,15.378,0
3758,08/03/2020 11:05,,0
3759,08/03/2020 11:10,,0
3760,08/03/2020 11:15,,0
3761,08/03/2020 11:20,,0
3762,08/03/2020 11:25,,0
3763,08/03/2020 11:30,15.187,0
3764,08/03/2020 11:35,,0
3765,08/03/2020 11:40,,0
3766,08/03/2020 11:45,,0
3767,08/03/2020 11:50,,0
3768,08/03/2020 11:55,,0
3769,08/03/2020 12:00,17.379,0
3770,08/03/2020 12:05,,0
3771,08/03/2020 12:10,,0
3772,08/03/2020 12:15,,0
3773,08/03/2020 12:20,,0
3774,08/03/2020 12:25,,0
3775,08/03/2020 12:30,19.948,0
3776,08/03/2020 12:35,,0
3777,08/03/2020 12:40,,0
3778,08/03/2020 12:45,,0
3779,08/03/2020 12:50,,0
3780,08/03/2020 12:55,,0
3781,08/03/2020 13:00,16.808,0
3782,08/03/2020 13:05,,0
3783,08/03/2020 13:10,,0
3784,08/03/2020 13:15,,0
3785,08/03/2020 13:20,,0
3786,08/03/2020 13:25,,0
3787,08/03/2020 13:30,14.804,0
3788,08/03/2020 13:35,,0
3789,08/03/2020 13:40,,0
3790,08/03/2020 13:45,,0
3791,08/03/2020 13:50,,0
3792,08/03/2020 13:55,,0
3793,08/03/2020 14:00,15.951,0
3794,08/03/2020 14:05,,0
3795,08/03/2020 14:10,,0
3796,08/03/2020 14:15,,0
3797,08/03/2020 14:20,,0
3798,08/03/2020 14:25,,0
3799,08/03/2020 14:30,16.427,0
3800,08/03/2020 14:35,,0
3801,08/03/2020 14:40,,0
3802,08/03/2020 14:45,,0
3803,08/03/2020 14:50,,0
3804,08/03/2020 14:55,,0
3805,08/03/2020 15:00,15.569,0
3806,08/03/2020 15:05,,0
3807,08/03/2020 15:10,,0
3808,08/03/2020 15:15,,0
3809,08/03/2020 15:20,,0
3810,08/03/2020 15:25,,0
3811,08/03/2020 15:30,14.517,0
3812,08/03/2020 15:35,,0
3813,08/03/2020 15:40,,0
3814,08/03/2020 15:45,,0
3815,08/03/2020 15:50,,0.2
3816,08/03/2020 15:55,,0
3817,08/03/2020 16:00,13.558,0.2
3818,08/03/2020 16:05,,0.2
3819,08/03/2020 16:10,,1.4
3820,08/03/2020 16:15,,2
3821,08/03/2020 16:20,,7.2
3822,08/03/2020 16:25,,4.2
3823,08/03/2020 16:30,10.944,2.2
3824,08/03/2020 16:35,,0.6
3825,08/03/2020 16:40,,1.6
3826,08/03/2020 16:45,,0.4
3827,08/03/2020 16:50,,0.4
3828,08/03/2020 16:55,,0.2
3829,08/03/2020 17:00,10.846,0.4
3830,08/03/2020 17:05,,0.4
3831,08/03/2020 17:10,,0.4
3832,08/03/2020 17:15,,0.8
3833,08/03/2020 17:20,,1
3834,08/03/2020 17:25,,1
3835,08/03/2020 17:30,10.846,0.6
3836,08/03/2020 17:35,,0.6
3837,08/03/2020 17:40,,0.4
3838,08/03/2020 17:45,,0.6
3839,08/03/2020 17:50,,0.4
3840,08/03/2020 17:55,,0.4
3841,08/03/2020 18:00,10.651,0.2
3842,08/03/2020 18:05,,0.2
3843,08/03/2020 18:10,,0
3844,08/03/2020 18:15,,0.2
3845,08/03/2020 18:20,,0
3846,08/03/2020 18:25,,0.2
3847,08/03/2020 18:30,10.259,0.2
3848,08/03/2020 18:35,,0
3849,08/03/2020 18:40,,0.2
3850,08/03/2020 18:45,,0
3851,08/03/2020 18:50,,0
3852,08/03/2020 18:55,,0.2
3853,08/03/2020 19:00,9.669,0
3854,08/03/2020 19:05,,0
3855,08/03/2020 19:10,,0
3856,08/03/2020 19:15,,0
3857,08/03/2020 19:20,,0
3858,08/03/2020 19:25,,0
3859,08/03/2020 19:30,9.472,0
3860,08/03/2020 19:35,,0
3861,08/03/2020 19:40,,0
3862,08/03/2020 19:45,,0.2
3863,08/03/2020 19:50,,0
3864,08/03/2020 19:55,,0
3865,08/03/2020 20:00,9.176,0
3866,08/03/2020 20:05,,0
3867,08/03/2020 20:10,,0
3868,08/03/2020 20:15,,0
3869,08/03/2020 20:20,,0
3870,08/03/2020 20:25,,0
3871,08/03/2020 20:30,8.779,0
3872,08/03/2020 20:35,,0
3873,08/03/2020 20:40,,0
3874,08/03/2020 20:45,,0
3875,08/03/2020 20:50,,0
3876,08/03/2020 20:55,,0
3877,08/03/2020 21:00,8.68,0
3878,08/03/2020 21:05,,0
3879,08/03/2020 21:10,,0
3880,08/03/2020 21:15,,0
3881,08/03/2020 21:20,,0
3882,08/03/2020 21:25,,0
3883,08/03/2020 21:30,8.879,0
3884,08/03/2020 21:35,,0
3885,08/03/2020 21:40,,0
3886,08/03/2020 21:45,,0
3887,08/03/2020 21:50,,0.2
3888,08/03/2020 21:55,,0
3889,08/03/2020 22:00,9.077,0
3890,08/03/2020 22:05,,0.2
3891,08/03/2020 22:10,,0
3892,08/03/2020 22:15,,0
3893,08/03/2020 22:20,,0
3894,08/03/2020 22:25,,0
3895,08/03/2020 22:30,9.176,0.2
3896,08/03/2020 22:35,,0
3897,08/03/2020 22:40,,0
3898,08/03/2020 22:45,,0
3899,08/03/2020 22:50,,0
3900,08/03/2020 22:55,,0.2
3901,08/03/2020 23:00,9.176,0
3902,08/03/2020 23:05,,0
3903,08/03/2020 23:10,,0
3904,08/03/2020 23:15,,0
3905,08/03/2020 23:20,,0
3906,08/03/2020 23:25,,0
3907,08/03/2020 23:30,9.373,0
3908,08/03/2020 23:35,,0
3909,08/03/2020 23:40,,0
3910,08/03/2020 23:45,,0
3911,08/03/2020 23:50,,0.2
3912,08/03/2020 23:55,,0
3913,08/04/2020 00:00,9.472,0
3914,08/04/2020 00:05,,0
3915,08/04/2020 00:10,,0.2
3916,08/04/2020 00:15,,0
3917,08/04/2020 00:20,,0
3918,08/04/2020 00:25,,0
3919,08/04/2020 00:30,9.669,0
3920,08/04/2020 00:35,,0
3921,08/04/2020 00:40,,0
3922,08/04/2020 00:45,,0
3923,08/04/2020 00:50,,0
3924,08/04/2020 00:55,,0.2
3925,08/04/2020 01:00,9.571,0
3926,08/04/2020 01:05,,0
3927,08/04/2020 01:10,,0
3928,08/04/2020 01:15,,0
3929,08/04/2020 01:20,,0.2
3930,08/04/2020 01:25,,0
3931,08/04/2020 01:30,9.768,0
3932,08/04/2020 01:35,,0
3933,08/04/2020 01:40,,0.2
3934,08/04/2020 01:45,,0.8
3935,08/04/2020 01:50,,0.4
3936,08/04/2020 01:55,,0.2
3937,08/04/2020 02:00,9.965,0
3938,08/04/2020 02:05,,0.2
3939,08/04/2020 02:10,,0.2
3940,08/04/2020 02:15,,0
3941,08/04/2020 02:20,,0
3942,08/04/2020 02:25,,0
3943,08/04/2020 02:30,9.965,0
3944,08/04/2020 02:35,,0
3945,08/04/2020 02:40,,0.2
3946,08/04/2020 02:45,,0
3947,08/04/2020 02:50,,0
3948,08/04/2020 02:55,,0
3949,08/04/2020 03:00,9.571,0
3950,08/04/2020 03:05,,0
3951,08/04/2020 03:10,,0
3952,08/04/2020 03:15,,0
3953,08/04/2020 03:20,,0
3954,08/04/2020 03:25,,0
3955,08/04/2020 03:30,9.669,0
3956,08/04/2020 03:35,,0
3957,08/04/2020 03:40,,0
3958,08/04/2020 03:45,,0
3959,08/04/2020 03:50,,0
3960,08/04/2020 03:55,,0
3961,08/04/2020 04:00,9.768,0
3962,08/04/2020 04:05,,0
3963,08/04/2020 04:10,,0
3964,08/04/2020 04:15,,0
3965,08/04/2020 04:20,,0
3966,08/04/2020 04:25,,0
3967,08/04/2020 04:30,9.472,0
3968,08/04/2020 04:35,,0
3969,08/04/2020 04:40,,0
3970,08/04/2020 04:45,,0
3971,08/04/2020 04:50,,0
3972,08/04/2020 04:55,,0
3973,08/04/2020 05:00,9.472,0
3974,08/04/2020 05:05,,0
3975,08/04/2020 05:10,,0
3976,08/04/2020 05:15,,0
3977,08/04/2020 05:20,,0
3978,08/04/2020 05:25,,0
3979,08/04/2020 05:30,9.965,0
3980,08/04/2020 05:35,,0
3981,08/04/2020 05:40,,0
3982,08/04/2020 05:45,,0
3983,08/04/2020 05:50,,0
3984,08/04/2020 05:55,,0
3985,08/04/2020 06:00,10.553,0
3986,08/04/2020 06:05,,0
3987,08/04/2020 06:10,,0
3988,08/04/2020 06:15,,0
3989,08/04/2020 06:20,,0
3990,08/04/2020 06:25,,0
3991,08/04/2020 06:30,11.041,0
3992,08/04/2020 06:35,,0
3993,08/04/2020 06:40,,0
3994,08/04/2020 06:45,,0
3995,08/04/2020 06:50,,0
3996,08/04/2020 06:55,,0
3997,08/04/2020 07:00,12.11,0
3998,08/04/2020 07:05,,0
3999,08/04/2020 07:10,,0
4000,08/04/2020 07:15,,0
4001,08/04/2020 07:20,,0
4002,08/04/2020 07:25,,0
4003,08/04/2020 07:30,12.013,0
4004,08/04/2020 07:35,,0
4005,08/04/2020 07:40,,0
4006,08/04/2020 07:45,,0
4007,08/04/2020 07:50,,0
4008,08/04/2020 07:55,,0
4009,08/04/2020 08:00,12.594,0
4010,08/04/2020 08:05,,0
4011,08/04/2020 08:10,,0
4012,08/04/2020 08:15,,0
4013,08/04/2020 08:20,,0
4014,08/04/2020 08:25,,0
4015,08/04/2020 08:30,12.787,0
4016,08/04/2020 08:35,,0
4017,08/04/2020 08:40,,0
4018,08/04/2020 08:45,,0
4019,08/04/2020 08:50,,0
4020,08/04/2020 08:55,,0
4021,08/04/2020 09:00,12.497,0
4022,08/04/2020 09:05,,0
4023,08/04/2020 09:10,,0
4024,08/04/2020 09:15,,0
4025,08/04/2020 09:20,,0
4026,08/04/2020 09:25,,0
4027,08/04/2020 09:30,14.23,0
4028,08/04/2020 09:35,,0
4029,08/04/2020 09:40,,0
4030,08/04/2020 09:45,,0
4031,08/04/2020 09:50,,0
4032,08/04/2020 09:55,,0
4033,08/04/2020 10:00,13.365,0
4034,08/04/2020 10:05,,0
4035,08/04/2020 10:10,,0
4036,08/04/2020 10:15,,0
4037,08/04/2020 10:20,,0
4038,08/04/2020 10:25,,0
4039,08/04/2020 10:30,14.613,0
4040,08/04/2020 10:35,,0
4041,08/04/2020 10:40,,0
4042,08/04/2020 10:45,,0
4043,08/04/2020 10:50,,0
4044,08/04/2020 10:55,,0
4045,08/04/2020 11:00,14.325,0
4046,08/04/2020 11:05,,0
4047,08/04/2020 11:10,,0
4048,08/04/2020 11:15,,0
4049,08/04/2020 11:20,,0
4050,08/04/2020 11:25,,0
4051,08/04/2020 11:30,15.569,0
4052,08/04/2020 11:35,,0
4053,08/04/2020 11:40,,0
4054,08/04/2020 11:45,,0
4055,08/04/2020 11:50,,0
4056,08/04/2020 11:55,,0
4057,08/04/2020 12:00,14.9,0
4058,08/04/2020 12:05,,0
4059,08/04/2020 12:10,,0
4060,08/04/2020 12:15,,0
4061,08/04/2020 12:20,,0
4062,08/04/2020 12:25,,0
4063,08/04/2020 12:30,15.187,0
4064,08/04/2020 12:35,,0
4065,08/04/2020 12:40,,0
4066,08/04/2020 12:45,,0
4067,08/04/2020 12:50,,0
4068,08/04/2020 12:55,,0
4069,08/04/2020 13:00,15.378,0
4070,08/04/2020 13:05,,0
4071,08/04/2020 13:10,,0
4072,08/04/2020 13:15,,0
4073,08/04/2020 13:20,,0
4074,08/04/2020 13:25,,0
4075,08/04/2020 13:30,15.569,0
4076,08/04/2020 13:35,,0
4077,08/04/2020 13:40,,0
4078,08/04/2020 13:45,,0
4079,08/04/2020 13:50,,0
4080,08/04/2020 13:55,,0
4081,08/04/2020 14:00,16.523,0
4082,08/04/2020 14:05,,0
4083,08/04/2020 14:10,,0
4084,08/04/2020 14:15,,0
4085,08/04/2020 14:20,,0
4086,08/04/2020 14:25,,0
4087,08/04/2020 14:30,14.325,0
4088,08/04/2020 14:35,,0
4089,08/04/2020 14:40,,0
4090,08/04/2020 14:45,,0
4091,08/04/2020 14:50,,0
4092,08/04/2020 14:55,,0
4093,08/04/2020 15:00,14.038,0
4094,08/04/2020 15:05,,0
4095,08/04/2020 15:10,,0
4096,08/04/2020 15:15,,0
4097,08/04/2020 15:20,,0
4098,08/04/2020 15:25,,0
4099,08/04/2020 15:30,15.091,0
4100,08/04/2020 15:35,,0
4101,08/04/2020 15:40,,0
4102,08/04/2020 15:45,,0
4103,08/04/2020 15:50,,0
4104,08/04/2020 15:55,,0
4105,08/04/2020 16:00,16.999,0
4106,08/04/2020 16:05,,0
4107,08/04/2020 16:10,,0
4108,08/04/2020 16:15,,0
4109,08/04/2020 16:20,,0
4110,08/04/2020 16:25,,0
4111,08/04/2020 16:30,15.569,0
4112,08/04/2020 16:35,,0
4113,08/04/2020 16:40,,0
4114,08/04/2020 16:45,,0
4115,08/04/2020 16:50,,0
4116,08/04/2020 16:55,,0
4117,08/04/2020 17:00,14.038,0
4118,08/04/2020 17:05,,0
4119,08/04/2020 17:10,,0
4120,08/04/2020 17:15,,0
4121,08/04/2020 17:20,,0
4122,08/04/2020 17:25,,0
4123,08/04/2020 17:30,14.038,0
4124,08/04/2020 17:35,,0
4125,08/04/2020 17:40,,0
4126,08/04/2020 17:45,,0
4127,08/04/2020 17:50,,0
4128,08/04/2020 17:55,,0
4129,08/04/2020 18:00,13.846,0
4130,08/04/2020 18:05,,0
4131,08/04/2020 18:10,,0
4132,08/04/2020 18:15,,0
4133,08/04/2020 18:20,,0
4134,08/04/2020 18:25,,0
4135,08/04/2020 18:30,13.076,0
4136,08/04/2020 18:35,,0
4137,08/04/2020 18:40,,0
4138,08/04/2020 18:45,,0
4139,08/04/2020 18:50,,0
4140,08/04/2020 18:55,,0
4141,08/04/2020 19:00,11.431,0
4142,08/04/2020 19:05,,0
4143,08/04/2020 19:10,,0
4144,08/04/2020 19:15,,0
4145,08/04/2020 19:20,,0
4146,08/04/2020 19:25,,0
4147,08/04/2020 19:30,10.063,0
4148,08/04/2020 19:35,,0
4149,08/04/2020 19:40,,0
4150,08/04/2020 19:45,,0
4151,08/04/2020 19:50,,0
4152,08/04/2020 19:55,,0
4153,08/04/2020 20:00,9.472,0
4154,08/04/2020 20:05,,0
4155,08/04/2020 20:10,,0
4156,08/04/2020 20:15,,0
4157,08/04/2020 20:20,,0
4158,08/04/2020 20:25,,0
4159,08/04/2020 20:30,9.472,0
4160,08/04/2020 20:35,,0
4161,08/04/2020 20:40,,0
4162,08/04/2020 20:45,,0
4163,08/04/2020 20:50,,0
4164,08/04/2020 20:55,,0
4165,08/04/2020 21:00,10.063,0
4166,08/04/2020 21:05,,0
4167,08/04/2020 21:10,,0
4168,08/04/2020 21:15,,0
4169,08/04/2020 21:20,,0
4170,08/04/2020 21:25,,0
4171,08/04/2020 21:30,9.768,0
4172,08/04/2020 21:35,,0
4173,08/04/2020 21:40,,0
4174,08/04/2020 21:45,,0
4175,08/04/2020 21:50,,0
4176,08/04/2020 21:55,,0
4177,08/04/2020 22:00,9.472,0
4178,08/04/2020 22:05,,0
4179,08/04/2020 22:10,,0
4180,08/04/2020 22:15,,0
4181,08/04/2020 22:20,,0
4182,08/04/2020 22:25,,0
4183,08/04/2020 22:30,9.472,0
4184,08/04/2020 22:35,,0
4185,08/04/2020 22:40,,0
4186,08/04/2020 22:45,,0
4187,08/04/2020 22:50,,0
4188,08/04/2020 22:55,,0
4189,08/04/2020 23:00,9.275,0
4190,08/04/2020 23:05,,0
4191,08/04/2020 23:10,,0
4192,08/04/2020 23:15,,0
4193,08/04/2020 23:20,,0
4194,08/04/2020 23:25,,0
4195,08/04/2020 23:30,9.472,0
4196,08/04/2020 23:35,,0
4197,08/04/2020 23:40,,0
4198,08/04/2020 23:45,,0
4199,08/04/2020 23:50,,0
4200,08/04/2020 23:55,,0
4201,08/05/2020 00:00,8.978,0
4202,08/05/2020 00:05,,0
4203,08/05/2020 00:10,,0
4204,08/05/2020 00:15,,0
4205,08/05/2020 00:20,,0
4206,08/05/2020 00:25,,0
4207,08/05/2020 00:30,8.282,0
4208,08/05/2020 00:35,,0
4209,08/05/2020 00:40,,0
4210,08/05/2020 00:45,,0
4211,08/05/2020 00:50,,0
4212,08/05/2020 00:55,,0
4213,08/05/2020 01:00,7.983,0
4214,08/05/2020 01:05,,0
4215,08/05/2020 01:10,,0
4216,08/05/2020 01:15,,0
4217,08/05/2020 01:20,,0
4218,08/05/2020 01:25,,0
4219,08/05/2020 01:30,7.682,0
4220,08/05/2020 01:35,,0
4221,08/05/2020 01:40,,0
4222,08/05/2020 01:45,,0
4223,08/05/2020 01:50,,0
4224,08/05/2020 01:55,,0
4225,08/05/2020 02:00,7.682,0
4226,08/05/2020 02:05,,0
4227,08/05/2020 02:10,,0
4228,08/05/2020 02:15,,0
4229,08/05/2020 02:20,,0
4230,08/05/2020 02:25,,0
4231,08/05/2020 02:30,7.381,0
4232,08/05/2020 02:35,,0
4233,08/05/2020 02:40,,0
4234,08/05/2020 02:45,,0
4235,08/05/2020 02:50,,0
4236,08/05/2020 02:55,,0
4237,08/05/2020 03:00,7.179,0
4238,08/05/2020 03:05,,0
4239,08/05/2020 03:10,,0
4240,08/05/2020 03:15,,0
4241,08/05/2020 03:20,,0
4242,08/05/2020 03:25,,0
4243,08/05/2020 03:30,7.28,0
4244,08/05/2020 03:35,,0
4245,08/05/2020 03:40,,0
4246,08/05/2020 03:45,,0
4247,08/05/2020 03:50,,0
4248,08/05/2020 03:55,,0
4249,08/05/2020 04:00,7.179,0
4250,08/05/2020 04:05,,0
4251,08/05/2020 04:10,,0
4252,08/05/2020 04:15,,0
4253,08/05/2020 04:20,,0
4254,08/05/2020 04:25,,0
4255,08/05/2020 04:30,7.179,0
4256,08/05/2020 04:35,,0
4257,08/05/2020 04:40,,0
4258,08/05/2020 04:45,,0
4259,08/05/2020 04:50,,0
4260,08/05/2020 04:55,,0
4261,08/05/2020 05:00,7.481,0
4262,08/05/2020 05:05,,0
4263,08/05/2020 05:10,,0
4264,08/05/2020 05:15,,0
4265,08/05/2020 05:20,,0
4266,08/05/2020 05:25,,0
4267,08/05/2020 05:30,8.082,0
4268,08/05/2020 05:35,,0
4269,08/05/2020 05:40,,0
4270,08/05/2020 05:45,,0
4271,08/05/2020 05:50,,0
4272,08/05/2020 05:55,,0
4273,08/05/2020 06:00,9.176,0
4274,08/05/2020 06:05,,0
4275,08/05/2020 06:10,,0
4276,08/05/2020 06:15,,0
4277,08/05/2020 06:20,,0
4278,08/05/2020 06:25,,0
4279,08/05/2020 06:30,10.063,0
4280,08/05/2020 06:35,,0
4281,08/05/2020 06:40,,0
4282,08/05/2020 06:45,,0
4283,08/05/2020 06:50,,0
4284,08/05/2020 06:55,,0
4285,08/05/2020 07:00,11.625,0
4286,08/05/2020 07:05,,0
4287,08/05/2020 07:10,,0
4288,08/05/2020 07:15,,0
4289,08/05/2020 07:20,,0
4290,08/05/2020 07:25,,0
4291,08/05/2020 07:30,12.11,0
4292,08/05/2020 07:35,,0
4293,08/05/2020 07:40,,0
4294,08/05/2020 07:45,,0
4295,08/05/2020 07:50,,0
4296,08/05/2020 07:55,,0
4297,08/05/2020 08:00,12.98,0
4298,08/05/2020 08:05,,0
4299,08/05/2020 08:10,,0
4300,08/05/2020 08:15,,0
4301,08/05/2020 08:20,,0
4302,08/05/2020 08:25,,0
4303,08/05/2020 08:30,14.325,0
4304,08/05/2020 08:35,,0
4305,08/05/2020 08:40,,0
4306,08/05/2020 08:45,,0
4307,08/05/2020 08:50,,0
4308,08/05/2020 08:55,,0
4309,08/05/2020 09:00,15.664,0
4310,08/05/2020 09:05,,0
4311,08/05/2020 09:10,,0
4312,08/05/2020 09:15,,0
4313,08/05/2020 09:20,,0
4314,08/05/2020 09:25,,0
4315,08/05/2020 09:30,17.475,0
4316,08/05/2020 09:35,,0
4317,08/05/2020 09:40,,0
4318,08/05/2020 09:45,,0
4319,08/05/2020 09:50,,0
4320,08/05/2020 09:55,,0
4321,08/05/2020 10:00,18.236,0
4322,08/05/2020 10:05,,0
4323,08/05/2020 10:10,,0
4324,08/05/2020 10:15,,0
4325,08/05/2020 10:20,,0
4326,08/05/2020 10:25,,0
4327,08/05/2020 10:30,19.567,0
4328,08/05/2020 10:35,,0
4329,08/05/2020 10:40,,0
4330,08/05/2020 10:45,,0
4331,08/05/2020 10:50,,0
4332,08/05/2020 10:55,,0
4333,08/05/2020 11:00,20.805,0
4334,08/05/2020 11:05,,0
4335,08/05/2020 11:10,,0
4336,08/05/2020 11:15,,0
4337,08/05/2020 11:20,,0
4338,08/05/2020 11:25,,0
4339,08/05/2020 11:30,21.569,0
4340,08/05/2020 11:35,,0
4341,08/05/2020 11:40,,0
4342,08/05/2020 11:45,,0
4343,08/05/2020 11:50,,0
4344,08/05/2020 11:55,,0
4345,08/05/2020 12:00,24.062,0
4346,08/05/2020 12:05,,0
4347,08/05/2020 12:10,,0
4348,08/05/2020 12:15,,0
4349,08/05/2020 12:20,,0
4350,08/05/2020 12:25,,0
4351,08/05/2020 12:30,26.292,0
4352,08/05/2020 12:35,,0
4353,08/05/2020 12:40,,0
4354,08/05/2020 12:45,,0
4355,08/05/2020 12:50,,0
4356,08/05/2020 12:55,,0
4357,08/05/2020 13:00,24.448,0
4358,08/05/2020 13:05,,0
4359,08/05/2020 13:10,,0
4360,08/05/2020 13:15,,0
4361,08/05/2020 13:20,,0
4362,08/05/2020 13:25,,0
4363,08/05/2020 13:30,27.764,0
4364,08/05/2020 13:35,,0
4365,08/05/2020 13:40,,0
4366,08/05/2020 13:45,,0
4367,08/05/2020 13:50,,0
4368,08/05/2020 13:55,,0
4369,08/05/2020 14:00,27.075,0
4370,08/05/2020 14:05,,0
4371,08/05/2020 14:10,,0
4372,08/05/2020 14:15,,0
4373,08/05/2020 14:20,,0
4374,08/05/2020 14:25,,0
4375,08/05/2020 14:30,27.272,0
4376,08/05/2020 14:35,,0
4377,08/05/2020 14:40,,0
4378,08/05/2020 14:45,,0
4379,08/05/2020 14:50,,0
4380,08/05/2020 14:55,,0
4381,08/05/2020 15:00,28.357,0
4382,08/05/2020 15:05,,0
4383,08/05/2020 15:10,,0
4384,08/05/2020 15:15,,0
4385,08/05/2020 15:20,,0
4386,08/05/2020 15:25,,0
4387,08/05/2020 15:30,28.555,0
4388,08/05/2020 15:35,,0
4389,08/05/2020 15:40,,0
4390,08/05/2020 15:45,,0
4391,08/05/2020 15:50,,0
4392,08/05/2020 15:55,,0
4393,08/05/2020 16:00,27.075,0
4394,08/05/2020 16:05,,0
4395,08/05/2020 16:10,,0
4396,08/05/2020 16:15,,0
4397,08/05/2020 16:20,,0
4398,08/05/2020 16:25,,0
4399,08/05/2020 16:30,23.1,0
4400,08/05/2020 16:35,,0
4401,08/05/2020 16:40,,0
4402,08/05/2020 16:45,,0
4403,08/05/2020 16:50,,0
4404,08/05/2020 16:55,,0
4405,08/05/2020 17:00,19.092,0
4406,08/05/2020 17:05,,0
4407,08/05/2020 17:10,,0
4408,08/05/2020 17:15,,0
4409,08/05/2020 17:20,,0
4410,08/05/2020 17:25,,0
4411,08/05/2020 17:30,17.855,0
4412,08/05/2020 17:35,,0
4413,08/05/2020 17:40,,0
4414,08/05/2020 17:45,,0
4415,08/05/2020 17:50,,0
4416,08/05/2020 17:55,,0
4417,08/05/2020 18:00,16.808,0
4418,08/05/2020 18:05,,0
4419,08/05/2020 18:10,,0
4420,08/05/2020 18:15,,0
4421,08/05/2020 18:20,,0
4422,08/05/2020 18:25,,0
4423,08/05/2020 18:30,15.378,0
4424,08/05/2020 18:35,,0
4425,08/05/2020 18:40,,0
4426,08/05/2020 18:45,,0
4427,08/05/2020 18:50,,0
4428,08/05/2020 18:55,,0
4429,08/05/2020 19:00,13.461,0
4430,08/05/2020 19:05,,0
4431,08/05/2020 19:10,,0
4432,08/05/2020 19:15,,0
4433,08/05/2020 19:20,,0
4434,08/05/2020 19:25,,0
4435,08/05/2020 19:30,11.528,0
4436,08/05/2020 19:35,,0
4437,08/05/2020 19:40,,0
4438,08/05/2020 19:45,,0
4439,08/05/2020 19:50,,0
4440,08/05/2020 19:55,,0
4441,08/05/2020 20:00,10.748,0
4442,08/05/2020 20:05,,0
4443,08/05/2020 20:10,,0
4444,08/05/2020 20:15,,0
4445,08/05/2020 20:20,,0
4446,08/05/2020 20:25,,0
4447,08/05/2020 20:30,10.357,0
4448,08/05/2020 20:35,,0
4449,08/05/2020 20:40,,0
4450,08/05/2020 20:45,,0
4451,08/05/2020 20:50,,0
4452,08/05/2020 20:55,,0
4453,08/05/2020 21:00,10.259,0
4454,08/05/2020 21:05,,0
4455,08/05/2020 21:10,,0
4456,08/05/2020 21:15,,0
4457,08/05/2020 21:20,,0
4458,08/05/2020 21:25,,0
4459,08/05/2020 21:30,10.063,0
4460,08/05/2020 21:35,,0
4461,08/05/2020 21:40,,0
4462,08/05/2020 21:45,,0
4463,08/05/2020 21:50,,0
4464,08/05/2020 21:55,,0
4465,08/05/2020 22:00,10.063,0
4466,08/05/2020 22:05,,0
4467,08/05/2020 22:10,,0
4468,08/05/2020 22:15,,0
4469,08/05/2020 22:20,,0
4470,08/05/2020 22:25,,0
4471,08/05/2020 22:30,9.965,0
4472,08/05/2020 22:35,,0
4473,08/05/2020 22:40,,0
4474,08/05/2020 22:45,,0
4475,08/05/2020 22:50,,0
4476,08/05/2020 22:55,,0
4477,08/05/2020 23:00,9.965,0
4478,08/05/2020 23:05,,0
4479,08/05/2020 23:10,,0
4480,08/05/2020 23:15,,0
4481,08/05/2020 23:20,,0
4482,08/05/2020 23:25,,0
4483,08/05/2020 23:30,9.866,0
4484,08/05/2020 23:35,,0
4485,08/05/2020 23:40,,0
4486,08/05/2020 23:45,,0
4487,08/05/2020 23:50,,0
4488,08/05/2020 23:55,,0
4489,08/06/2020 00:00,9.571,0
4490,08/06/2020 00:05,,0
4491,08/06/2020 00:10,,0
4492,08/06/2020 00:15,,0
4493,08/06/2020 00:20,,0
4494,08/06/2020 00:25,,0
4495,08/06/2020 00:30,9.472,0
4496,08/06/2020 00:35,,0
4497,08/06/2020 00:40,,0
4498,08/06/2020 00:45,,0
4499,08/06/2020 00:50,,0
4500,08/06/2020 00:55,,0
4501,08/06/2020 01:00,9.472,0
4502,08/06/2020 01:05,,0
4503,08/06/2020 01:10,,0
4504,08/06/2020 01:15,,0
4505,08/06/2020 01:20,,0
4506,08/06/2020 01:25,,0
4507,08/06/2020 01:30,9.275,0
4508,08/06/2020 01:35,,0
4509,08/06/2020 01:40,,0
4510,08/06/2020 01:45,,0
4511,08/06/2020 01:50,,0
4512,08/06/2020 01:55,,0
4513,08/06/2020 02:00,8.978,0
4514,08/06/2020 02:05,,0
4515,08/06/2020 02:10,,0
4516,08/06/2020 02:15,,0
4517,08/06/2020 02:20,,0
4518,08/06/2020 02:25,,0
4519,08/06/2020 02:30,8.581,0
4520,08/06/2020 02:35,,0
4521,08/06/2020 02:40,,0
4522,08/06/2020 02:45,,0
4523,08/06/2020 02:50,,0
4524,08/06/2020 02:55,,0
4525,08/06/2020 03:00,8.68,0
4526,08/06/2020 03:05,,0
4527,08/06/2020 03:10,,0
4528,08/06/2020 03:15,,0
4529,08/06/2020 03:20,,0
4530,08/06/2020 03:25,,0
4531,08/06/2020 03:30,8.68,0
4532,08/06/2020 03:35,,0
4533,08/06/2020 03:40,,0
4534,08/06/2020 03:45,,0
4535,08/06/2020 03:50,,0
4536,08/06/2020 03:55,,0
4537,08/06/2020 04:00,8.581,0
4538,08/06/2020 04:05,,0
4539,08/06/2020 04:10,,0
4540,08/06/2020 04:15,,0
4541,08/06/2020 04:20,,0
4542,08/06/2020 04:25,,0
4543,08/06/2020 04:30,8.879,0
4544,08/06/2020 04:35,,0
4545,08/06/2020 04:40,,0
4546,08/06/2020 04:45,,0
4547,08/06/2020 04:50,,0
4548,08/06/2020 04:55,,0
4549,08/06/2020 05:00,9.768,0
4550,08/06/2020 05:05,,0
4551,08/06/2020 05:10,,0
4552,08/06/2020 05:15,,0
4553,08/06/2020 05:20,,0
4554,08/06/2020 05:25,,0
4555,08/06/2020 05:30,10.161,0
4556,08/06/2020 05:35,,0
4557,08/06/2020 05:40,,0
4558,08/06/2020 05:45,,0
4559,08/06/2020 05:50,,0
4560,08/06/2020 05:55,,0
4561,08/06/2020 06:00,11.139,0
4562,08/06/2020 06:05,,0
4563,08/06/2020 06:10,,0
4564,08/06/2020 06:15,,0
4565,08/06/2020 06:20,,0
4566,08/06/2020 06:25,,0
4567,08/06/2020 06:30,12.013,0
4568,08/06/2020 06:35,,0
4569,08/06/2020 06:40,,0
4570,08/06/2020 06:45,,0
4571,08/06/2020 06:50,,0
4572,08/06/2020 06:55,,0
4573,08/06/2020 07:00,12.98,0
4574,08/06/2020 07:05,,0
4575,08/06/2020 07:10,,0
4576,08/06/2020 07:15,,0
4577,08/06/2020 07:20,,0
4578,08/06/2020 07:25,,0
4579,08/06/2020 07:30,13.846,0
4580,08/06/2020 07:35,,0
4581,08/06/2020 07:40,,0
4582,08/06/2020 07:45,,0
4583,08/06/2020 07:50,,0
4584,08/06/2020 07:55,,0
4585,08/06/2020 08:00,15.091,0
4586,08/06/2020 08:05,,0
4587,08/06/2020 08:10,,0
4588,08/06/2020 08:15,,0
4589,08/06/2020 08:20,,0
4590,08/06/2020 08:25,,0
4591,08/06/2020 08:30,16.332,0
4592,08/06/2020 08:35,,0
4593,08/06/2020 08:40,,0
4594,08/06/2020 08:45,,0
4595,08/06/2020 08:50,,0
4596,08/06/2020 08:55,,0
4597,08/06/2020 09:00,17.57,0
4598,08/06/2020 09:05,,0
4599,08/06/2020 09:10,,0
4600,08/06/2020 09:15,,0
4601,08/06/2020 09:20,,0
4602,08/06/2020 09:25,,0
4603,08/06/2020 09:30,19.853,0
4604,08/06/2020 09:35,,0
4605,08/06/2020 09:40,,0
4606,08/06/2020 09:45,,0
4607,08/06/2020 09:50,,0
4608,08/06/2020 09:55,,0
4609,08/06/2020 10:00,20.71,0
4610,08/06/2020 10:05,,0
4611,08/06/2020 10:10,,0
4612,08/06/2020 10:15,,0
4613,08/06/2020 10:20,,0
4614,08/06/2020 10:25,,0
4615,08/06/2020 10:30,21.76,0
4616,08/06/2020 10:35,,0
4617,08/06/2020 10:40,,0
4618,08/06/2020 10:45,,0
4619,08/06/2020 10:50,,0
4620,08/06/2020 10:55,,0
4621,08/06/2020 11:00,22.908,0
4622,08/06/2020 11:05,,0
4623,08/06/2020 11:10,,0
4624,08/06/2020 11:15,,0
4625,08/06/2020 11:20,,0
4626,08/06/2020 11:25,,0
4627,08/06/2020 11:30,25.125,0
4628,08/06/2020 11:35,,0
4629,08/06/2020 11:40,,0
4630,08/06/2020 11:45,,0
4631,08/06/2020 11:50,,0
4632,08/06/2020 11:55,,0
4633,08/06/2020 12:00,26,0
4634,08/06/2020 12:05,,0
4635,08/06/2020 12:10,,0
4636,08/06/2020 12:15,,0
4637,08/06/2020 12:20,,0
4638,08/06/2020 12:25,,0
4639,08/06/2020 12:30,27.173,0
4640,08/06/2020 12:35,,0
4641,08/06/2020 12:40,,0
4642,08/06/2020 12:45,,0
4643,08/06/2020 12:50,,0
4644,08/06/2020 12:55,,0
4645,08/06/2020 13:00,28.258,0
4646,08/06/2020 13:05,,0
4647,08/06/2020 13:10,,0
4648,08/06/2020 13:15,,0
4649,08/06/2020 13:20,,0
4650,08/06/2020 13:25,,0
4651,08/06/2020 13:30,29.752,0
4652,08/06/2020 13:35,,0
4653,08/06/2020 13:40,,0
4654,08/06/2020 13:45,,0
4655,08/06/2020 13:50,,0
4656,08/06/2020 13:55,,0
4657,08/06/2020 14:00,30.862,0
4658,08/06/2020 14:05,,0
4659,08/06/2020 14:10,,0
4660,08/06/2020 14:15,,0
4661,08/06/2020 14:20,,0
4662,08/06/2020 14:25,,0
4663,08/06/2020 14:30,30.457,0
4664,08/06/2020 14:35,,0
4665,08/06/2020 14:40,,0
4666,08/06/2020 14:45,,0
4667,08/06/2020 14:50,,0
4668,08/06/2020 14:55,,0
4669,08/06/2020 15:00,31.166,0
4670,08/06/2020 15:05,,0
4671,08/06/2020 15:10,,0
4672,08/06/2020 15:15,,0
4673,08/06/2020 15:20,,0
4674,08/06/2020 15:25,,0
4675,08/06/2020 15:30,31.37,0
4676,08/06/2020 15:35,,0
4677,08/06/2020 15:40,,0
4678,08/06/2020 15:45,,0
4679,08/06/2020 15:50,,0
4680,08/06/2020 15:55,,0
4681,08/06/2020 16:00,28.456,0
4682,08/06/2020 16:05,,0
4683,08/06/2020 16:10,,0
4684,08/06/2020 16:15,,0
4685,08/06/2020 16:20,,0
4686,08/06/2020 16:25,,0
4687,08/06/2020 16:30,24.931,0
4688,08/06/2020 16:35,,0
4689,08/06/2020 16:40,,0
4690,08/06/2020 16:45,,0
4691,08/06/2020 16:50,,0
4692,08/06/2020 16:55,,0
4693,08/06/2020 17:00,21.473,0
4694,08/06/2020 17:05,,0
4695,08/06/2020 17:10,,0
4696,08/06/2020 17:15,,0
4697,08/06/2020 17:20,,0
4698,08/06/2020 17:25,,0
4699,08/06/2020 17:30,21.187,0
4700,08/06/2020 17:35,,0
4701,08/06/2020 17:40,,0
4702,08/06/2020 17:45,,0
4703,08/06/2020 17:50,,0
4704,08/06/2020 17:55,,0
4705,08/06/2020 18:00,20.138,0
4706,08/06/2020 18:05,,0
4707,08/06/2020 18:10,,0
4708,08/06/2020 18:15,,0
4709,08/06/2020 18:20,,0
4710,08/06/2020 18:25,,0
4711,08/06/2020 18:30,19.092,0
4712,08/06/2020 18:35,,0
4713,08/06/2020 18:40,,0
4714,08/06/2020 18:45,,0
4715,08/06/2020 18:50,,0
4716,08/06/2020 18:55,,0
4717,08/06/2020 19:00,17.094,0
4718,08/06/2020 19:05,,0
4719,08/06/2020 19:10,,0
4720,08/06/2020 19:15,,0
4721,08/06/2020 19:20,,0
4722,08/06/2020 19:25,,0
4723,08/06/2020 19:30,15.378,0
4724,08/06/2020 19:35,,0
4725,08/06/2020 19:40,,0
4726,08/06/2020 19:45,,0
4727,08/06/2020 19:50,,0
4728,08/06/2020 19:55,,0
4729,08/06/2020 20:00,14.038,0
4730,08/06/2020 20:05,,0
4731,08/06/2020 20:10,,0
4732,08/06/2020 20:15,,0
4733,08/06/2020 20:20,,0
4734,08/06/2020 20:25,,0
4735,08/06/2020 20:30,13.269,0
4736,08/06/2020 20:35,,0
4737,08/06/2020 20:40,,0
4738,08/06/2020 20:45,,0
4739,08/06/2020 20:50,,0
4740,08/06/2020 20:55,,0
4741,08/06/2020 21:00,13.365,0
4742,08/06/2020 21:05,,0
4743,08/06/2020 21:10,,0
4744,08/06/2020 21:15,,0
4745,08/06/2020 21:20,,0
4746,08/06/2020 21:25,,0
4747,08/06/2020 21:30,13.365,0
4748,08/06/2020 21:35,,0
4749,08/06/2020 21:40,,0
4750,08/06/2020 21:45,,0
4751,08/06/2020 21:50,,0
4752,08/06/2020 21:55,,0
4753,08/06/2020 22:00,13.173,0
4754,08/06/2020 22:05,,0
4755,08/06/2020 22:10,,0
4756,08/06/2020 22:15,,0
4757,08/06/2020 22:20,,0
4758,08/06/2020 22:25,,0
4759,08/06/2020 22:30,13.75,0
4760,08/06/2020 22:35,,0
4761,08/06/2020 22:40,,0
4762,08/06/2020 22:45,,0
4763,08/06/2020 22:50,,0
4764,08/06/2020 22:55,,0
4765,08/06/2020 23:00,13.75,0
4766,08/06/2020 23:05,,0
4767,08/06/2020 23:10,,0
4768,08/06/2020 23:15,,0
4769,08/06/2020 23:20,,0
4770,08/06/2020 23:25,,0
4771,08/06/2020 23:30,13.269,0
4772,08/06/2020 23:35,,0
4773,08/06/2020 23:40,,0
4774,08/06/2020 23:45,,0
4775,08/06/2020 23:50,,0
4776,08/06/2020 23:55,,0
4777,08/07/2020 00:00,12.98,0
4778,08/07/2020 00:05,,0
4779,08/07/2020 00:10,,0
4780,08/07/2020 00:15,,0
4781,08/07/2020 00:20,,0
4782,08/07/2020 00:25,,0
4783,08/07/2020 00:30,13.076,0
4784,08/07/2020 00:35,,0
4785,08/07/2020 00:40,,0
4786,08/07/2020 00:45,,0
4787,08/07/2020 00:50,,0
4788,08/07/2020 00:55,,0
4789,08/07/2020 01:00,13.269,0
4790,08/07/2020 01:05,,0
4791,08/07/2020 01:10,,0
4792,08/07/2020 01:15,,0
4793,08/07/2020 01:20,,0
4794,08/07/2020 01:25,,0
4795,08/07/2020 01:30,13.365,0
4796,08/07/2020 01:35,,0
4797,08/07/2020 01:40,,0
4798,08/07/2020 01:45,,0
4799,08/07/2020 01:50,,0
4800,08/07/2020 01:55,,0
4801,08/07/2020 02:00,13.076,0
4802,08/07/2020 02:05,,0
4803,08/07/2020 02:10,,0
4804,08/07/2020 02:15,,0
4805,08/07/2020 02:20,,0
4806,08/07/2020 02:25,,0
4807,08/07/2020 02:30,12.69,0
4808,08/07/2020 02:35,,0
4809,08/07/2020 02:40,,0
4810,08/07/2020 02:45,,0
4811,08/07/2020 02:50,,0
4812,08/07/2020 02:55,,0
4813,08/07/2020 03:00,12.497,0
4814,08/07/2020 03:05,,0
4815,08/07/2020 03:10,,0
4816,08/07/2020 03:15,,0
4817,08/07/2020 03:20,,0
4818,08/07/2020 03:25,,0
4819,08/07/2020 03:30,12.401,0
4820,08/07/2020 03:35,,0
4821,08/07/2020 03:40,,0
4822,08/07/2020 03:45,,0
4823,08/07/2020 03:50,,0
4824,08/07/2020 03:55,,0
4825,08/07/2020 04:00,12.207,0
4826,08/07/2020 04:05,,0
4827,08/07/2020 04:10,,0
4828,08/07/2020 04:15,,0
4829,08/07/2020 04:20,,0
4830,08/07/2020 04:25,,0
4831,08/07/2020 04:30,12.69,0
4832,08/07/2020 04:35,,0
4833,08/07/2020 04:40,,0
4834,08/07/2020 04:45,,0
4835,08/07/2020 04:50,,0
4836,08/07/2020 04:55,,0
4837,08/07/2020 05:00,13.076,0
4838,08/07/2020 05:05,,0
4839,08/07/2020 05:10,,0
4840,08/07/2020 05:15,,0
4841,08/07/2020 05:20,,0
4842,08/07/2020 05:25,,0
4843,08/07/2020 05:30,13.846,0
4844,08/07/2020 05:35,,0
4845,08/07/2020 05:40,,0
4846,08/07/2020 05:45,,0
4847,08/07/2020 05:50,,0
4848,08/07/2020 05:55,,0
4849,08/07/2020 06:00,14.804,0
4850,08/07/2020 06:05,,0
4851,08/07/2020 06:10,,0
4852,08/07/2020 06:15,,0
4853,08/07/2020 06:20,,0
4854,08/07/2020 06:25,,0
4855,08/07/2020 06:30,15.76,0
4856,08/07/2020 06:35,,0
4857,08/07/2020 06:40,,0
4858,08/07/2020 06:45,,0
4859,08/07/2020 06:50,,0
4860,08/07/2020 06:55,,0
4861,08/07/2020 07:00,17.189,0
4862,08/07/2020 07:05,,0
4863,08/07/2020 07:10,,0
4864,08/07/2020 07:15,,0
4865,08/07/2020 07:20,,0
4866,08/07/2020 07:25,,0
4867,08/07/2020 07:30,18.236,0
4868,08/07/2020 07:35,,0
4869,08/07/2020 07:40,,0
4870,08/07/2020 07:45,,0
4871,08/07/2020 07:50,,0
4872,08/07/2020 07:55,,0
4873,08/07/2020 08:00,18.901,0
4874,08/07/2020 08:05,,0
4875,08/07/2020 08:10,,0
4876,08/07/2020 08:15,,0
4877,08/07/2020 08:20,,0
4878,08/07/2020 08:25,,0
4879,08/07/2020 08:30,19.853,0
4880,08/07/2020 08:35,,0
4881,08/07/2020 08:40,,0
4882,08/07/2020 08:45,,0
4883,08/07/2020 08:50,,0
4884,08/07/2020 08:55,,0
4885,08/07/2020 09:00,21.282,0
4886,08/07/2020 09:05,,0
4887,08/07/2020 09:10,,0
4888,08/07/2020 09:15,,0
4889,08/07/2020 09:20,,0
4890,08/07/2020 09:25,,0
4891,08/07/2020 09:30,22.812,0
4892,08/07/2020 09:35,,0
4893,08/07/2020 09:40,,0
4894,08/07/2020 09:45,,0
4895,08/07/2020 09:50,,0
4896,08/07/2020 09:55,,0
4897,08/07/2020 10:00,24.448,0
4898,08/07/2020 10:05,,0
4899,08/07/2020 10:10,,0
4900,08/07/2020 10:15,,0
4901,08/07/2020 10:20,,0
4902,08/07/2020 10:25,,0
4903,08/07/2020 10:30,25.513,0
4904,08/07/2020 10:35,,0
4905,08/07/2020 10:40,,0
4906,08/07/2020 10:45,,0
4907,08/07/2020 10:50,,0
4908,08/07/2020 10:55,,0
4909,08/07/2020 11:00,25.805,0
4910,08/07/2020 11:05,,0
4911,08/07/2020 11:10,,0
4912,08/07/2020 11:15,,0
4913,08/07/2020 11:20,,0
4914,08/07/2020 11:25,,0
4915,08/07/2020 11:30,27.862,0
4916,08/07/2020 11:35,,0
4917,08/07/2020 11:40,,0
4918,08/07/2020 11:45,,0
4919,08/07/2020 11:50,,0
4920,08/07/2020 11:55,,0
4921,08/07/2020 12:00,29.552,0
4922,08/07/2020 12:05,,0
4923,08/07/2020 12:10,,0
4924,08/07/2020 12:15,,0
4925,08/07/2020 12:20,,0
4926,08/07/2020 12:25,,0
4927,08/07/2020 12:30,31.064,0
4928,08/07/2020 12:35,,0
4929,08/07/2020 12:40,,0
4930,08/07/2020 12:45,,0
4931,08/07/2020 12:50,,0
4932,08/07/2020 12:55,,0
4933,08/07/2020 13:00,31.472,0
4934,08/07/2020 13:05,,0
4935,08/07/2020 13:10,,0
4936,08/07/2020 13:15,,0
4937,08/07/2020 13:20,,0
4938,08/07/2020 13:25,,0
4939,08/07/2020 13:30,33.326,0
4940,08/07/2020 13:35,,0
4941,08/07/2020 13:40,,0
4942,08/07/2020 13:45,,0
4943,08/07/2020 13:50,,0
4944,08/07/2020 13:55,,0
4945,08/07/2020 14:00,33.953,0
4946,08/07/2020 14:05,,0
4947,08/07/2020 14:10,,0
4948,08/07/2020 14:15,,0
4949,08/07/2020 14:20,,0
4950,08/07/2020 14:25,,0
4951,08/07/2020 14:30,33.535,0
4952,08/07/2020 14:35,,0
4953,08/07/2020 14:40,,0
4954,08/07/2020 14:45,,0
4955,08/07/2020 14:50,,0
4956,08/07/2020 14:55,,0
4957,08/07/2020 15:00,33.743,0
4958,08/07/2020 15:05,,0
4959,08/07/2020 15:10,,0
4960,08/07/2020 15:15,,0
4961,08/07/2020 15:20,,0
4962,08/07/2020 15:25,,0
4963,08/07/2020 15:30,34.479,0
4964,08/07/2020 15:35,,0
4965,08/07/2020 15:40,,0
4966,08/07/2020 15:45,,0
4967,08/07/2020 15:50,,0
4968,08/07/2020 15:55,,0
4969,08/07/2020 16:00,32.188,0
4970,08/07/2020 16:05,,0
4971,08/07/2020 16:10,,0
4972,08/07/2020 16:15,,0
4973,08/07/2020 16:20,,0
4974,08/07/2020 16:25,,0
4975,08/07/2020 16:30,27.764,0
4976,08/07/2020 16:35,,0
4977,08/07/2020 16:40,,0
4978,08/07/2020 16:45,,0
4979,08/07/2020 16:50,,0
4980,08/07/2020 16:55,,0
4981,08/07/2020 17:00,25.416,0
4982,08/07/2020 17:05,,0
4983,08/07/2020 17:10,,0
4984,08/07/2020 17:15,,0
4985,08/07/2020 17:20,,0
4986,08/07/2020 17:25,,0
4987,08/07/2020 17:30,24.448,0
4988,08/07/2020 17:35,,0
4989,08/07/2020 17:40,,0
4990,08/07/2020 17:45,,0
4991,08/07/2020 17:50,,0
4992,08/07/2020 17:55,,0
4993,08/07/2020 18:00,23.196,0
4994,08/07/2020 18:05,,0
4995,08/07/2020 18:10,,0
4996,08/07/2020 18:15,,0
4997,08/07/2020 18:20,,0
4998,08/07/2020 18:25,,0
4999,08/07/2020 18:30,21.569,0
5000,08/07/2020 18:35,,0
5001,08/07/2020 18:40,,0
5002,08/07/2020 18:45,,0
5003,08/07/2020 18:50,,0
5004,08/07/2020 18:55,,0
5005,08/07/2020 19:00,19.662,0
5006,08/07/2020 19:05,,0
5007,08/07/2020 19:10,,0
5008,08/07/2020 19:15,,0
5009,08/07/2020 19:20,,0
5010,08/07/2020 19:25,,0
5011,08/07/2020 19:30,18.045,0
5012,08/07/2020 19:35,,0
5013,08/07/2020 19:40,,0
5014,08/07/2020 19:45,,0
5015,08/07/2020 19:50,,0
5016,08/07/2020 19:55,,0
5017,08/07/2020 20:00,17.379,0
5018,08/07/2020 20:05,,0
5019,08/07/2020 20:10,,0
5020,08/07/2020 20:15,,0
5021,08/07/2020 20:20,,0
5022,08/07/2020 20:25,,0
5023,08/07/2020 20:30,17.284,0
5024,08/07/2020 20:35,,0
5025,08/07/2020 20:40,,0
5026,08/07/2020 20:45,,0
5027,08/07/2020 20:50,,0
5028,08/07/2020 20:55,,0
5029,08/07/2020 21:00,17.379,0
5030,08/07/2020 21:05,,0
5031,08/07/2020 21:10,,0
5032,08/07/2020 21:15,,0
5033,08/07/2020 21:20,,0
5034,08/07/2020 21:25,,0
5035,08/07/2020 21:30,17.094,0
5036,08/07/2020 21:35,,0
5037,08/07/2020 21:40,,0
5038,08/07/2020 21:45,,0
5039,08/07/2020 21:50,,0
5040,08/07/2020 21:55,,0
5041,08/07/2020 22:00,17.094,0
5042,08/07/2020 22:05,,0
5043,08/07/2020 22:10,,0
5044,08/07/2020 22:15,,0
5045,08/07/2020 22:20,,0
5046,08/07/2020 22:25,,0
5047,08/07/2020 22:30,16.808,0
5048,08/07/2020 22:35,,0
5049,08/07/2020 22:40,,0
5050,08/07/2020 22:45,,0
5051,08/07/2020 22:50,,0
5052,08/07/2020 22:55,,0
5053,08/07/2020 23:00,16.332,0
5054,08/07/2020 23:05,,0
5055,08/07/2020 23:10,,0
5056,08/07/2020 23:15,,0
5057,08/07/2020 23:20,,0
5058,08/07/2020 23:25,,0
5059,08/07/2020 23:30,15.951,0
5060,08/07/2020 23:35,,0
5061,08/07/2020 23:40,,0
5062,08/07/2020 23:45,,0
5063,08/07/2020 23:50,,0
5064,08/07/2020 23:55,,0
5065,08/08/2020 00:00,15.855,0
5066,08/08/2020 00:05,,0
5067,08/08/2020 00:10,,0
5068,08/08/2020 00:15,,0
5069,08/08/2020 00:20,,0
5070,08/08/2020 00:25,,0
5071,08/08/2020 00:30,15.569,0
5072,08/08/2020 00:35,,0
5073,08/08/2020 00:40,,0
5074,08/08/2020 00:45,,0
5075,08/08/2020 00:50,,0
5076,08/08/2020 00:55,,0
5077,08/08/2020 01:00,16.046,0
5078,08/08/2020 01:05,,0
5079,08/08/2020 01:10,,0
5080,08/08/2020 01:15,,0
5081,08/08/2020 01:20,,0
5082,08/08/2020 01:25,,0
5083,08/08/2020 01:30,15.473,0
5084,08/08/2020 01:35,,0
5085,08/08/2020 01:40,,0
5086,08/08/2020 01:45,,0
5087,08/08/2020 01:50,,0
5088,08/08/2020 01:55,,0
5089,08/08/2020 02:00,15.473,0
5090,08/08/2020 02:05,,0
5091,08/08/2020 02:10,,0
5092,08/08/2020 02:15,,0
5093,08/08/2020 02:20,,0
5094,08/08/2020 02:25,,0
5095,08/08/2020 02:30,15.091,0
5096,08/08/2020 02:35,,0
5097,08/08/2020 02:40,,0
5098,08/08/2020 02:45,,0
5099,08/08/2020 02:50,,0
5100,08/08/2020 02:55,,0
5101,08/08/2020 03:00,15.187,0
5102,08/08/2020 03:05,,0
5103,08/08/2020 03:10,,0
5104,08/08/2020 03:15,,0
5105,08/08/2020 03:20,,0
5106,08/08/2020 03:25,,0
5107,08/08/2020 03:30,14.517,0
5108,08/08/2020 03:35,,0
5109,08/08/2020 03:40,,0
5110,08/08/2020 03:45,,0
5111,08/08/2020 03:50,,0
5112,08/08/2020 03:55,,0
5113,08/08/2020 04:00,14.038,0
5114,08/08/2020 04:05,,0
5115,08/08/2020 04:10,,0
5116,08/08/2020 04:15,,0
5117,08/08/2020 04:20,,0
5118,08/08/2020 04:25,,0
5119,08/08/2020 04:30,13.846,0
5120,08/08/2020 04:35,,0
5121,08/08/2020 04:40,,0
5122,08/08/2020 04:45,,0
5123,08/08/2020 04:50,,0
5124,08/08/2020 04:55,,0
5125,08/08/2020 05:00,14.134,0
5126,08/08/2020 05:05,,0
5127,08/08/2020 05:10,,0
5128,08/08/2020 05:15,,0
5129,08/08/2020 05:20,,0
5130,08/08/2020 05:25,,0
5131,08/08/2020 05:30,14.9,0
5132,08/08/2020 05:35,,0
5133,08/08/2020 05:40,,0
5134,08/08/2020 05:45,,0
5135,08/08/2020 05:50,,0
5136,08/08/2020 05:55,,0
5137,08/08/2020 06:00,16.141,0
5138,08/08/2020 06:05,,0
5139,08/08/2020 06:10,,0
5140,08/08/2020 06:15,,0
5141,08/08/2020 06:20,,0
5142,08/08/2020 06:25,,0
5143,08/08/2020 06:30,17.189,0
5144,08/08/2020 06:35,,0
5145,08/08/2020 06:40,,0
5146,08/08/2020 06:45,,0
5147,08/08/2020 06:50,,0
5148,08/08/2020 06:55,,0
5149,08/08/2020 07:00,18.521,0
5150,08/08/2020 07:05,,0
5151,08/08/2020 07:10,,0
5152,08/08/2020 07:15,,0
5153,08/08/2020 07:20,,0
5154,08/08/2020 07:25,,0
5155,08/08/2020 07:30,19.758,0
5156,08/08/2020 07:35,,0
5157,08/08/2020 07:40,,0
5158,08/08/2020 07:45,,0
5159,08/08/2020 07:50,,0
5160,08/08/2020 07:55,,0
5161,08/08/2020 08:00,20.901,0
5162,08/08/2020 08:05,,0
5163,08/08/2020 08:10,,0
5164,08/08/2020 08:15,,0
5165,08/08/2020 08:20,,0
5166,08/08/2020 08:25,,0
5167,08/08/2020 08:30,21.951,0
5168,08/08/2020 08:35,,0
5169,08/08/2020 08:40,,0
5170,08/08/2020 08:45,,0
5171,08/08/2020 08:50,,0
5172,08/08/2020 08:55,,0
5173,08/08/2020 09:00,23.388,0
5174,08/08/2020 09:05,,0
5175,08/08/2020 09:10,,0
5176,08/08/2020 09:15,,0
5177,08/08/2020 09:20,,0
5178,08/08/2020 09:25,,0
5179,08/08/2020 09:30,24.931,0
5180,08/08/2020 09:35,,0
5181,08/08/2020 09:40,,0
5182,08/08/2020 09:45,,0
5183,08/08/2020 09:50,,0
5184,08/08/2020 09:55,,0
5185,08/08/2020 10:00,26,0
5186,08/08/2020 10:05,,0
5187,08/08/2020 10:10,,0
5188,08/08/2020 10:15,,0
5189,08/08/2020 10:20,,0
5190,08/08/2020 10:25,,0
5191,08/08/2020 10:30,27.173,0
5192,08/08/2020 10:35,,0
5193,08/08/2020 10:40,,0
5194,08/08/2020 10:45,,0
5195,08/08/2020 10:50,,0
5196,08/08/2020 10:55,,0
5197,08/08/2020 11:00,28.456,0
5198,08/08/2020 11:05,,0
5199,08/08/2020 11:10,,0
5200,08/08/2020 11:15,,0
5201,08/08/2020 11:20,,0
5202,08/08/2020 11:25,,0
5203,08/08/2020 11:30,30.558,0
5204,08/08/2020 11:35,,0
5205,08/08/2020 11:40,,0
5206,08/08/2020 11:45,,0
5207,08/08/2020 11:50,,0
5208,08/08/2020 11:55,,0
5209,08/08/2020 12:00,32.911,0
5210,08/08/2020 12:05,,0
5211,08/08/2020 12:10,,0
5212,08/08/2020 12:15,,0
5213,08/08/2020 12:20,,0
5214,08/08/2020 12:25,,0
5215,08/08/2020 12:30,34.374,0
5216,08/08/2020 12:35,,0
5217,08/08/2020 12:40,,0
5218,08/08/2020 12:45,,0
5219,08/08/2020 12:50,,0
5220,08/08/2020 12:55,,0
5221,08/08/2020 13:00,34.268,0
5222,08/08/2020 13:05,,0
5223,08/08/2020 13:10,,0
5224,08/08/2020 13:15,,0
5225,08/08/2020 13:20,,0
5226,08/08/2020 13:25,,0
5227,08/08/2020 13:30,36.403,0
5228,08/08/2020 13:35,,0
5229,08/08/2020 13:40,,0
5230,08/08/2020 13:45,,0
5231,08/08/2020 13:50,,0
5232,08/08/2020 13:55,,0
5233,08/08/2020 14:00,37.055,0
5234,08/08/2020 14:05,,0
5235,08/08/2020 14:10,,0
5236,08/08/2020 14:15,,0
5237,08/08/2020 14:20,,0
5238,08/08/2020 14:25,,0
5239,08/08/2020 14:30,37.384,0
5240,08/08/2020 14:35,,0
5241,08/08/2020 14:40,,0
5242,08/08/2020 14:45,,0
5243,08/08/2020 14:50,,0
5244,08/08/2020 14:55,,0
5245,08/08/2020 15:00,37.165,0
5246,08/08/2020 15:05,,0
5247,08/08/2020 15:10,,0
5248,08/08/2020 15:15,,0
5249,08/08/2020 15:20,,0
5250,08/08/2020 15:25,,0
5251,08/08/2020 15:30,37.384,0
5252,08/08/2020 15:35,,0
5253,08/08/2020 15:40,,0
5254,08/08/2020 15:45,,0
5255,08/08/2020 15:50,,0
5256,08/08/2020 15:55,,0
5257,08/08/2020 16:00,35.009,0
5258,08/08/2020 16:05,,0
5259,08/08/2020 16:10,,0
5260,08/08/2020 16:15,,0
5261,08/08/2020 16:20,,0
5262,08/08/2020 16:25,,0
5263,08/08/2020 16:30,29.552,0
5264,08/08/2020 16:35,,0
5265,08/08/2020 16:40,,0
5266,08/08/2020 16:45,,0
5267,08/08/2020 16:50,,0
5268,08/08/2020 16:55,,0
5269,08/08/2020 17:00,26.781,0
5270,08/08/2020 17:05,,0
5271,08/08/2020 17:10,,0
5272,08/08/2020 17:15,,0
5273,08/08/2020 17:20,,0
5274,08/08/2020 17:25,,0
5275,08/08/2020 17:30,25.222,0
5276,08/08/2020 17:35,,0
5277,08/08/2020 17:40,,0
5278,08/08/2020 17:45,,0
5279,08/08/2020 17:50,,0
5280,08/08/2020 17:55,,0
5281,08/08/2020 18:00,23.581,0
5282,08/08/2020 18:05,,0
5283,08/08/2020 18:10,,0
5284,08/08/2020 18:15,,0
5285,08/08/2020 18:20,,0
5286,08/08/2020 18:25,,0
5287,08/08/2020 18:30,21.664,0
5288,08/08/2020 18:35,,0
5289,08/08/2020 18:40,,0
5290,08/08/2020 18:45,,0
5291,08/08/2020 18:50,,0
5292,08/08/2020 18:55,,0
5293,08/08/2020 19:00,18.996,0
5294,08/08/2020 19:05,,0
5295,08/08/2020 19:10,,0
5296,08/08/2020 19:15,,0
5297,08/08/2020 19:20,,0
5298,08/08/2020 19:25,,0
5299,08/08/2020 19:30,17.094,0
5300,08/08/2020 19:35,,0
5301,08/08/2020 19:40,,0
5302,08/08/2020 19:45,,0
5303,08/08/2020 19:50,,0
5304,08/08/2020 19:55,,0
5305,08/08/2020 20:00,16.618,0
5306,08/08/2020 20:05,,0
5307,08/08/2020 20:10,,0
5308,08/08/2020 20:15,,0
5309,08/08/2020 20:20,,0
5310,08/08/2020 20:25,,0
5311,08/08/2020 20:30,16.332,0
5312,08/08/2020 20:35,,0
5313,08/08/2020 20:40,,0
5314,08/08/2020 20:45,,0
5315,08/08/2020 20:50,,0
5316,08/08/2020 20:55,,0
5317,08/08/2020 21:00,16.141,0
5318,08/08/2020 21:05,,0
5319,08/08/2020 21:10,,0
5320,08/08/2020 21:15,,0
5321,08/08/2020 21:20,,0
5322,08/08/2020 21:25,,0
5323,08/08/2020 21:30,15.951,0
5324,08/08/2020 21:35,,0
5325,08/08/2020 21:40,,0
5326,08/08/2020 21:45,,0
5327,08/08/2020 21:50,,0
5328,08/08/2020 21:55,,0
5329,08/08/2020 22:00,15.951,0
5330,08/08/2020 22:05,,0
5331,08/08/2020 22:10,,0
5332,08/08/2020 22:15,,0
5333,08/08/2020 22:20,,0
5334,08/08/2020 22:25,,0
5335,08/08/2020 22:30,15.76,0
5336,08/08/2020 22:35,,0
5337,08/08/2020 22:40,,0
5338,08/08/2020 22:45,,0
5339,08/08/2020 22:50,,0
5340,08/08/2020 22:55,,0
5341,08/08/2020 23:00,15.569,0
5342,08/08/2020 23:05,,0
5343,08/08/2020 23:10,,0
5344,08/08/2020 23:15,,0
5345,08/08/2020 23:20,,0
5346,08/08/2020 23:25,,0
5347,08/08/2020 23:30,15.378,0
5348,08/08/2020 23:35,,0
5349,08/08/2020 23:40,,0
5350,08/08/2020 23:45,,0
5351,08/08/2020 23:50,,0
5352,08/08/2020 23:55,,0
5353,08/09/2020 00:00,14.996,0
5354,08/09/2020 00:05,,0
5355,08/09/2020 00:10,,0
5356,08/09/2020 00:15,,0
5357,08/09/2020 00:20,,0
5358,08/09/2020 00:25,,0
5359,08/09/2020 00:30,14.709,0
5360,08/09/2020 00:35,,0
5361,08/09/2020 00:40,,0
5362,08/09/2020 00:45,,0
5363,08/09/2020 00:50,,0
5364,08/09/2020 00:55,,0
5365,08/09/2020 01:00,14.709,0
5366,08/09/2020 01:05,,0
5367,08/09/2020 01:10,,0
5368,08/09/2020 01:15,,0
5369,08/09/2020 01:20,,0
5370,08/09/2020 01:25,,0
5371,08/09/2020 01:30,14.804,0
5372,08/09/2020 01:35,,0
5373,08/09/2020 01:40,,0
5374,08/09/2020 01:45,,0
5375,08/09/2020 01:50,,0
5376,08/09/2020 01:55,,0
5377,08/09/2020 02:00,14.996,0
5378,08/09/2020 02:05,,0
5379,08/09/2020 02:10,,0
5380,08/09/2020 02:15,,0
5381,08/09/2020 02:20,,0
5382,08/09/2020 02:25,,0
5383,08/09/2020 02:30,15.187,0
5384,08/09/2020 02:35,,0
5385,08/09/2020 02:40,,0
5386,08/09/2020 02:45,,0
5387,08/09/2020 02:50,,0
5388,08/09/2020 02:55,,0
5389,08/09/2020 03:00,15.091,0
5390,08/09/2020 03:05,,0
5391,08/09/2020 03:10,,0
5392,08/09/2020 03:15,,0
5393,08/09/2020 03:20,,0
5394,08/09/2020 03:25,,0
5395,08/09/2020 03:30,14.804,0
5396,08/09/2020 03:35,,0
5397,08/09/2020 03:40,,0
5398,08/09/2020 03:45,,0
5399,08/09/2020 03:50,,0
5400,08/09/2020 03:55,,0
5401,08/09/2020 04:00,14.613,0
5402,08/09/2020 04:05,,0
5403,08/09/2020 04:10,,0
5404,08/09/2020 04:15,,0
5405,08/09/2020 04:20,,0
5406,08/09/2020 04:25,,0
5407,08/09/2020 04:30,14.517,0
5408,08/09/2020 04:35,,0
5409,08/09/2020 04:40,,0
5410,08/09/2020 04:45,,0
5411,08/09/2020 04:50,,0
5412,08/09/2020 04:55,,0
5413,08/09/2020 05:00,14.9,0
5414,08/09/2020 05:05,,0
5415,08/09/2020 05:10,,0
5416,08/09/2020 05:15,,0
5417,08/09/2020 05:20,,0
5418,08/09/2020 05:25,,0
5419,08/09/2020 05:30,15.473,0
5420,08/09/2020 05:35,,0
5421,08/09/2020 05:40,,0
5422,08/09/2020 05:45,,0
5423,08/09/2020 05:50,,0
5424,08/09/2020 05:55,,0
5425,08/09/2020 06:00,16.523,0
5426,08/09/2020 06:05,,0
5427,08/09/2020 06:10,,0
5428,08/09/2020 06:15,,0
5429,08/09/2020 06:20,,0
5430,08/09/2020 06:25,,0
5431,08/09/2020 06:30,17.76,0
5432,08/09/2020 06:35,,0
5433,08/09/2020 06:40,,0
5434,08/09/2020 06:45,,0
5435,08/09/2020 06:50,,0
5436,08/09/2020 06:55,,0
5437,08/09/2020 07:00,19.472,0
5438,08/09/2020 07:05,,0
5439,08/09/2020 07:10,,0
5440,08/09/2020 07:15,,0
5441,08/09/2020 07:20,,0
5442,08/09/2020 07:25,,0
5443,08/09/2020 07:30,20.901,0
5444,08/09/2020 07:35,,0
5445,08/09/2020 07:40,,0
5446,08/09/2020 07:45,,0
5447,08/09/2020 07:50,,0
5448,08/09/2020 07:55,,0
5449,08/09/2020 08:00,21.855,0
5450,08/09/2020 08:05,,0
5451,08/09/2020 08:10,,0
5452,08/09/2020 08:15,,0
5453,08/09/2020 08:20,,0
5454,08/09/2020 08:25,,0
5455,08/09/2020 08:30,22.429,0
5456,08/09/2020 08:35,,0
5457,08/09/2020 08:40,,0
5458,08/09/2020 08:45,,0
5459,08/09/2020 08:50,,0
5460,08/09/2020 08:55,,0
5461,08/09/2020 09:00,24.158,0
5462,08/09/2020 09:05,,0
5463,08/09/2020 09:10,,0
5464,08/09/2020 09:15,,0
5465,08/09/2020 09:20,,0
5466,08/09/2020 09:25,,0
5467,08/09/2020 09:30,25.805,0
5468,08/09/2020 09:35,,0
5469,08/09/2020 09:40,,0
5470,08/09/2020 09:45,,0
5471,08/09/2020 09:50,,0
5472,08/09/2020 09:55,,0
5473,08/09/2020 10:00,26.781,0
5474,08/09/2020 10:05,,0
5475,08/09/2020 10:10,,0
5476,08/09/2020 10:15,,0
5477,08/09/2020 10:20,,0
5478,08/09/2020 10:25,,0
5479,08/09/2020 10:30,27.272,0
5480,08/09/2020 10:35,,0
5481,08/09/2020 10:40,,0
5482,08/09/2020 10:45,,0
5483,08/09/2020 10:50,,0
5484,08/09/2020 10:55,,0
5485,08/09/2020 11:00,28.456,0
5486,08/09/2020 11:05,,0
5487,08/09/2020 11:10,,0
5488,08/09/2020 11:15,,0
5489,08/09/2020 11:20,,0
5490,08/09/2020 11:25,,0
5491,08/09/2020 11:30,30.862,0
5492,08/09/2020 11:35,,0
5493,08/09/2020 11:40,,0
5494,08/09/2020 11:45,,0
5495,08/09/2020 11:50,,0
5496,08/09/2020 11:55,,0
5497,08/09/2020 12:00,32.497,0
5498,08/09/2020 12:05,,0
5499,08/09/2020 12:10,,0
5500,08/09/2020 12:15,,0
5501,08/09/2020 12:20,,0
5502,08/09/2020 12:25,,0
5503,08/09/2020 12:30,31.268,0
5504,08/09/2020 12:35,,0
5505,08/09/2020 12:40,,0
5506,08/09/2020 12:45,,0
5507,08/09/2020 12:50,,0
5508,08/09/2020 12:55,,0
5509,08/09/2020 13:00,30.963,0
5510,08/09/2020 13:05,,0
5511,08/09/2020 13:10,,0
5512,08/09/2020 13:15,,0
5513,08/09/2020 13:20,,0
5514,08/09/2020 13:25,,0
5515,08/09/2020 13:30,32.911,0
5516,08/09/2020 13:35,,0
5517,08/09/2020 13:40,,0
5518,08/09/2020 13:45,,0
5519,08/09/2020 13:50,,0
5520,08/09/2020 13:55,,0
5521,08/09/2020 14:00,35.435,0
5522,08/09/2020 14:05,,0
5523,08/09/2020 14:10,,0
5524,08/09/2020 14:15,,0
5525,08/09/2020 14:20,,0
5526,08/09/2020 14:25,,0
5527,08/09/2020 14:30,35.222,0
5528,08/09/2020 14:35,,0
5529,08/09/2020 14:40,,0
5530,08/09/2020 14:45,,0
5531,08/09/2020 14:50,,0
5532,08/09/2020 14:55,,0
5533,08/09/2020 15:00,35.222,0
5534,08/09/2020 15:05,,0
5535,08/09/2020 15:10,,0
5536,08/09/2020 15:15,,0
5537,08/09/2020 15:20,,0
5538,08/09/2020 15:25,,0
5539,08/09/2020 15:30,35.542,0
5540,08/09/2020 15:35,,0
5541,08/09/2020 15:40,,0
5542,08/09/2020 15:45,,0
5543,08/09/2020 15:50,,0
5544,08/09/2020 15:55,,0
5545,08/09/2020 16:00,32.394,0
5546,08/09/2020 16:05,,0
5547,08/09/2020 16:10,,0
5548,08/09/2020 16:15,,0
5549,08/09/2020 16:20,,0
5550,08/09/2020 16:25,,0
5551,08/09/2020 16:30,27.961,0
5552,08/09/2020 16:35,,0
5553,08/09/2020 16:40,,0
5554,08/09/2020 16:45,,0
5555,08/09/2020 16:50,,0
5556,08/09/2020 16:55,,0
5557,08/09/2020 17:00,26.292,0
5558,08/09/2020 17:05,,0
5559,08/09/2020 17:10,,0
5560,08/09/2020 17:15,,0
5561,08/09/2020 17:20,,0
5562,08/09/2020 17:25,,0
5563,08/09/2020 17:30,24.931,0
5564,08/09/2020 17:35,,0
5565,08/09/2020 17:40,,0
5566,08/09/2020 17:45,,0
5567,08/09/2020 17:50,,0
5568,08/09/2020 17:55,,0
5569,08/09/2020 18:00,23.388,0
5570,08/09/2020 18:05,,0
5571,08/09/2020 18:10,,0
5572,08/09/2020 18:15,,0
5573,08/09/2020 18:20,,0
5574,08/09/2020 18:25,,0
5575,08/09/2020 18:30,21.282,0
5576,08/09/2020 18:35,,0
5577,08/09/2020 18:40,,0
5578,08/09/2020 18:45,,0
5579,08/09/2020 18:50,,0
5580,08/09/2020 18:55,,0
5581,08/09/2020 19:00,18.901,0
5582,08/09/2020 19:05,,0
5583,08/09/2020 19:10,,0
5584,08/09/2020 19:15,,0
5585,08/09/2020 19:20,,0
5586,08/09/2020 19:25,,0
5587,08/09/2020 19:30,17.57,0
5588,08/09/2020 19:35,,0
5589,08/09/2020 19:40,,0
5590,08/09/2020 19:45,,0
5591,08/09/2020 19:50,,0
5592,08/09/2020 19:55,,0
5593,08/09/2020 20:00,17.284,0
5594,08/09/2020 20:05,,0
5595,08/09/2020 20:10,,0
5596,08/09/2020 20:15,,0
5597,08/09/2020 20:20,,0
5598,08/09/2020 20:25,,0
5599,08/09/2020 20:30,17.189,0
5600,08/09/2020 20:35,,0
5601,08/09/2020 20:40,,0
5602,08/09/2020 20:45,,0
5603,08/09/2020 20:50,,0
5604,08/09/2020 20:55,,0
5605,08/09/2020 21:00,16.903,0
5606,08/09/2020 21:05,,0
5607,08/09/2020 21:10,,0
5608,08/09/2020 21:15,,0
5609,08/09/2020 21:20,,0
5610,08/09/2020 21:25,,0
5611,08/09/2020 21:30,16.808,0
5612,08/09/2020 21:35,,0
5613,08/09/2020 21:40,,0
5614,08/09/2020 21:45,,0
5615,08/09/2020 21:50,,0
5616,08/09/2020 21:55,,0
5617,08/09/2020 22:00,16.523,0
5618,08/09/2020 22:05,,0
5619,08/09/2020 22:10,,0
5620,08/09/2020 22:15,,0
5621,08/09/2020 22:20,,0
5622,08/09/2020 22:25,,0
5623,08/09/2020 22:30,16.141,0
5624,08/09/2020 22:35,,0
5625,08/09/2020 22:40,,0
5626,08/09/2020 22:45,,0
5627,08/09/2020 22:50,,0
5628,08/09/2020 22:55,,0
5629,08/09/2020 23:00,15.76,0
5630,08/09/2020 23:05,,0
5631,08/09/2020 23:10,,0
5632,08/09/2020 23:15,,0
5633,08/09/2020 23:20,,0
5634,08/09/2020 23:25,,0
5635,08/09/2020 23:30,15.664,0
5636,08/09/2020 23:35,,0
5637,08/09/2020 23:40,,0
5638,08/09/2020 23:45,,0
5639,08/09/2020 23:50,,0
5640,08/09/2020 23:55,,0
5641,08/10/2020 00:00,15.473,0
5642,08/10/2020 00:05,,0
5643,08/10/2020 00:10,,0
5644,08/10/2020 00:15,,0
5645,08/10/2020 00:20,,0
5646,08/10/2020 00:25,,0
5647,08/10/2020 00:30,15.378,0
5648,08/10/2020 00:35,,0
5649,08/10/2020 00:40,,0
5650,08/10/2020 00:45,,0
5651,08/10/2020 00:50,,0
5652,08/10/2020 00:55,,0
5653,08/10/2020 01:00,15.378,0
5654,08/10/2020 01:05,,0
5655,08/10/2020 01:10,,0
5656,08/10/2020 01:15,,0
5657,08/10/2020 01:20,,0
5658,08/10/2020 01:25,,0
5659,08/10/2020 01:30,15.282,0
5660,08/10/2020 01:35,,0
5661,08/10/2020 01:40,,0
5662,08/10/2020 01:45,,0
5663,08/10/2020 01:50,,0
5664,08/10/2020 01:55,,0
5665,08/10/2020 02:00,15.091,0
5666,08/10/2020 02:05,,0
5667,08/10/2020 02:10,,0
5668,08/10/2020 02:15,,0
5669,08/10/2020 02:20,,0
5670,08/10/2020 02:25,,0
5671,08/10/2020 02:30,14.996,0
5672,08/10/2020 02:35,,0
5673,08/10/2020 02:40,,0
5674,08/10/2020 02:45,,0
5675,08/10/2020 02:50,,0
5676,08/10/2020 02:55,,0
5677,08/10/2020 03:00,14.804,0
5678,08/10/2020 03:05,,0
5679,08/10/2020 03:10,,0
5680,08/10/2020 03:15,,0
5681,08/10/2020 03:20,,0
5682,08/10/2020 03:25,,0
5683,08/10/2020 03:30,14.709,0
5684,08/10/2020 03:35,,0
5685,08/10/2020 03:40,,0
5686,08/10/2020 03:45,,0
5687,08/10/2020 03:50,,0
5688,08/10/2020 03:55,,0
5689,08/10/2020 04:00,14.709,0
5690,08/10/2020 04:05,,0
5691,08/10/2020 04:10,,0
5692,08/10/2020 04:15,,0
5693,08/10/2020 04:20,,0
5694,08/10/2020 04:25,,0
5695,08/10/2020 04:30,14.804,0
5696,08/10/2020 04:35,,0
5697,08/10/2020 04:40,,0
5698,08/10/2020 04:45,,0
5699,08/10/2020 04:50,,0
5700,08/10/2020 04:55,,0
5701,08/10/2020 05:00,14.804,0
5702,08/10/2020 05:05,,0
5703,08/10/2020 05:10,,0
5704,08/10/2020 05:15,,0
5705,08/10/2020 05:20,,0
5706,08/10/2020 05:25,,0
5707,08/10/2020 05:30,15.282,0
5708,08/10/2020 05:35,,0
5709,08/10/2020 05:40,,0
5710,08/10/2020 05:45,,0
5711,08/10/2020 05:50,,0
5712,08/10/2020 05:55,,0
5713,08/10/2020 06:00,16.237,0
5714,08/10/2020 06:05,,0
5715,08/10/2020 06:10,,0
5716,08/10/2020 06:15,,0
5717,08/10/2020 06:20,,0
5718,08/10/2020 06:25,,0
5719,08/10/2020 06:30,17.57,0
5720,08/10/2020 06:35,,0
5721,08/10/2020 06:40,,0
5722,08/10/2020 06:45,,0
5723,08/10/2020 06:50,,0
5724,08/10/2020 06:55,,0
5725,08/10/2020 07:00,18.806,0
5726,08/10/2020 07:05,,0
5727,08/10/2020 07:10,,0
5728,08/10/2020 07:15,,0
5729,08/10/2020 07:20,,0
5730,08/10/2020 07:25,,0
5731,08/10/2020 07:30,19.758,0
5732,08/10/2020 07:35,,0
5733,08/10/2020 07:40,,0
5734,08/10/2020 07:45,,0
5735,08/10/2020 07:50,,0
5736,08/10/2020 07:55,,0
5737,08/10/2020 08:00,20.805,0
5738,08/10/2020 08:05,,0
5739,08/10/2020 08:10,,0
5740,08/10/2020 08:15,,0
5741,08/10/2020 08:20,,0
5742,08/10/2020 08:25,,0
5743,08/10/2020 08:30,22.142,0
5744,08/10/2020 08:35,,0
5745,08/10/2020 08:40,,0
5746,08/10/2020 08:45,,0
5747,08/10/2020 08:50,,0
5748,08/10/2020 08:55,,0
5749,08/10/2020 09:00,23.677,0
5750,08/10/2020 09:05,,0
5751,08/10/2020 09:10,,0
5752,08/10/2020 09:15,,0
5753,08/10/2020 09:20,,0
5754,08/10/2020 09:25,,0
5755,08/10/2020 09:30,25.708,0
5756,08/10/2020 09:35,,0
5757,08/10/2020 09:40,,0
5758,08/10/2020 09:45,,0
5759,08/10/2020 09:50,,0
5760,08/10/2020 09:55,,0
5761,08/10/2020 10:00,25.513,0
5762,08/10/2020 10:05,,0
5763,08/10/2020 10:10,,0
5764,08/10/2020 10:15,,0
5765,08/10/2020 10:20,,0
5766,08/10/2020 10:25,,0
5767,08/10/2020 10:30,26.879,0
5768,08/10/2020 10:35,,0
5769,08/10/2020 10:40,,0
5770,08/10/2020 10:45,,0
5771,08/10/2020 10:50,,0
5772,08/10/2020 10:55,,0
5773,08/10/2020 11:00,28.06,0
5774,08/10/2020 11:05,,0
5775,08/10/2020 11:10,,0
5776,08/10/2020 11:15,,0
5777,08/10/2020 11:20,,0
5778,08/10/2020 11:25,,0
5779,08/10/2020 11:30,28.853,0
5780,08/10/2020 11:35,,0
5781,08/10/2020 11:40,,0
5782,08/10/2020 11:45,,0
5783,08/10/2020 11:50,,0
5784,08/10/2020 11:55,,0
5785,08/10/2020 12:00,31.778,0
5786,08/10/2020 12:05,,0
5787,08/10/2020 12:10,,0
5788,08/10/2020 12:15,,0
5789,08/10/2020 12:20,,0
5790,08/10/2020 12:25,,0
5791,08/10/2020 12:30,32.497,0
5792,08/10/2020 12:35,,0
5793,08/10/2020 12:40,,0
5794,08/10/2020 12:45,,0
5795,08/10/2020 12:50,,0
5796,08/10/2020 12:55,,0
5797,08/10/2020 13:00,34.058,0
5798,08/10/2020 13:05,,0
5799,08/10/2020 13:10,,0
5800,08/10/2020 13:15,,0
5801,08/10/2020 13:20,,0
5802,08/10/2020 13:25,,0
5803,08/10/2020 13:30,34.479,0
5804,08/10/2020 13:35,,0
5805,08/10/2020 13:40,,0
5806,08/10/2020 13:45,,0
5807,08/10/2020 13:50,,0
5808,08/10/2020 13:55,,0
5809,08/10/2020 14:00,34.479,0
5810,08/10/2020 14:05,,0
5811,08/10/2020 14:10,,0
5812,08/10/2020 14:15,,0
5813,08/10/2020 14:20,,0
5814,08/10/2020 14:25,,0
5815,08/10/2020 14:30,35.864,0
5816,08/10/2020 14:35,,0
5817,08/10/2020 14:40,,0
5818,08/10/2020 14:45,,0
5819,08/10/2020 14:50,,0
5820,08/10/2020 14:55,,0
5821,08/10/2020 15:00,35.756,0
5822,08/10/2020 15:05,,0
5823,08/10/2020 15:10,,0
5824,08/10/2020 15:15,,0
5825,08/10/2020 15:20,,0
5826,08/10/2020 15:25,,0
5827,08/10/2020 15:30,35.864,0
5828,08/10/2020 15:35,,0
5829,08/10/2020 15:40,,0
5830,08/10/2020 15:45,,0
5831,08/10/2020 15:50,,0
5832,08/10/2020 15:55,,0
5833,08/10/2020 16:00,32.188,0
5834,08/10/2020 16:05,,0
5835,08/10/2020 16:10,,0
5836,08/10/2020 16:15,,0
5837,08/10/2020 16:20,,0
5838,08/10/2020 16:25,,0
5839,08/10/2020 16:30,28.953,0
5840,08/10/2020 16:35,,0
5841,08/10/2020 16:40,,0
5842,08/10/2020 16:45,,0
5843,08/10/2020 16:50,,0
5844,08/10/2020 16:55,,0
5845,08/10/2020 17:00,27.173,0
5846,08/10/2020 17:05,,0
5847,08/10/2020 17:10,,0
5848,08/10/2020 17:15,,0
5849,08/10/2020 17:20,,0
5850,08/10/2020 17:25,,0
5851,08/10/2020 17:30,26,0
5852,08/10/2020 17:35,,0
5853,08/10/2020 17:40,,0
5854,08/10/2020 17:45,,0
5855,08/10/2020 17:50,,0
5856,08/10/2020 17:55,,0
5857,08/10/2020 18:00,23.677,0
5858,08/10/2020 18:05,,0
5859,08/10/2020 18:10,,0
5860,08/10/2020 18:15,,0
5861,08/10/2020 18:20,,0
5862,08/10/2020 18:25,,0
5863,08/10/2020 18:30,21.664,0
5864,08/10/2020 18:35,,0
5865,08/10/2020 18:40,,0
5866,08/10/2020 18:45,,0
5867,08/10/2020 18:50,,0
5868,08/10/2020 18:55,,0
5869,08/10/2020 19:00,20.424,0
5870,08/10/2020 19:05,,0
5871,08/10/2020 19:10,,0
5872,08/10/2020 19:15,,0
5873,08/10/2020 19:20,,0
5874,08/10/2020 19:25,,0
5875,08/10/2020 19:30,19.377,0
5876,08/10/2020 19:35,,0
5877,08/10/2020 19:40,,0
5878,08/10/2020 19:45,,0
5879,08/10/2020 19:50,,0
5880,08/10/2020 19:55,,0
5881,08/10/2020 20:00,18.806,0
5882,08/10/2020 20:05,,0
5883,08/10/2020 20:10,,0
5884,08/10/2020 20:15,,0
5885,08/10/2020 20:20,,0
5886,08/10/2020 20:25,,0
5887,08/10/2020 20:30,18.711,0
5888,08/10/2020 20:35,,0
5889,08/10/2020 20:40,,0
5890,08/10/2020 20:45,,0
5891,08/10/2020 20:50,,0
5892,08/10/2020 20:55,,0
5893,08/10/2020 21:00,17.95,0
5894,08/10/2020 21:05,,0
5895,08/10/2020 21:10,,0
5896,08/10/2020 21:15,,0
5897,08/10/2020 21:20,,0
5898,08/10/2020 21:25,,0
5899,08/10/2020 21:30,17.475,0
5900,08/10/2020 21:35,,0
5901,08/10/2020 21:40,,0
5902,08/10/2020 21:45,,0
5903,08/10/2020 21:50,,0
5904,08/10/2020 21:55,,0
5905,08/10/2020 22:00,17.379,0
5906,08/10/2020 22:05,,0
5907,08/10/2020 22:10,,0
5908,08/10/2020 22:15,,0
5909,08/10/2020 22:20,,0
5910,08/10/2020 22:25,,0
5911,08/10/2020 22:30,17.379,0
5912,08/10/2020 22:35,,0
5913,08/10/2020 22:40,,0
5914,08/10/2020 22:45,,0
5915,08/10/2020 22:50,,0
5916,08/10/2020 22:55,,0
5917,08/10/2020 23:00,18.331,0
5918,08/10/2020 23:05,,0
5919,08/10/2020 23:10,,0
5920,08/10/2020 23:15,,0
5921,08/10/2020 23:20,,0
5922,08/10/2020 23:25,,0
5923,08/10/2020 23:30,19.282,0
5924,08/10/2020 23:35,,0
5925,08/10/2020 23:40,,0
5926,08/10/2020 23:45,,0
5927,08/10/2020 23:50,,0
5928,08/10/2020 23:55,,0
5929,08/11/2020 00:00,20.138,0
5930,08/11/2020 00:05,,0
5931,08/11/2020 00:10,,0
5932,08/11/2020 00:15,,0
5933,08/11/2020 00:20,,0
5934,08/11/2020 00:25,,0
5935,08/11/2020 00:30,20.329,0
5936,08/11/2020 00:35,,0
5937,08/11/2020 00:40,,0
5938,08/11/2020 00:45,,0
5939,08/11/2020 00:50,,0
5940,08/11/2020 00:55,,0
5941,08/11/2020 01:00,20.71,0
5942,08/11/2020 01:05,,0
5943,08/11/2020 01:10,,0
5944,08/11/2020 01:15,,0
5945,08/11/2020 01:20,,0
5946,08/11/2020 01:25,,0
5947,08/11/2020 01:30,20.71,0
5948,08/11/2020 01:35,,0
5949,08/11/2020 01:40,,0
5950,08/11/2020 01:45,,0
5951,08/11/2020 01:50,,0
5952,08/11/2020 01:55,,0
5953,08/11/2020 02:00,20.615,0
5954,08/11/2020 02:05,,0
5955,08/11/2020 02:10,,0
5956,08/11/2020 02:15,,0
5957,08/11/2020 02:20,,0
5958,08/11/2020 02:25,,0
5959,08/11/2020 02:30,20.615,0
5960,08/11/2020 02:35,,0
5961,08/11/2020 02:40,,0
5962,08/11/2020 02:45,,0
5963,08/11/2020 02:50,,0
5964,08/11/2020 02:55,,0
5965,08/11/2020 03:00,19.948,0
5966,08/11/2020 03:05,,0
5967,08/11/2020 03:10,,0
5968,08/11/2020 03:15,,0
5969,08/11/2020 03:20,,0
5970,08/11/2020 03:25,,0
5971,08/11/2020 03:30,20.329,0
5972,08/11/2020 03:35,,0
5973,08/11/2020 03:40,,0
5974,08/11/2020 03:45,,0
5975,08/11/2020 03:50,,0
5976,08/11/2020 03:55,,0
5977,08/11/2020 04:00,19.948,0
5978,08/11/2020 04:05,,0
5979,08/11/2020 04:10,,0
5980,08/11/2020 04:15,,0
5981,08/11/2020 04:20,,0
5982,08/11/2020 04:25,,0
5983,08/11/2020 04:30,19.282,0
5984,08/11/2020 04:35,,0
5985,08/11/2020 04:40,,0
5986,08/11/2020 04:45,,0
5987,08/11/2020 04:50,,0
5988,08/11/2020 04:55,,0
5989,08/11/2020 05:00,19.187,0
5990,08/11/2020 05:05,,0
5991,08/11/2020 05:10,,0
5992,08/11/2020 05:15,,0
5993,08/11/2020 05:20,,0
5994,08/11/2020 05:25,,0
5995,08/11/2020 05:30,18.521,0
5996,08/11/2020 05:35,,0
5997,08/11/2020 05:40,,0
5998,08/11/2020 05:45,,0
5999,08/11/2020 05:50,,0
6000,08/11/2020 05:55,,0
6001,08/11/2020 06:00,18.901,0
6002,08/11/2020 06:05,,0
6003,08/11/2020 06:10,,0
6004,08/11/2020 06:15,,0
6005,08/11/2020 06:20,,0
6006,08/11/2020 06:25,,0
6007,08/11/2020 06:30,19.567,0
6008,08/11/2020 06:35,,0
6009,08/11/2020 06:40,,0
6010,08/11/2020 06:45,,0
6011,08/11/2020 06:50,,0
6012,08/11/2020 06:55,,0
6013,08/11/2020 07:00,20.329,0
6014,08/11/2020 07:05,,0
6015,08/11/2020 07:10,,0
6016,08/11/2020 07:15,,0
6017,08/11/2020 07:20,,0
6018,08/11/2020 07:25,,0
6019,08/11/2020 07:30,21.091,0
6020,08/11/2020 07:35,,0
6021,08/11/2020 07:40,,0
6022,08/11/2020 07:45,,0
6023,08/11/2020 07:50,,0
6024,08/11/2020 07:55,,0
6025,08/11/2020 08:00,21.664,0
6026,08/11/2020 08:05,,0
6027,08/11/2020 08:10,,0
6028,08/11/2020 08:15,,0
6029,08/11/2020 08:20,,0
6030,08/11/2020 08:25,,0
6031,08/11/2020 08:30,22.621,0
6032,08/11/2020 08:35,,0
6033,08/11/2020 08:40,,0
6034,08/11/2020 08:45,,0
6035,08/11/2020 08:50,,0
6036,08/11/2020 08:55,,0
6037,08/11/2020 09:00,23.966,0
6038,08/11/2020 09:05,,0
6039,08/11/2020 09:10,,0
6040,08/11/2020 09:15,,0
6041,08/11/2020 09:20,,0
6042,08/11/2020 09:25,,0
6043,08/11/2020 09:30,25.902,0
6044,08/11/2020 09:35,,0
6045,08/11/2020 09:40,,0
6046,08/11/2020 09:45,,0
6047,08/11/2020 09:50,,0
6048,08/11/2020 09:55,,0
6049,08/11/2020 10:00,26.879,0
6050,08/11/2020 10:05,,0
6051,08/11/2020 10:10,,0
6052,08/11/2020 10:15,,0
6053,08/11/2020 10:20,,0
6054,08/11/2020 10:25,,0
6055,08/11/2020 10:30,27.173,0
6056,08/11/2020 10:35,,0
6057,08/11/2020 10:40,,0
6058,08/11/2020 10:45,,0
6059,08/11/2020 10:50,,0
6060,08/11/2020 10:55,,0
6061,08/11/2020 11:00,27.272,0
6062,08/11/2020 11:05,,0
6063,08/11/2020 11:10,,0
6064,08/11/2020 11:15,,0
6065,08/11/2020 11:20,,0
6066,08/11/2020 11:25,,0
6067,08/11/2020 11:30,28.456,0
6068,08/11/2020 11:35,,0
6069,08/11/2020 11:40,,0
6070,08/11/2020 11:45,,0
6071,08/11/2020 11:50,,0
6072,08/11/2020 11:55,,0
6073,08/11/2020 12:00,26.977,0
6074,08/11/2020 12:05,,0
6075,08/11/2020 12:10,,0
6076,08/11/2020 12:15,,0
6077,08/11/2020 12:20,,0
6078,08/11/2020 12:25,,0
6079,08/11/2020 12:30,32.086,0
6080,08/11/2020 12:35,,0
6081,08/11/2020 12:40,,0
6082,08/11/2020 12:45,,0
6083,08/11/2020 12:50,,0
6084,08/11/2020 12:55,,0
6085,08/11/2020 13:00,32.911,0
6086,08/11/2020 13:05,,0
6087,08/11/2020 13:10,,0
6088,08/11/2020 13:15,,0
6089,08/11/2020 13:20,,0
6090,08/11/2020 13:25,,0
6091,08/11/2020 13:30,30.054,0
6092,08/11/2020 13:35,,0
6093,08/11/2020 13:40,,0
6094,08/11/2020 13:45,,0
6095,08/11/2020 13:50,,0
6096,08/11/2020 13:55,,0
6097,08/11/2020 14:00,28.853,0
6098,08/11/2020 14:05,,0
6099,08/11/2020 14:10,,0
6100,08/11/2020 14:15,,0
6101,08/11/2020 14:20,,0
6102,08/11/2020 14:25,,0
6103,08/11/2020 14:30,29.352,0
6104,08/11/2020 14:35,,0
6105,08/11/2020 14:40,,0
6106,08/11/2020 14:45,,0
6107,08/11/2020 14:50,,0
6108,08/11/2020 14:55,,0
6109,08/11/2020 15:00,29.853,0
6110,08/11/2020 15:05,,0
6111,08/11/2020 15:10,,0
6112,08/11/2020 15:15,,0
6113,08/11/2020 15:20,,0
6114,08/11/2020 15:25,,0
6115,08/11/2020 15:30,27.272,0
6116,08/11/2020 15:35,,0
6117,08/11/2020 15:40,,0
6118,08/11/2020 15:45,,0
6119,08/11/2020 15:50,,0
6120,08/11/2020 15:55,,0
6121,08/11/2020 16:00,26.39,0
6122,08/11/2020 16:05,,0
6123,08/11/2020 16:10,,0
6124,08/11/2020 16:15,,0
6125,08/11/2020 16:20,,0
6126,08/11/2020 16:25,,0
6127,08/11/2020 16:30,26.292,0
6128,08/11/2020 16:35,,0
6129,08/11/2020 16:40,,0
6130,08/11/2020 16:45,,0
6131,08/11/2020 16:50,,0
6132,08/11/2020 16:55,,0
6133,08/11/2020 17:00,24.931,0
6134,08/11/2020 17:05,,0
6135,08/11/2020 17:10,,0
6136,08/11/2020 17:15,,0
6137,08/11/2020 17:20,,0
6138,08/11/2020 17:25,,0
6139,08/11/2020 17:30,24.062,0
6140,08/11/2020 17:35,,0
6141,08/11/2020 17:40,,0
6142,08/11/2020 17:45,,0
6143,08/11/2020 17:50,,0
6144,08/11/2020 17:55,,0
6145,08/11/2020 18:00,23.004,0
6146,08/11/2020 18:05,,0
6147,08/11/2020 18:10,,0
6148,08/11/2020 18:15,,0
6149,08/11/2020 18:20,,0
6150,08/11/2020 18:25,,0
6151,08/11/2020 18:30,21.091,0
6152,08/11/2020 18:35,,0
6153,08/11/2020 18:40,,0
6154,08/11/2020 18:45,,0
6155,08/11/2020 18:50,,0
6156,08/11/2020 18:55,,0
6157,08/11/2020 19:00,19.567,0
6158,08/11/2020 19:05,,0
6159,08/11/2020 19:10,,0
6160,08/11/2020 19:15,,0
6161,08/11/2020 19:20,,0
6162,08/11/2020 19:25,,0
6163,08/11/2020 19:30,18.806,0
6164,08/11/2020 19:35,,0
6165,08/11/2020 19:40,,0
6166,08/11/2020 19:45,,0
6167,08/11/2020 19:50,,0
6168,08/11/2020 19:55,,0
6169,08/11/2020 20:00,18.806,0
6170,08/11/2020 20:05,,0
6171,08/11/2020 20:10,,0
6172,08/11/2020 20:15,,0
6173,08/11/2020 20:20,,0
6174,08/11/2020 20:25,,0
6175,08/11/2020 20:30,18.616,0
6176,08/11/2020 20:35,,0
6177,08/11/2020 20:40,,0
6178,08/11/2020 20:45,,0
6179,08/11/2020 20:50,,0
6180,08/11/2020 20:55,,0
6181,08/11/2020 21:00,18.236,0
6182,08/11/2020 21:05,,0
6183,08/11/2020 21:10,,0
6184,08/11/2020 21:15,,0
6185,08/11/2020 21:20,,0
6186,08/11/2020 21:25,,0
6187,08/11/2020 21:30,17.475,0
6188,08/11/2020 21:35,,0
6189,08/11/2020 21:40,,0
6190,08/11/2020 21:45,,0
6191,08/11/2020 21:50,,0
6192,08/11/2020 21:55,,0
6193,08/11/2020 22:00,17.094,0
6194,08/11/2020 22:05,,0
6195,08/11/2020 22:10,,0
6196,08/11/2020 22:15,,0
6197,08/11/2020 22:20,,0
6198,08/11/2020 22:25,,0
6199,08/11/2020 22:30,16.903,0
6200,08/11/2020 22:35,,0
6201,08/11/2020 22:40,,0
6202,08/11/2020 22:45,,0
6203,08/11/2020 22:50,,0
6204,08/11/2020 22:55,,0
6205,08/11/2020 23:00,16.523,0
6206,08/11/2020 23:05,,0
6207,08/11/2020 23:10,,0
6208,08/11/2020 23:15,,0
6209,08/11/2020 23:20,,0
6210,08/11/2020 23:25,,0
6211,08/11/2020 23:30,16.713,0
6212,08/11/2020 23:35,,0
6213,08/11/2020 23:40,,0
6214,08/11/2020 23:45,,0
6215,08/11/2020 23:50,,0
6216,08/11/2020 23:55,,0
6217,08/12/2020 00:00,16.808,0
6218,08/12/2020 00:05,,0
6219,08/12/2020 00:10,,0
6220,08/12/2020 00:15,,0
6221,08/12/2020 00:20,,0
6222,08/12/2020 00:25,,0
6223,08/12/2020 00:30,16.332,0
6224,08/12/2020 00:35,,0
6225,08/12/2020 00:40,,0
6226,08/12/2020 00:45,,0
6227,08/12/2020 00:50,,0
6228,08/12/2020 00:55,,0
6229,08/12/2020 01:00,15.951,0
6230,08/12/2020 01:05,,0
6231,08/12/2020 01:10,,0
6232,08/12/2020 01:15,,0
6233,08/12/2020 01:20,,0
6234,08/12/2020 01:25,,0
6235,08/12/2020 01:30,15.76,0
6236,08/12/2020 01:35,,0
6237,08/12/2020 01:40,,0
6238,08/12/2020 01:45,,0
6239,08/12/2020 01:50,,0
6240,08/12/2020 01:55,,0
6241,08/12/2020 02:00,15.855,0
6242,08/12/2020 02:05,,0
6243,08/12/2020 02:10,,0
6244,08/12/2020 02:15,,0
6245,08/12/2020 02:20,,0
6246,08/12/2020 02:25,,0
6247,08/12/2020 02:30,17.284,0
6248,08/12/2020 02:35,,0
6249,08/12/2020 02:40,,0
6250,08/12/2020 02:45,,0
6251,08/12/2020 02:50,,0
6252,08/12/2020 02:55,,0
6253,08/12/2020 03:00,18.711,0
6254,08/12/2020 03:05,,0
6255,08/12/2020 03:10,,0
6256,08/12/2020 03:15,,0
6257,08/12/2020 03:20,,0
6258,08/12/2020 03:25,,0
6259,08/12/2020 03:30,18.901,0
6260,08/12/2020 03:35,,0
6261,08/12/2020 03:40,,0
6262,08/12/2020 03:45,,0
6263,08/12/2020 03:50,,0
6264,08/12/2020 03:55,,0
6265,08/12/2020 04:00,19.282,0
6266,08/12/2020 04:05,,0
6267,08/12/2020 04:10,,0
6268,08/12/2020 04:15,,0
6269,08/12/2020 04:20,,0
6270,08/12/2020 04:25,,0
6271,08/12/2020 04:30,19.567,0
6272,08/12/2020 04:35,,0
6273,08/12/2020 04:40,,0
6274,08/12/2020 04:45,,0
6275,08/12/2020 04:50,,0
6276,08/12/2020 04:55,,0
6277,08/12/2020 05:00,19.948,0
6278,08/12/2020 05:05,,0
6279,08/12/2020 05:10,,0
6280,08/12/2020 05:15,,0
6281,08/12/2020 05:20,,0
6282,08/12/2020 05:25,,0
6283,08/12/2020 05:30,20.234,0
6284,08/12/2020 05:35,,0
6285,08/12/2020 05:40,,0
6286,08/12/2020 05:45,,0
6287,08/12/2020 05:50,,0
6288,08/12/2020 05:55,,0
6289,08/12/2020 06:00,20.424,0
6290,08/12/2020 06:05,,0
6291,08/12/2020 06:10,,0
6292,08/12/2020 06:15,,0
6293,08/12/2020 06:20,,0
6294,08/12/2020 06:25,,0
6295,08/12/2020 06:30,20.424,0
6296,08/12/2020 06:35,,0
6297,08/12/2020 06:40,,0
6298,08/12/2020 06:45,,0
6299,08/12/2020 06:50,,0
6300,08/12/2020 06:55,,0
6301,08/12/2020 07:00,20.996,0
6302,08/12/2020 07:05,,0
6303,08/12/2020 07:10,,0
6304,08/12/2020 07:15,,0
6305,08/12/2020 07:20,,0
6306,08/12/2020 07:25,,0
6307,08/12/2020 07:30,21.569,0
6308,08/12/2020 07:35,,0
6309,08/12/2020 07:40,,0
6310,08/12/2020 07:45,,0
6311,08/12/2020 07:50,,0
6312,08/12/2020 07:55,,0
6313,08/12/2020 08:00,22.621,0
6314,08/12/2020 08:05,,0
6315,08/12/2020 08:10,,0
6316,08/12/2020 08:15,,0
6317,08/12/2020 08:20,,0
6318,08/12/2020 08:25,,0
6319,08/12/2020 08:30,23.773,0
6320,08/12/2020 08:35,,0
6321,08/12/2020 08:40,,0
6322,08/12/2020 08:45,,0
6323,08/12/2020 08:50,,0
6324,08/12/2020 08:55,,0
6325,08/12/2020 09:00,24.931,0
6326,08/12/2020 09:05,,0
6327,08/12/2020 09:10,,0
6328,08/12/2020 09:15,,0
6329,08/12/2020 09:20,,0
6330,08/12/2020 09:25,,0
6331,08/12/2020 09:30,27.468,0
6332,08/12/2020 09:35,,0
6333,08/12/2020 09:40,,0
6334,08/12/2020 09:45,,0
6335,08/12/2020 09:50,,0
6336,08/12/2020 09:55,,0
6337,08/12/2020 10:00,27.764,0
6338,08/12/2020 10:05,,0
6339,08/12/2020 10:10,,0
6340,08/12/2020 10:15,,0
6341,08/12/2020 10:20,,0
6342,08/12/2020 10:25,,0
6343,08/12/2020 10:30,26.585,0
6344,08/12/2020 10:35,,0
6345,08/12/2020 10:40,,0
6346,08/12/2020 10:45,,0
6347,08/12/2020 10:50,,0
6348,08/12/2020 10:55,,0
6349,08/12/2020 11:00,27.961,0
6350,08/12/2020 11:05,,0
6351,08/12/2020 11:10,,0
6352,08/12/2020 11:15,,0
6353,08/12/2020 11:20,,0
6354,08/12/2020 11:25,,0
6355,08/12/2020 11:30,28.357,0
6356,08/12/2020 11:35,,0
6357,08/12/2020 11:40,,0
6358,08/12/2020 11:45,,0
6359,08/12/2020 11:50,,0
6360,08/12/2020 11:55,,0
6361,08/12/2020 12:00,31.472,0
6362,08/12/2020 12:05,,0
6363,08/12/2020 12:10,,0
6364,08/12/2020 12:15,,0
6365,08/12/2020 12:20,,0
6366,08/12/2020 12:25,,0
6367,08/12/2020 12:30,33.639,0
6368,08/12/2020 12:35,,0
6369,08/12/2020 12:40,,0
6370,08/12/2020 12:45,,0
6371,08/12/2020 12:50,,0
6372,08/12/2020 12:55,,0
6373,08/12/2020 13:00,32.394,0
6374,08/12/2020 13:05,,0
6375,08/12/2020 13:10,,0
6376,08/12/2020 13:15,,0
6377,08/12/2020 13:20,,1.6
6378,08/12/2020 13:25,,3
6379,08/12/2020 13:30,19.948,6
6380,08/12/2020 13:35,,4.4
6381,08/12/2020 13:40,,1.8
6382,08/12/2020 13:45,,0.6
6383,08/12/2020 13:50,,2.8
6384,08/12/2020 13:55,,5.4
6385,08/12/2020 14:00,15.091,2.8
6386,08/12/2020 14:05,,1.6
6387,08/12/2020 14:10,,2.2
6388,08/12/2020 14:15,,0.6
6389,08/12/2020 14:20,,0.2
6390,08/12/2020 14:25,,0.2
6391,08/12/2020 14:30,15.855,0
6392,08/12/2020 14:35,,0
6393,08/12/2020 14:40,,0
6394,08/12/2020 14:45,,0
6395,08/12/2020 14:50,,0
6396,08/12/2020 14:55,,0.2
6397,08/12/2020 15:00,16.141,0
6398,08/12/2020 15:05,,0
6399,08/12/2020 15:10,,0.2
6400,08/12/2020 15:15,,0
6401,08/12/2020 15:20,,0
6402,08/12/2020 15:25,,0
6403,08/12/2020 15:30,17.57,0
6404,08/12/2020 15:35,,0
6405,08/12/2020 15:40,,0
6406,08/12/2020 15:45,,0
6407,08/12/2020 15:50,,0
6408,08/12/2020 15:55,,0
6409,08/12/2020 16:00,18.616,0
6410,08/12/2020 16:05,,0
6411,08/12/2020 16:10,,0
6412,08/12/2020 16:15,,0
6413,08/12/2020 16:20,,0
6414,08/12/2020 16:25,,0
6415,08/12/2020 16:30,18.901,0
6416,08/12/2020 16:35,,0
6417,08/12/2020 16:40,,0
6418,08/12/2020 16:45,,0
6419,08/12/2020 16:50,,0
6420,08/12/2020 16:55,,0
6421,08/12/2020 17:00,19.948,0
6422,08/12/2020 17:05,,0
6423,08/12/2020 17:10,,0
6424,08/12/2020 17:15,,0
6425,08/12/2020 17:20,,0
6426,08/12/2020 17:25,,0
6427,08/12/2020 17:30,19.282,0
6428,08/12/2020 17:35,,0
6429,08/12/2020 17:40,,0
6430,08/12/2020 17:45,,0
6431,08/12/2020 17:50,,0
6432,08/12/2020 17:55,,0
6433,08/12/2020 18:00,18.806,0
6434,08/12/2020 18:05,,0
6435,08/12/2020 18:10,,0
6436,08/12/2020 18:15,,0
6437,08/12/2020 18:20,,0
6438,08/12/2020 18:25,,0
6439,08/12/2020 18:30,18.331,0
6440,08/12/2020 18:35,,0
6441,08/12/2020 18:40,,0
6442,08/12/2020 18:45,,0
6443,08/12/2020 18:50,,0
6444,08/12/2020 18:55,,0
6445,08/12/2020 19:00,17.475,0
6446,08/12/2020 19:05,,0
6447,08/12/2020 19:10,,0
6448,08/12/2020 19:15,,0
6449,08/12/2020 19:20,,0
6450,08/12/2020 19:25,,0
6451,08/12/2020 19:30,17.094,0
6452,08/12/2020 19:35,,0
6453,08/12/2020 19:40,,0
6454,08/12/2020 19:45,,0
6455,08/12/2020 19:50,,0
6456,08/12/2020 19:55,,0
6457,08/12/2020 20:00,17.189,0
6458,08/12/2020 20:05,,0
6459,08/12/2020 20:10,,0
6460,08/12/2020 20:15,,0
6461,08/12/2020 20:20,,0
6462,08/12/2020 20:25,,0
6463,08/12/2020 20:30,17.76,0
6464,08/12/2020 20:35,,0
6465,08/12/2020 20:40,,0
6466,08/12/2020 20:45,,0
6467,08/12/2020 20:50,,0
6468,08/12/2020 20:55,,0
6469,08/12/2020 21:00,18.236,0
6470,08/12/2020 21:05,,0
6471,08/12/2020 21:10,,0
6472,08/12/2020 21:15,,0
6473,08/12/2020 21:20,,0
6474,08/12/2020 21:25,,0
6475,08/12/2020 21:30,18.236,0
6476,08/12/2020 21:35,,0
6477,08/12/2020 21:40,,0
6478,08/12/2020 21:45,,0
6479,08/12/2020 21:50,,0
6480,08/12/2020 21:55,,0
6481,08/12/2020 22:00,18.426,0
6482,08/12/2020 22:05,,0
6483,08/12/2020 22:10,,0
6484,08/12/2020 22:15,,0
6485,08/12/2020 22:20,,0
6486,08/12/2020 22:25,,0
6487,08/12/2020 22:30,18.426,0
6488,08/12/2020 22:35,,0
6489,08/12/2020 22:40,,0
6490,08/12/2020 22:45,,0
6491,08/12/2020 22:50,,0
6492,08/12/2020 22:55,,0
6493,08/12/2020 23:00,18.331,0
6494,08/12/2020 23:05,,0
6495,08/12/2020 23:10,,0
6496,08/12/2020 23:15,,0
6497,08/12/2020 23:20,,0
6498,08/12/2020 23:25,,0
6499,08/12/2020 23:30,18.236,0
6500,08/12/2020 23:35,,0
6501,08/12/2020 23:40,,0
6502,08/12/2020 23:45,,0
6503,08/12/2020 23:50,,0
6504,08/12/2020 23:55,,0
